/*******************************************************************************
 * Size: 14 px
 * Bpp: 4
 * Opts: --font F:\Desktop\test\ai-passport\build\fontsrc\NotoSansSC-400.ttf --size 14 --bpp 4 --symbols  !"#$%&'()*+,-./0123456789:;<=>?@ABCDEFGHIJKLMNOPQRSTUVWXYZ[\]^_`abcdefghijklmnopqrstuvwxyz{|}~一上下与两中云京人仍代令份位使先入公共关冀写击切删前加动匙单友双发取可司吉后回在型填处备子字宁完定家少川已开态成我才打执择指按换改数新昵显晋有朋未本机条桂案档步母没沪津浙消清渝湘满牌状理琼甘用电的皖盖省确示称第简管箱绑能至苏蒙藏行解认请豫贵赣车辆输辽运返还进送选鄂重量钥锁键长闭闽陕除青鲁黑（） --format lvgl --lv-font-name tesla_font_14 --lv-include lvgl.h --output F:\Desktop\test\ai-passport\assets\fonts\tesla_font_14.c
 ******************************************************************************/

#ifdef LV_LVGL_H_INCLUDE_SIMPLE
#include "lvgl.h"
#else
#include "lvgl.h"
#endif

#ifndef TESLA_FONT_14
#define TESLA_FONT_14 1
#endif

#if TESLA_FONT_14

/*-----------------
 *    BITMAPS
 *----------------*/

/*Store the image of the glyphs*/
static LV_ATTRIBUTE_LARGE_CONST const uint8_t glyph_bitmap[] = {
    /* U+0020 " " */

    /* U+0021 "!" */
    0x6e, 0x3, 0x30, 0x6, 0x10, 0x8, 0x41, 0xc0,
    0x27, 0x2, 0xd0, 0x16, 0x7, 0xe1, 0x0, 0x80,

    /* U+0022 "\"" */
    0xb9, 0xf, 0x50, 0xe, 0x2e, 0x2, 0x61, 0x10,
    0x8, 0xa5, 0x83, 0x48,

    /* U+0023 "#" */
    0x0, 0x33, 0x1, 0xd4, 0x2, 0xe2, 0xe, 0x60,
    0x8, 0x9c, 0x8, 0x80, 0x3c, 0xbb, 0xc9, 0xe8,
    0x3c, 0x5d, 0xc2, 0xe4, 0x0, 0xe1, 0x0, 0xc2,
    0x4, 0xe0, 0x6, 0xe3, 0xec, 0x4e, 0x6, 0xa7,
    0xeb, 0x8e, 0x0, 0x17, 0x1, 0x10, 0x2, 0xe2,
    0xe, 0x60, 0x0,

    /* U+0024 "$" */
    0x0, 0xa1, 0x80, 0x34, 0xbc, 0xd0, 0x83, 0xa6,
    0x68, 0x20, 0x5d, 0x19, 0x52, 0x83, 0x60, 0x7,
    0x4a, 0x59, 0x0, 0x47, 0xa1, 0xb0, 0x1, 0x15,
    0xd3, 0xb0, 0x6, 0x57, 0xa0, 0xe, 0xf0, 0x7,
    0x39, 0x1d, 0x58, 0x55, 0xee, 0x23, 0x82, 0x63,
    0xcc, 0x80, 0x36, 0x28, 0x0,

    /* U+0025 "%" */
    0x6, 0xdd, 0x20, 0x4, 0xce, 0x1, 0x15, 0xef,
    0xc8, 0x5, 0x4e, 0x1, 0x22, 0x0, 0x80, 0x81,
    0xe8, 0x3, 0x8, 0x80, 0x2, 0x20, 0xb6, 0x0,
    0xc4, 0x20, 0x1, 0x27, 0xa3, 0xcc, 0x20, 0x23,
    0x89, 0x80, 0x2d, 0xbb, 0xaa, 0x1, 0xbc, 0xff,
    0x4c, 0x8d, 0x88, 0x8a, 0x80, 0xbb, 0x86, 0x8a,
    0xe2, 0x0, 0x21, 0x0, 0xd3, 0x20, 0x71, 0x0,
    0x10, 0x80, 0x42, 0x8a, 0x6, 0xa2, 0x25, 0x40,
    0xa, 0x20, 0x1, 0x56, 0x62, 0xc0,

    /* U+0026 "&" */
    0x0, 0x26, 0xf4, 0x0, 0x7a, 0xa7, 0x98, 0x80,
    0x31, 0xa, 0x0, 0x7c, 0x40, 0x30, 0x44, 0x0,
    0xe5, 0xf4, 0xd0, 0xe, 0x34, 0x1e, 0x10, 0x2e,
    0x1, 0xd9, 0x7e, 0x0, 0x52, 0x3, 0x9b, 0xc0,
    0x58, 0xb4, 0x80, 0x80, 0x5a, 0xfc, 0x86, 0xa,
    0x4e, 0x26, 0xe0, 0x8c, 0x5, 0x75, 0xd8, 0x7f,
    0x76, 0x10,

    /* U+0027 "'" */
    0xb9, 0x0, 0x17, 0x8, 0xa5, 0x80,

    /* U+0028 "(" */
    0x0, 0x40, 0x1, 0x48, 0x1, 0x3c, 0x4, 0x44,
    0x4, 0x40, 0x3, 0xc8, 0x0, 0x7c, 0x0, 0x13,
    0x0, 0x9, 0x80, 0xc, 0x40, 0x1f, 0xa0, 0x4,
    0x40, 0x0, 0x88, 0x60, 0x9, 0x90, 0x1, 0x4c,
    0x0,

    /* U+0029 ")" */
    0x26, 0x0, 0x14, 0x8, 0x1, 0x98, 0x0, 0xaa,
    0x0, 0x8, 0xc4, 0x0, 0x4a, 0x0, 0x62, 0x0,
    0x18, 0x4, 0x60, 0x10, 0x90, 0x1, 0x58, 0x8,
    0xc8, 0x15, 0x40, 0xa, 0x90, 0x2a, 0x10,

    /* U+002A "*" */
    0x0, 0x15, 0x0, 0x50, 0xae, 0xe4, 0xd, 0xa2,
    0xe5, 0x4, 0x35, 0x11, 0x1, 0xd5, 0x38, 0x0,

    /* U+002B "+" */
    0x0, 0x88, 0x40, 0x3d, 0xe, 0x1, 0xff, 0xc7,
    0x7f, 0xf2, 0xcf, 0xf8, 0xdf, 0xfc, 0xb3, 0xfe,
    0x30, 0xf, 0xfe, 0x20,

    /* U+002C "," */
    0x9, 0xa0, 0x2, 0xa8, 0x43, 0x4, 0x41, 0x2c,
    0x3, 0xd0, 0x0,

    /* U+002D "-" */
    0x5e, 0xe8, 0xd7, 0xfe, 0x30,

    /* U+002E "." */
    0xca, 0x0, 0x0,

    /* U+002F "/" */
    0x0, 0xd8, 0x40, 0x10, 0x88, 0x80, 0x27, 0x50,
    0xd, 0xb6, 0x1, 0x94, 0xc0, 0x24, 0x40, 0x6,
    0xdf, 0x0, 0xc8, 0x80, 0x8, 0xd8, 0x40, 0x24,
    0xc0, 0xd, 0x6a, 0x1, 0x8, 0x88, 0x2, 0x75,
    0x0, 0xdb, 0x60, 0x18,

    /* U+0030 "0" */
    0x0, 0x4f, 0xf3, 0x0, 0x4e, 0x9b, 0xa9, 0x40,
    0x4, 0xc1, 0x1b, 0xf8, 0x10, 0xa0, 0x3, 0x14,
    0x18, 0x4, 0x0, 0xc2, 0x1, 0xf8, 0x40, 0x3e,
    0x16, 0x1, 0x0, 0x30, 0x81, 0xa, 0x0, 0x31,
    0x40, 0x13, 0x4, 0x8f, 0xe0, 0x7, 0x4d, 0xa9,
    0x40,

    /* U+0031 "1" */
    0x16, 0xdc, 0x0, 0x16, 0x0, 0x63, 0xaa, 0x0,
    0x7f, 0xf6, 0xc4, 0x5e, 0x23, 0x6f, 0x39, 0x76,
    0x0,

    /* U+0032 "2" */
    0x5, 0xdf, 0xd5, 0x0, 0x1d, 0xc7, 0x5d, 0x18,
    0x1f, 0xa8, 0xb1, 0xd8, 0x0, 0x40, 0x27, 0x0,
    0xf9, 0x78, 0x3, 0x94, 0x58, 0x3, 0xd, 0xc8,
    0x7, 0x52, 0xb0, 0x6, 0xa6, 0xa0, 0xd, 0x49,
    0xe2, 0x1, 0x2a, 0x87, 0x7f, 0xe1,

    /* U+0033 "3" */
    0x4, 0xcf, 0xe7, 0x0, 0x4c, 0xba, 0xe1, 0x43,
    0x54, 0x55, 0x30, 0x3, 0x9c, 0x40, 0x21, 0x82,
    0xa0, 0x4, 0x73, 0xd9, 0x0, 0x23, 0xaa, 0xd8,
    0x2, 0x15, 0x88, 0x0, 0x78, 0x57, 0x50, 0x52,
    0x19, 0x6a, 0x7a, 0x9a, 0x40,

    /* U+0034 "4" */
    0x0, 0xd7, 0xe0, 0x1c, 0xaa, 0x0, 0xf5, 0xb0,
    0x7, 0x41, 0x58, 0x6, 0x27, 0xf0, 0xe, 0x86,
    0x30, 0xc, 0x88, 0x90, 0xe, 0xf1, 0xee, 0x60,
    0x72, 0xd7, 0x7f, 0xa8, 0x3d, 0x44, 0x73, 0x0,
    0x80, 0x7f, 0x0,

    /* U+0035 "5" */
    0x7, 0xff, 0xd0, 0x0, 0xf5, 0xdd, 0xa4, 0x0,
    0x24, 0x58, 0x40, 0x7, 0xe0, 0x1e, 0x6a, 0xff,
    0x48, 0x5, 0x32, 0xfc, 0x79, 0x0, 0x2a, 0x1,
    0xc3, 0x0, 0x78, 0x80, 0x3e, 0x31, 0x6, 0xc4,
    0x15, 0x88, 0x3, 0x5c, 0xf5, 0xcb, 0x0,

    /* U+0036 "6" */
    0x0, 0x26, 0x7e, 0xa8, 0x0, 0xee, 0xba, 0x74,
    0x1, 0xc, 0xc1, 0x48, 0x0, 0x25, 0x0, 0x71,
    0x3, 0xef, 0xd9, 0x0, 0x87, 0xfc, 0x3c, 0x1,
    0x51, 0x4, 0x18, 0x90, 0x18, 0x0, 0xc0, 0xc4,
    0x90, 0x0, 0x40, 0x41, 0x10, 0x31, 0xf5, 0x0,
    0x2c, 0x6f, 0x35, 0x0,

    /* U+0037 "7" */
    0x5f, 0xff, 0xa, 0xee, 0xe5, 0x50, 0x81, 0x14,
    0x9, 0x60, 0x1d, 0xc, 0x20, 0x18, 0x56, 0x40,
    0x39, 0xcc, 0x40, 0x3b, 0x50, 0x3, 0xcb, 0xc0,
    0x1e, 0x12, 0x0, 0xe2, 0x6, 0x0, 0xe1, 0x0,
    0xe0,

    /* U+0038 "8" */
    0x0, 0x4f, 0xfa, 0x40, 0x29, 0x2e, 0xe2, 0xb8,
    0x1, 0x38, 0x45, 0x58, 0x0, 0x6d, 0x0, 0x8,
    0x80, 0x10, 0xf2, 0x75, 0x20, 0x2, 0x35, 0xc6,
    0x30, 0x6, 0x4e, 0x5a, 0xc8, 0x20, 0x28, 0x25,
    0x30, 0x8, 0x6, 0x60, 0x14, 0x38, 0x1, 0x83,
    0x11, 0x61, 0xff, 0x6, 0x80,

    /* U+0039 "9" */
    0x2, 0xcf, 0xd4, 0x0, 0xbd, 0x7e, 0x2c, 0x81,
    0xa, 0x41, 0x5a, 0x0, 0x88, 0x1, 0x6a, 0x1,
    0x18, 0x6, 0x10, 0x40, 0x70, 0x39, 0x0, 0xaa,
    0x9f, 0x16, 0x20, 0x4, 0xdf, 0xb1, 0x20, 0xf,
    0x5d, 0x80, 0x12, 0x85, 0x24, 0xe0, 0xe, 0xad,
    0x2c, 0x0, 0x0,

    /* U+003A ":" */
    0xca, 0x0, 0x65, 0x0, 0x7b, 0x28, 0x0,

    /* U+003B ";" */
    0xc, 0xa0, 0xf, 0x65, 0x0, 0x7f, 0xf0, 0xa6,
    0x80, 0xa, 0xa1, 0xc, 0x11, 0x4, 0xb0, 0xf,
    0x40, 0x0,

    /* U+003C "<" */
    0x0, 0xf2, 0x10, 0x4, 0x2f, 0xb2, 0x0, 0x3a,
    0xfd, 0x9d, 0x27, 0xcd, 0xea, 0x40, 0x2, 0xb4,
    0xd2, 0x0, 0x45, 0x3d, 0x91, 0xd0, 0x20, 0x13,
    0x66, 0x89, 0x0,

    /* U+003D "=" */
    0x7f, 0xff, 0x1b, 0xff, 0xf8, 0xc0, 0x3f, 0x3f,
    0xff, 0x8c,

    /* U+003E ">" */
    0x32, 0x0, 0xf3, 0x66, 0x14, 0x3, 0x2f, 0x4f,
    0x72, 0x8, 0x2, 0x5b, 0xf1, 0xd3, 0x0, 0x97,
    0x5e, 0xc, 0xa7, 0xfa, 0x39, 0xc1, 0x7, 0xad,
    0x0, 0x20,

    /* U+003F "?" */
    0x7, 0xef, 0xb1, 0x2c, 0xdd, 0x3d, 0x15, 0x99,
    0x53, 0x0, 0x6f, 0x70, 0x9, 0x1e, 0x0, 0x3,
    0x56, 0x40, 0x6, 0x25, 0x0, 0x8a, 0x80, 0x32,
    0xb0, 0x6, 0xad, 0x0, 0xc6, 0x1, 0x0,

    /* U+0040 "@" */
    0x0, 0xcb, 0x7b, 0xdb, 0x22, 0x1, 0xd7, 0xd1,
    0xbd, 0xbd, 0x84, 0x1, 0x59, 0xd9, 0x80, 0x4f,
    0x12, 0x0, 0x50, 0x80, 0x6e, 0xcc, 0xa, 0xb1,
    0x4, 0xc0, 0x25, 0xfc, 0x18, 0x82, 0xa0, 0x91,
    0x84, 0x48, 0xb9, 0x80, 0x3c, 0x48, 0x80, 0x3,
    0x40, 0x66, 0x0, 0x3c, 0x41, 0xc0, 0x44, 0x0,
    0x2d, 0x0, 0x22, 0x9, 0x80, 0x40, 0xca, 0xb4,
    0x1d, 0x88, 0x40, 0xc2, 0xfa, 0x7c, 0x7b, 0x94,
    0x0, 0x8f, 0x5, 0xdb, 0x2b, 0xe9, 0x0, 0x95,
    0x35, 0x0, 0x2, 0xc0, 0x1e, 0x89, 0xed, 0xed,
    0x10, 0xc,

    /* U+0041 "A" */
    0x0, 0xab, 0xc8, 0x3, 0xc8, 0x6a, 0x1, 0xc8,
    0x75, 0x60, 0x1d, 0xa8, 0xe6, 0x20, 0x19, 0xf4,
    0x49, 0xc0, 0x23, 0x14, 0x5, 0xd0, 0xa, 0xd0,
    0x1, 0x68, 0x1, 0x2a, 0x77, 0x30, 0x14, 0x8,
    0x99, 0xfe, 0xe5, 0xf0, 0x53, 0x30, 0x8d, 0xea,
    0x16, 0x80, 0x19, 0x1, 0x0,

    /* U+0042 "B" */
    0x9f, 0xfb, 0xa4, 0x40, 0x9, 0xfe, 0xd4, 0xb0,
    0xe, 0x38, 0x50, 0xf, 0x84, 0x3, 0x8a, 0x18,
    0x0, 0x9d, 0xfa, 0x12, 0x0, 0x4f, 0xec, 0x5f,
    0x20, 0x0, 0x88, 0xe0, 0xa8, 0x3, 0xfc, 0x22,
    0x28, 0x3a, 0x4, 0xee, 0x69, 0xe1, 0x0,

    /* U+0043 "C" */
    0x0, 0xc, 0xf7, 0xe2, 0x0, 0x58, 0x97, 0x97,
    0x20, 0x8, 0x3c, 0x53, 0x7d, 0x0, 0x34, 0x88,
    0x7, 0x8, 0x90, 0x3, 0xc6, 0x2, 0x1, 0xf8,
    0x40, 0x3c, 0x42, 0x80, 0x1f, 0x3d, 0x0, 0x62,
    0x0, 0x40, 0x62, 0x1b, 0xe9, 0x80, 0xe2, 0xd6,
    0x55, 0xc,

    /* U+0044 "D" */
    0x9f, 0xfb, 0x18, 0x2, 0x4e, 0xda, 0x9a, 0x0,
    0x84, 0x9a, 0xd5, 0x0, 0x39, 0xf, 0x40, 0x3c,
    0xaa, 0x0, 0xf0, 0x80, 0x7c, 0x2e, 0x1, 0xe4,
    0x20, 0xe, 0x42, 0xa0, 0x0, 0x93, 0xdb, 0x18,
    0x27, 0x6d, 0xcc, 0x80,

    /* U+0045 "E" */
    0x9f, 0xfe, 0x50, 0x4d, 0xdc, 0xa0, 0x2, 0x2c,
    0x1, 0xff, 0xc4, 0x4f, 0xfa, 0x40, 0x7, 0xbb,
    0x40, 0x1, 0xc8, 0xa1, 0x0, 0xff, 0x11, 0x61,
    0x4, 0xdd, 0xcc,

    /* U+0046 "F" */
    0x9f, 0xfe, 0x50, 0x4d, 0xdc, 0xa0, 0x2, 0x2c,
    0x1, 0xff, 0xc4, 0x4f, 0xfa, 0x40, 0x7, 0xbb,
    0x40, 0x1, 0xc8, 0xa1, 0x0, 0xff, 0xe5, 0x0,

    /* U+0047 "G" */
    0x0, 0xa3, 0xbf, 0x9c, 0x2, 0xd5, 0xbc, 0xba,
    0x30, 0x83, 0xc5, 0x35, 0xd3, 0x6, 0x91, 0x0,
    0xe1, 0x12, 0x0, 0x78, 0xc0, 0x40, 0x17, 0xfe,
    0x93, 0x1, 0x0, 0x56, 0xa8, 0x8, 0x90, 0x0,
    0x24, 0x60, 0x6, 0x91, 0x0, 0xf4, 0x1e, 0x29,
    0xaa, 0x0, 0x58, 0x97, 0x96, 0xb2,

    /* U+0048 "H" */
    0x9b, 0x0, 0xd1, 0x80, 0x1f, 0xfd, 0x54, 0xff,
    0xce, 0x0, 0x3d, 0xdc, 0xc0, 0x7, 0x22, 0xc2,
    0x1, 0xff, 0xcd,

    /* U+0049 "I" */
    0x9b, 0x0, 0xff, 0xe4, 0x0,

    /* U+004A "J" */
    0x0, 0xc5, 0xe4, 0x1, 0xff, 0xe6, 0x20, 0x3,
    0x1, 0xa6, 0x29, 0xc1, 0x8a, 0x4d, 0xe0, 0x70,
    0x0,

    /* U+004B "K" */
    0x9b, 0x0, 0x97, 0xc8, 0x3, 0x15, 0x50, 0x80,
    0x21, 0xf6, 0x50, 0xd, 0x43, 0x20, 0x19, 0xd2,
    0xc0, 0x32, 0xc2, 0xc8, 0x80, 0x42, 0xf4, 0x72,
    0x1, 0x1c, 0x4, 0x38, 0x80, 0x1c, 0x0, 0xa7,
    0x60, 0x1e, 0x85, 0x20, 0xe, 0x44, 0x48,

    /* U+004C "L" */
    0x9b, 0x0, 0xff, 0xf9, 0x91, 0x60, 0x2, 0x6e,
    0xe3,

    /* U+004D "M" */
    0x9f, 0x20, 0xd, 0x9e, 0x0, 0x50, 0x8, 0x4c,
    0x0, 0x96, 0x1, 0x3a, 0x0, 0xc, 0x88, 0x0,
    0xac, 0x0, 0xb, 0xa8, 0x9, 0x18, 0x5, 0xb6,
    0xe, 0xe0, 0xc, 0x84, 0x4a, 0xd0, 0xe, 0x7a,
    0x24, 0x0, 0xea, 0x77, 0x0, 0x78, 0xcd, 0x40,
    0x1f, 0x61, 0x80, 0x40,

    /* U+004E "N" */
    0x9e, 0x10, 0xa, 0x2c, 0x6, 0x40, 0x3c, 0xae,
    0x20, 0x1c, 0x6b, 0x60, 0x1e, 0x85, 0x20, 0xc,
    0x64, 0xd2, 0x1, 0xe8, 0x44, 0x0, 0x70, 0xbc,
    0x78, 0x7, 0x41, 0x68, 0x7, 0xa1, 0x40, 0x3c,
    0xc4, 0x0,

    /* U+004F "O" */
    0x0, 0xd, 0x77, 0xe2, 0x0, 0x43, 0xed, 0x58,
    0x96, 0xa0, 0x8, 0x3c, 0x43, 0x88, 0x58, 0x1,
    0xac, 0x3, 0x38, 0xa8, 0x82, 0x80, 0x71, 0x69,
    0x80, 0x80, 0x70, 0x88, 0xc0, 0x40, 0x38, 0x47,
    0x20, 0x6, 0x12, 0xd0, 0x6a, 0x0, 0xd2, 0x2a,
    0x12, 0x18, 0x87, 0xf, 0x60, 0x1, 0xc6, 0xac,
    0x4b, 0x50,

    /* U+0050 "P" */
    0x9f, 0xfb, 0xa4, 0x2, 0x4e, 0xe5, 0x25, 0x80,
    0x42, 0x24, 0x94, 0x10, 0xe, 0x60, 0x30, 0xe,
    0x60, 0x30, 0xc, 0x50, 0xa2, 0x9, 0xfe, 0xd6,
    0xa0, 0x2, 0x6f, 0x7d, 0x0, 0x62, 0x10, 0xf,
    0xfe, 0x40,

    /* U+0051 "Q" */
    0x0, 0xd, 0x77, 0xe2, 0x0, 0x43, 0xed, 0x58,
    0x96, 0xa0, 0x8, 0x3c, 0x43, 0x88, 0x58, 0x1,
    0xac, 0x3, 0x38, 0xa8, 0x82, 0x80, 0x71, 0x69,
    0x80, 0x80, 0x70, 0x88, 0xc0, 0x40, 0x38, 0x47,
    0x28, 0x7, 0x16, 0x83, 0x58, 0x6, 0x71, 0x50,
    0x90, 0xb3, 0x27, 0x8b, 0x0, 0xe, 0xe, 0x6d,
    0xd9, 0x40, 0x21, 0xad, 0x4, 0x50, 0xf, 0x16,
    0x27, 0x7d, 0x0, 0x71, 0xe7, 0x6d, 0x0,

    /* U+0052 "R" */
    0x9f, 0xfb, 0xac, 0x80, 0x9, 0xdc, 0xd0, 0xf0,
    0x8, 0x44, 0x72, 0x44, 0x0, 0xff, 0xe0, 0xc,
    0x91, 0x1, 0x3f, 0xdc, 0xfe, 0x0, 0x4d, 0xa0,
    0xe2, 0x0, 0x89, 0x4e, 0x0, 0x3d, 0xea, 0x60,
    0x1c, 0x69, 0x0, 0x1e, 0x84, 0x30,

    /* U+0053 "S" */
    0x0, 0x47, 0x7e, 0xb0, 0x1, 0xda, 0xf2, 0xe0,
    0x82, 0x99, 0x4d, 0xb8, 0x80, 0x4c, 0x3, 0xd0,
    0x9a, 0xa0, 0x19, 0x35, 0xeb, 0x94, 0x2, 0x2a,
    0xd4, 0xa5, 0x0, 0xc5, 0x49, 0xc0, 0x60, 0x18,
    0x46, 0xca, 0x43, 0x75, 0xe1, 0xd0, 0xac, 0xaa,
    0x20,

    /* U+0054 "T" */
    0x9f, 0xff, 0xa3, 0x74, 0xe5, 0xba, 0xe1, 0x22,
    0x78, 0x11, 0x4, 0x3, 0xff, 0xe8,

    /* U+0055 "U" */
    0xaa, 0x0, 0x68, 0xb0, 0xf, 0xfe, 0xe1, 0x80,
    0x7c, 0x22, 0x0, 0xc2, 0x2d, 0x41, 0x0, 0x93,
    0x54, 0xb5, 0xe, 0x8d, 0x83, 0xde, 0xf0, 0x74,
    0x40,

    /* U+0056 "V" */
    0xd8, 0x0, 0xcd, 0xc0, 0xa8, 0x1, 0xb1, 0xc2,
    0xcc, 0x40, 0x25, 0xd0, 0x31, 0x40, 0x1, 0x82,
    0x0, 0x13, 0xc0, 0x16, 0x80, 0x17, 0xa0, 0x1,
    0x34, 0x2, 0x41, 0x21, 0x37, 0x0, 0x85, 0x15,
    0x8, 0x40, 0x36, 0x64, 0xa0, 0x1c, 0xa8, 0xf6,
    0x1, 0xc4, 0x40, 0x30, 0x8,

    /* U+0057 "W" */
    0x8c, 0x0, 0xa3, 0x80, 0x26, 0xcd, 0x30, 0x9,
    0x4, 0x80, 0x1e, 0xae, 0x4, 0x0, 0x24, 0x40,
    0x1, 0x7c, 0x81, 0xc0, 0xc8, 0xfc, 0x0, 0x6a,
    0x6, 0x40, 0x8b, 0x88, 0x4, 0x6, 0x9, 0xa1,
    0x98, 0x52, 0x17, 0x20, 0x6, 0xb8, 0x2a, 0x9,
    0x2e, 0xb8, 0x1, 0xc8, 0x80, 0x20, 0x98, 0x5a,
    0x0, 0x20, 0xa4, 0x0, 0x61, 0xb9, 0x80, 0x46,
    0xd8, 0x0, 0x44, 0x12, 0x80, 0x4a, 0x2a, 0x0,
    0x11, 0xc0,

    /* U+0058 "X" */
    0x4f, 0x20, 0x0, 0xfa, 0xa1, 0xd8, 0x2, 0x4d,
    0x43, 0xd8, 0x81, 0xa0, 0x0, 0x69, 0x6e, 0x48,
    0x1, 0x43, 0x4f, 0x80, 0x63, 0x10, 0x30, 0xc,
    0xc4, 0xc, 0x1, 0xa2, 0x62, 0x0, 0x13, 0x9a,
    0xb0, 0x38, 0x2, 0x60, 0x1, 0x12, 0x30, 0x6a,
    0x0, 0x63, 0x90,

    /* U+0059 "Y" */
    0xc, 0x90, 0x8, 0x7c, 0xc2, 0x58, 0x2, 0x93,
    0x30, 0x29, 0x30, 0x1, 0xa0, 0x2, 0xbb, 0x3,
    0x1a, 0x0, 0x4c, 0x69, 0x56, 0x1, 0xcd, 0x24,
    0xc0, 0x1d, 0x25, 0x20, 0x1e, 0x10, 0x20, 0xf,
    0xfe, 0x90,

    /* U+005A "Z" */
    0xd, 0xff, 0xeb, 0xc, 0xdd, 0xac, 0x3c, 0x4,
    0x8a, 0xf4, 0x40, 0x6, 0x44, 0x48, 0x7, 0x4b,
    0x90, 0x6, 0x70, 0x80, 0xc, 0x51, 0x20, 0x1d,
    0x8, 0x80, 0xc, 0x8b, 0x20, 0x1d, 0x2c, 0x4,
    0x50, 0xa1, 0x36, 0xef, 0x0,

    /* U+005B "[" */
    0x8d, 0xc3, 0xa, 0xc3, 0x0, 0xff, 0xf0, 0x7d,
    0xe1, 0x80,

    /* U+005C "\\" */
    0xa4, 0x0, 0xdf, 0xa0, 0x19, 0x10, 0x1, 0x84,
    0x44, 0x1, 0xad, 0x40, 0x32, 0xd8, 0x6, 0x21,
    0x10, 0x6, 0x57, 0x0, 0xd9, 0x80, 0xc, 0x88,
    0x0, 0xe4, 0x40, 0x6, 0xfd, 0x0, 0xc8, 0x80,
    0xc, 0x22, 0x20,

    /* U+005D "]" */
    0x6c, 0xe4, 0x6c, 0x50, 0xf, 0xff, 0xb, 0x63,
    0x38,

    /* U+005E "^" */
    0x0, 0xba, 0x80, 0x32, 0x12, 0x8, 0x5, 0xd2,
    0xec, 0x0, 0x14, 0x5a, 0xa0, 0x1, 0x90, 0xc,
    0xc, 0x2b, 0x80, 0x15, 0x20,

    /* U+005F "_" */
    0xbd, 0xdf, 0x40,

    /* U+0060 "`" */
    0x31, 0x0, 0x45, 0x0, 0x2d, 0xe4, 0x1, 0x82,
    0x0,

    /* U+0061 "a" */
    0x3, 0xaf, 0xf5, 0x0, 0x2f, 0x75, 0x88, 0xe1,
    0xe, 0x46, 0xf8, 0x0, 0x5a, 0xd7, 0x70, 0x54,
    0xcb, 0x58, 0x9, 0x74, 0xc0, 0x23, 0x7, 0x15,
    0x60, 0x19, 0x8e, 0xc8, 0x0,

    /* U+0062 "b" */
    0xb9, 0x0, 0xff, 0xe4, 0xcf, 0xf4, 0x0, 0x1b,
    0xb6, 0xdd, 0x81, 0x9c, 0x95, 0xa8, 0x3, 0xbc,
    0x80, 0x3f, 0xf8, 0x1a, 0xa0, 0xea, 0x4e, 0x90,
    0x13, 0xdb, 0x54, 0x30,

    /* U+0063 "c" */
    0x0, 0x3f, 0x7e, 0x18, 0x44, 0xde, 0xd8, 0x1,
    0xed, 0x49, 0xcc, 0xc0, 0x80, 0x1f, 0xf1, 0x2,
    0x0, 0x61, 0x6b, 0x41, 0x66, 0x4, 0xb5, 0x75,
    0x28,

    /* U+0064 "d" */
    0x0, 0xf7, 0x30, 0x7, 0xff, 0x1a, 0x3b, 0xe4,
    0x2, 0x86, 0xad, 0xe1, 0x0, 0x3c, 0x21, 0x38,
    0x81, 0x83, 0x80, 0x7f, 0xf0, 0x48, 0x14, 0x3,
    0x85, 0x24, 0xca, 0x44, 0x1, 0x4f, 0x98, 0xe4,
    0x0,

    /* U+0065 "e" */
    0x0, 0x47, 0x7d, 0x88, 0x2, 0x13, 0x38, 0xb4,
    0x0, 0xfc, 0x43, 0x26, 0x26, 0x1b, 0xff, 0x1,
    0x80, 0x3f, 0xf8, 0x88, 0xa, 0x1, 0xc2, 0xf6,
    0x82, 0x6a, 0x0, 0x89, 0xae, 0xe1, 0x80,

    /* U+0066 "f" */
    0x0, 0x57, 0xe0, 0x2a, 0xb7, 0x40, 0x46, 0x43,
    0x10, 0x3f, 0x68, 0x73, 0xf6, 0x0, 0xff, 0xe9,
    0x0,

    /* U+0067 "g" */
    0x1, 0xbf, 0xfd, 0x21, 0xa3, 0xfc, 0x51, 0x0,
    0x3e, 0x1, 0x4e, 0x10, 0x4e, 0x1, 0x4f, 0x0,
    0x7a, 0x6e, 0x53, 0x0, 0x22, 0xb7, 0x4e, 0x1,
    0xb0, 0x44, 0x1, 0xa9, 0xfb, 0x9f, 0xc8, 0x31,
    0xdf, 0xf2, 0xf1, 0x9, 0x0, 0xd, 0xb0, 0xe3,
    0xba, 0xf8, 0x60,

    /* U+0068 "h" */
    0xb9, 0x0, 0xff, 0xe4, 0xc7, 0x7b, 0x80, 0x18,
    0x32, 0x20, 0x40, 0xb0, 0x4e, 0xe, 0x6, 0x1,
    0x8, 0x7, 0xff, 0x44,

    /* U+0069 "i" */
    0xca, 0xbc, 0x76, 0xb9, 0x0, 0xff, 0xe1, 0x0,

    /* U+006A "j" */
    0x0, 0x64, 0x80, 0x13, 0xc0, 0x10, 0xc0, 0xb,
    0x90, 0xf, 0xfe, 0xa8, 0xaf, 0x3f, 0x13, 0x0,

    /* U+006B "k" */
    0xb8, 0x0, 0xff, 0xe5, 0xc6, 0x80, 0x65, 0x6f,
    0x0, 0x8a, 0xe8, 0x80, 0x3, 0xc0, 0x80, 0x13,
    0x30, 0xdc, 0x2, 0x2a, 0xe8, 0x20, 0x2, 0x81,
    0xac, 0x80, 0x74, 0x22, 0x0,

    /* U+006C "l" */
    0xb9, 0x0, 0xff, 0xe7, 0x18, 0x72, 0xa0,

    /* U+006D "m" */
    0xb7, 0x9e, 0xe3, 0x1e, 0x7e, 0x8, 0x46, 0x74,
    0xca, 0x37, 0xc6, 0x41, 0x94, 0x14, 0x20, 0x41,
    0x4c, 0x3, 0x18, 0x8, 0x4, 0xe0, 0x1f, 0xfe,
    0x0,

    /* U+006E "n" */
    0xb7, 0x9e, 0xf7, 0x0, 0x46, 0x75, 0xc1, 0x3,
    0x28, 0x20, 0x38, 0x7, 0x8, 0x7, 0xff, 0x44,

    /* U+006F "o" */
    0x0, 0x47, 0x7d, 0x90, 0x2, 0x1a, 0xb4, 0xb0,
    0x44, 0xf6, 0x85, 0x27, 0x24, 0x8, 0x1, 0x21,
    0x80, 0x7e, 0x20, 0x40, 0x9, 0xc, 0x5e, 0xd0,
    0xa4, 0xe4, 0x21, 0xab, 0x4b, 0x4,

    /* U+0070 "p" */
    0xb8, 0xae, 0xe4, 0x0, 0x1b, 0xb9, 0x8c, 0xc0,
    0x74, 0x2, 0x6a, 0x0, 0xee, 0x20, 0xe, 0x10,
    0xf, 0x62, 0x83, 0xa9, 0x3a, 0x40, 0x27, 0x6d,
    0x50, 0xc0, 0xef, 0xf5, 0x40, 0x3f, 0xf8, 0x60,

    /* U+0071 "q" */
    0x0, 0x47, 0x7c, 0xdb, 0x4, 0x35, 0x6f, 0x20,
    0x1, 0xe1, 0x9, 0xc4, 0xc, 0x1c, 0x3, 0xff,
    0x82, 0x40, 0xa0, 0x1c, 0x29, 0x26, 0x52, 0x20,
    0xa, 0x7c, 0xc7, 0x10, 0x0, 0x6b, 0xf9, 0xcc,
    0x3, 0xff, 0x8a,

    /* U+0072 "r" */
    0x0, 0xeb, 0x69, 0xf5, 0x8, 0xff, 0x28, 0x2b,
    0x0, 0x44, 0x1, 0xff, 0xcb,

    /* U+0073 "s" */
    0x4, 0xdf, 0xd5, 0x0, 0x5d, 0xbe, 0x40, 0x2,
    0x4, 0x8, 0xa0, 0x31, 0x74, 0x60, 0x13, 0xf1,
    0x64, 0x0, 0x43, 0x16, 0xe0, 0x92, 0x41, 0x84,
    0xa, 0x19, 0xe9, 0xc0,

    /* U+0074 "t" */
    0x5, 0xc0, 0xc, 0x60, 0x1a, 0xa4, 0xff, 0x42,
    0xa0, 0xff, 0x40, 0x3f, 0xf9, 0xc4, 0x64, 0x40,
    0x2, 0xa6, 0xf8, 0x0,

    /* U+0075 "u" */
    0xd7, 0x0, 0xbc, 0xc0, 0x3f, 0xfa, 0x3, 0xe0,
    0x2, 0x0, 0x2b, 0x1a, 0x70, 0x2, 0xb, 0x23,
    0x84, 0x0,

    /* U+0076 "v" */
    0xaa, 0x0, 0x49, 0xc1, 0xca, 0x1, 0x6b, 0x82,
    0xa, 0x0, 0x1f, 0x40, 0xf, 0xa0, 0x80, 0x80,
    0xd, 0x70, 0xd7, 0x0, 0x90, 0xd, 0x34, 0x3,
    0x3c, 0x1a, 0x0, 0x6d, 0x47, 0x0, 0x80,

    /* U+0077 "w" */
    0x7d, 0x0, 0xf, 0xb0, 0x1, 0xed, 0x8, 0x0,
    0x83, 0x80, 0xc, 0xc1, 0x82, 0x6, 0x4a, 0x0,
    0x11, 0x0, 0x98, 0xe, 0xc0, 0x46, 0x6, 0x18,
    0x84, 0x62, 0x8a, 0x88, 0x0, 0x29, 0xa2, 0x3,
    0x31, 0xb8, 0x0, 0x21, 0xac, 0x4, 0x54, 0x40,
    0x4, 0x86, 0x80, 0x40, 0x3, 0x0,

    /* U+0078 "x" */
    0x4f, 0x20, 0x1f, 0x44, 0xa0, 0x21, 0x10, 0x14,
    0xaa, 0x69, 0x0, 0xb, 0xd3, 0x90, 0x4, 0x42,
    0x20, 0x9, 0x11, 0x8c, 0x60, 0x9, 0xb2, 0x7e,
    0x7, 0x5, 0x8, 0x37,

    /* U+0079 "y" */
    0x9b, 0x0, 0x93, 0x82, 0x90, 0x40, 0x1a, 0xe0,
    0x64, 0xe0, 0x7, 0xd0, 0x5, 0xd0, 0x20, 0x20,
    0x1, 0xcc, 0xb5, 0xc0, 0x21, 0x55, 0x25, 0x0,
    0x69, 0x90, 0x18, 0x6, 0x30, 0x50, 0xe, 0x11,
    0x50, 0x6, 0x1b, 0x42, 0x0, 0x97, 0x86, 0x80,
    0x30,

    /* U+007A "z" */
    0x1f, 0xfe, 0x11, 0x77, 0x46, 0xc2, 0x2, 0x27,
    0x28, 0x0, 0x86, 0x6c, 0x40, 0x2a, 0x55, 0x0,
    0x4a, 0xab, 0x0, 0x86, 0xe0, 0x4, 0x40, 0xc3,
    0x3d, 0xd2, 0x0,

    /* U+007B "{" */
    0x0, 0x5e, 0x98, 0x1b, 0x69, 0x83, 0x88, 0x4,
    0xe2, 0x1, 0x8, 0x6, 0x71, 0x0, 0x35, 0x48,
    0x1, 0xaa, 0x40, 0x27, 0x10, 0xf, 0xc2, 0x1,
    0x9c, 0x40, 0x27, 0x20, 0x8, 0xdf, 0xc,

    /* U+007C "|" */
    0x95, 0x0, 0xff, 0xe9, 0x0,

    /* U+007D "}" */
    0x6d, 0x80, 0x3, 0x7b, 0x80, 0x44, 0x1, 0x84,
    0x3, 0x84, 0x2, 0x11, 0x80, 0x26, 0xe2, 0x0,
    0x36, 0x90, 0x8, 0x88, 0x3, 0xf0, 0x80, 0x42,
    0x1, 0x8c, 0x40, 0xd, 0xf0, 0x0,

    /* U+007E "~" */
    0x1b, 0xfc, 0x40, 0x60, 0x7, 0x7c, 0xcb, 0xfc,
    0x0,

    /* U+4E00 "一" */
    0x0, 0xff, 0xe1, 0x17, 0xff, 0xff, 0x2, 0x8b,
    0xbb, 0xff, 0x81, 0x60,

    /* U+4E0A "上" */
    0x0, 0xe1, 0xf0, 0xf, 0xff, 0x60, 0x8f, 0x0,
    0x7f, 0x77, 0x71, 0x80, 0x7e, 0xff, 0xe3, 0x0,
    0xff, 0xf6, 0x9c, 0xce, 0xb0, 0x99, 0xf1, 0xf,
    0x76, 0xd8, 0xee, 0xf1, 0x80,

    /* U+4E0B "下" */
    0x3b, 0xbf, 0xfe, 0x0, 0x97, 0x77, 0x26, 0x77,
    0x70, 0x89, 0x57, 0x85, 0x15, 0x78, 0x3, 0xf2,
    0x80, 0x7f, 0xf0, 0x63, 0x50, 0x3, 0xfe, 0xdb,
    0xab, 0x20, 0xf, 0xf3, 0x79, 0x69, 0x0, 0x7f,
    0x86, 0x70, 0x80, 0x3f, 0xf8, 0x6, 0x1, 0xff,
    0xe0,

    /* U+4E0E "与" */
    0x0, 0x89, 0x80, 0x3f, 0xe4, 0xc0, 0xf, 0xfb,
    0xd7, 0xff, 0xe4, 0x0, 0x96, 0xfb, 0xbe, 0x40,
    0x8, 0xd4, 0x47, 0xe0, 0x8, 0xc8, 0x4, 0x7e,
    0x0, 0x94, 0xff, 0xfe, 0xe6, 0x0, 0x37, 0x77,
    0xe4, 0x30, 0x11, 0xfe, 0x6, 0x60, 0xff, 0xfe,
    0x80, 0x23, 0x1e, 0xef, 0xd2, 0x44, 0x0, 0xff,
    0xad, 0x0, 0x3f, 0x67, 0xf9, 0x2c, 0x3, 0xf6,
    0x7f, 0xb4, 0x80,

    /* U+4E24 "两" */
    0x6a, 0xaf, 0xfe, 0x2, 0xff, 0xce, 0x5f, 0xe5,
    0xcf, 0xf8, 0xd5, 0x61, 0xc5, 0x50, 0x32, 0xac,
    0x19, 0xfe, 0x3b, 0xff, 0x7, 0xfc, 0xa0, 0x37,
    0xe5, 0x9f, 0xc1, 0xfe, 0x53, 0x0, 0xc6, 0xe0,
    0x60, 0x20, 0x1e, 0x11, 0x50, 0xa0, 0xe8, 0x7,
    0x99, 0xb5, 0x5a, 0xc0, 0x6, 0x19, 0xb8, 0x1,
    0x59, 0x41, 0x0, 0xb6, 0x48, 0x33, 0xc0, 0x18,
    0x20, 0x16, 0x38, 0x2, 0xc8, 0x2, 0x10, 0xf,
    0xf7, 0xf9, 0x90,

    /* U+4E2D "中" */
    0x0, 0xe4, 0xd0, 0xf, 0xfe, 0x30, 0x8f, 0x0,
    0x8e, 0x9, 0xee, 0xd4, 0x5d, 0xda, 0x2, 0x3f,
    0xeb, 0x2f, 0xf9, 0x80, 0x3f, 0xf9, 0xda, 0x89,
    0x19, 0x91, 0x22, 0x0, 0x3c, 0x45, 0x43, 0x11,
    0x28, 0x64, 0xe6, 0x52, 0x59, 0x95, 0xe2, 0xa0,
    0x7, 0xe5, 0x40, 0xf, 0xfe, 0x60,

    /* U+4E91 "云" */
    0x0, 0x4e, 0xef, 0xea, 0x0, 0xd7, 0xdd, 0xfa,
    0x0, 0x31, 0x19, 0xfe, 0x20, 0xf, 0xfe, 0x21,
    0xf7, 0x7f, 0xf0, 0xc, 0xd9, 0x95, 0xb, 0x66,
    0x78, 0xc0, 0x8a, 0xd2, 0x82, 0x22, 0x11, 0x40,
    0x18, 0xdb, 0x80, 0x2b, 0x70, 0xf, 0x73, 0x18,
    0x5, 0xd0, 0x40, 0x1a, 0x46, 0x8, 0xd5, 0x90,
    0xb8, 0x2, 0x46, 0x3e, 0xce, 0x9c, 0xe5, 0x17,
    0x0, 0x25, 0xef, 0xf6, 0xe5, 0x4c, 0x4f, 0x80,

    /* U+4EAC "京" */
    0x0, 0xf5, 0x88, 0x7, 0xff, 0x0, 0xac, 0x3,
    0xc3, 0xff, 0xcc, 0xbf, 0xfc, 0x43, 0xff, 0xff,
    0xc0, 0x20, 0x2, 0xf7, 0x7e, 0x70, 0xc, 0x69,
    0xdd, 0xe7, 0xf0, 0xf, 0xfe, 0x3b, 0xcc, 0xf9,
    0x0, 0x39, 0x23, 0x30, 0x6b, 0x98, 0x8a, 0x0,
    0xc5, 0xe8, 0xa4, 0xaa, 0x7f, 0x20, 0xd, 0x66,
    0x20, 0x18, 0x8e, 0xc0, 0x2b, 0x19, 0x0, 0xf4,
    0x85, 0x0, 0x3a, 0x82, 0xfd, 0xbc, 0x2, 0xbf,
    0x0, 0x28, 0x2, 0xff, 0x98, 0x3, 0x28, 0x0,

    /* U+4EBA "人" */
    0x0, 0xf5, 0xb8, 0x7, 0xff, 0x1, 0xc4, 0x3,
    0xff, 0x80, 0x22, 0x0, 0xff, 0xe0, 0x17, 0x0,
    0x7f, 0xc4, 0x8, 0x1, 0xff, 0x21, 0x98, 0x40,
    0x3f, 0xd5, 0x6e, 0xc0, 0x1f, 0xc4, 0x6d, 0x52,
    0x1, 0xfd, 0x2c, 0x26, 0xb0, 0x1, 0xf3, 0xac,
    0x0, 0x25, 0xd0, 0x3, 0x9a, 0x34, 0x40, 0x5,
    0x56, 0xa0, 0x1, 0xa9, 0xb3, 0x0, 0xcb, 0x54,
    0x91, 0x3, 0xe4, 0x0, 0xf2, 0xe8, 0x88,

    /* U+4ECD "仍" */
    0x0, 0xb0, 0x3, 0xff, 0x80, 0x80, 0xff, 0xfe,
    0x20, 0xd, 0xf4, 0xfe, 0x59, 0xfc, 0x4, 0x1,
    0x1a, 0x38, 0x7, 0x29, 0x80, 0x6f, 0x0, 0xc6,
    0x20, 0x68, 0x1, 0x38, 0x8, 0x4, 0x24, 0x18,
    0xff, 0xe1, 0x4e, 0x0, 0x84, 0x2, 0xbf, 0xf0,
    0x9, 0x90, 0x4, 0xa6, 0x1, 0xff, 0xc0, 0x35,
    0x0, 0xc4, 0x20, 0x1e, 0xbd, 0x0, 0xc2, 0x40,
    0x1c, 0x44, 0x40, 0xc, 0xce, 0x1, 0xdd, 0x20,
    0x1d, 0xe6, 0x1, 0x91, 0xdc, 0x0, 0x4f, 0xf3,
    0xc8, 0x5, 0xcb, 0x60, 0x12, 0x7f, 0xb4, 0x40,

    /* U+4EE3 "代" */
    0x0, 0xff, 0xe3, 0x61, 0x81, 0xe8, 0x42, 0x80,
    0x72, 0x9, 0x80, 0x80, 0x26, 0x14, 0x3, 0x4c,
    0x0, 0xc, 0xc0, 0x3f, 0xc0, 0x14, 0x12, 0x80,
    0x4, 0x40, 0x17, 0x90, 0x2b, 0x80, 0xb4, 0x50,
    0x77, 0xe4, 0x32, 0x54, 0x1, 0x60, 0x60, 0xdf,
    0xf6, 0x23, 0xca, 0x81, 0xd4, 0x32, 0x98, 0x6,
    0x36, 0x0, 0xf1, 0xf0, 0x7, 0xff, 0x3, 0x50,
    0x3, 0xff, 0x80, 0x86, 0x20, 0x48, 0x1, 0xf8,
    0x56, 0x1, 0xb8, 0x3, 0xfa, 0x19, 0xfb, 0x0,
    0x3f, 0x8b, 0x2d, 0xd8,

    /* U+4EE4 "令" */
    0x0, 0xf0, 0xb0, 0x7, 0xff, 0x3, 0x60, 0x3,
    0xfc, 0x38, 0xad, 0xa4, 0x1, 0xf2, 0xfd, 0xcc,
    0x5e, 0x30, 0x6, 0x2b, 0xb5, 0x2f, 0x1b, 0x6d,
    0xe2, 0x1, 0xe9, 0x72, 0x15, 0x69, 0x9b, 0x52,
    0xd0, 0xfa, 0x44, 0x65, 0xb1, 0x1a, 0x3d, 0x0,
    0x6b, 0xbb, 0x56, 0xf7, 0x28, 0x3, 0x57, 0xff,
    0x98, 0xe8, 0x3, 0xc6, 0xa0, 0x9, 0x5c, 0x0,
    0xfd, 0x17, 0x4b, 0x80, 0x1f, 0x8f, 0x49, 0x68,
    0x3, 0xfe, 0x9a, 0x95, 0x0, 0xff, 0x97, 0x54,
    0x3, 0x0,

    /* U+4EFD "份" */
    0x0, 0x9c, 0x80, 0x4c, 0xc, 0x80, 0x38, 0x60,
    0xc1, 0xa8, 0x16, 0xc0, 0x39, 0x94, 0x42, 0xa8,
    0x8, 0xe0, 0x18, 0x66, 0x40, 0xa2, 0x60, 0x4a,
    0xe0, 0x15, 0x88, 0xd7, 0x0, 0x14, 0x40, 0xc1,
    0x90, 0x1, 0x8a, 0x8, 0x93, 0xb6, 0x89, 0x68,
    0x85, 0x9f, 0xdf, 0xfa, 0x4e, 0x85, 0xc, 0x0,
    0xd1, 0x61, 0x77, 0x1a, 0x0, 0x7c, 0x66, 0x0,
    0x8, 0x80, 0x3f, 0x5d, 0x80, 0x1d, 0xe0, 0x1f,
    0xb, 0x30, 0x0, 0x42, 0x1, 0xe1, 0xd8, 0x10,
    0x2, 0xa8, 0x3, 0xd1, 0x6c, 0x19, 0xe4, 0x60,
    0x1b, 0x8a, 0x5c, 0x1, 0x9f, 0x80, 0x10,

    /* U+4F4D "位" */
    0x0, 0xcc, 0x1, 0x31, 0x80, 0x7c, 0x70, 0x1,
    0xc, 0x80, 0x7d, 0x10, 0x1, 0x11, 0x98, 0x46,
    0x0, 0x91, 0x5a, 0x7b, 0x96, 0xdd, 0xd0, 0x0,
    0x68, 0x82, 0x7f, 0xfb, 0x3c, 0x1, 0x46, 0x1,
    0x4b, 0x0, 0x58, 0x1, 0xa0, 0x2, 0xfc, 0x0,
    0x19, 0x0, 0x56, 0x20, 0x12, 0xb8, 0x1, 0x5c,
    0x3, 0xf1, 0x10, 0x1, 0xda, 0x1, 0xf8, 0x44,
    0x40, 0x88, 0x0, 0xfe, 0x21, 0x3, 0x30, 0x7,
    0xc8, 0x88, 0x76, 0x24, 0x41, 0x0, 0x62, 0x88,
    0xd4, 0x31, 0x5,

    /* U+4F7F "使" */
    0x0, 0x9a, 0x40, 0x2e, 0x10, 0xf, 0xaf, 0x0,
    0x31, 0x80, 0x79, 0xc6, 0x7b, 0xa1, 0xde, 0xe8,
    0x80, 0xa2, 0x19, 0xdd, 0xf, 0x76, 0x20, 0xe0,
    0x71, 0xee, 0x87, 0xfb, 0x9a, 0x14, 0x4, 0x1,
    0x77, 0x7, 0xfb, 0xcc, 0x3f, 0x44, 0x3, 0xfe,
    0x51, 0x0, 0x87, 0xb8, 0x3f, 0xde, 0x1, 0xe1,
    0x7e, 0xc1, 0xee, 0xc0, 0x1e, 0xeb, 0xa7, 0x0,
    0xff, 0x31, 0x3f, 0x80, 0x7f, 0xc, 0x3c, 0xee,
    0x9c, 0xc4, 0x3, 0x3e, 0x8f, 0xb5, 0xf8, 0x47,
    0x88,

    /* U+5148 "先" */
    0x0, 0xa0, 0x43, 0x14, 0x3, 0xf0, 0xb8, 0x80,
    0x7f, 0xcc, 0x19, 0x83, 0x8c, 0xca, 0xc0, 0x35,
    0x53, 0xfc, 0x75, 0xff, 0x40, 0x4, 0xec, 0xa6,
    0x60, 0x23, 0x3c, 0x1, 0x2c, 0x80, 0x7f, 0xc9,
    0xdc, 0xcc, 0x8e, 0x33, 0x38, 0x56, 0x22, 0x14,
    0xb9, 0x39, 0x88, 0x84, 0x48, 0x91, 0xda, 0x20,
    0x11, 0x30, 0x6, 0x30, 0x30, 0xf, 0xfa, 0x18,
    0x3, 0xec, 0x10, 0x1a, 0x68, 0x0, 0x84, 0xc0,
    0x6, 0x27, 0xc1, 0x80, 0x19, 0x37, 0xfc, 0xa0,
    0x7b, 0x42, 0x1, 0xab, 0xfe, 0xa0,

    /* U+5165 "入" */
    0x0, 0xc4, 0x1, 0xff, 0xc1, 0xbd, 0x10, 0xf,
    0xfa, 0x53, 0x40, 0x3f, 0xf8, 0x12, 0x30, 0x1,
    0xff, 0xc1, 0x72, 0x0, 0xff, 0x11, 0x12, 0x0,
    0x3f, 0xca, 0x74, 0xa4, 0x1, 0xfd, 0x32, 0x16,
    0x80, 0xf, 0xce, 0x6a, 0x10, 0xa8, 0x1, 0xe3,
    0x89, 0x0, 0xc, 0x50, 0x80, 0x62, 0xd7, 0x40,
    0x9, 0xcb, 0x40, 0x25, 0xd7, 0x80, 0xe, 0xd1,
    0xd2, 0x18, 0x99, 0x0, 0x78, 0x71, 0xc0, 0x75,
    0x80, 0x3f, 0xd, 0x10,

    /* U+516C "公" */
    0x0, 0xfe, 0x10, 0xf, 0xd6, 0xe0, 0x7, 0xa0,
    0xf, 0x8d, 0x18, 0x0, 0xea, 0xa0, 0xf, 0x74,
    0x8, 0x5, 0x56, 0x20, 0x1a, 0x41, 0xc0, 0x40,
    0x8, 0xf8, 0x20, 0x7, 0x77, 0x80, 0x31, 0x80,
    0x12, 0x3a, 0x22, 0xcd, 0x20, 0x73, 0x60, 0xb,
    0x5c, 0xc6, 0xcc, 0x6, 0x2c, 0x3, 0xd, 0x90,
    0x6, 0xa5, 0x50, 0x16, 0x88, 0x7, 0x99, 0x6c,
    0x0, 0x49, 0xa0, 0x1c, 0x73, 0xa2, 0x22, 0x3d,
    0x37, 0x0, 0xda, 0x19, 0xfd, 0x9d, 0x9, 0x6,
    0x1, 0x56, 0x77, 0xfb, 0xb7, 0x2d, 0xe4, 0x2,
    0x43, 0x10, 0xf, 0x45, 0x0,

    /* U+5171 "共" */
    0x0, 0x87, 0xc0, 0x37, 0x88, 0x7, 0xff, 0x52,
    0xff, 0x83, 0xff, 0x7, 0x7e, 0x80, 0x2f, 0xb4,
    0x3b, 0xb0, 0x6f, 0x68, 0x4, 0x26, 0x2, 0x38,
    0xc, 0x40, 0x3f, 0xf8, 0x87, 0x54, 0xb0, 0xaa,
    0xc1, 0x75, 0x44, 0x1c, 0xca, 0x73, 0x34, 0xe6,
    0x4c, 0x4c, 0xd7, 0x93, 0x30, 0xf9, 0x9a, 0x20,
    0xa, 0x95, 0x40, 0x5, 0x3c, 0x20, 0x8, 0xf4,
    0x70, 0x40, 0x2b, 0x4c, 0x40, 0x4, 0xd5, 0x80,
    0x7a, 0x21, 0xc0,

    /* U+5173 "关" */
    0x0, 0x9d, 0x0, 0x31, 0xd8, 0x7, 0x8e, 0x80,
    0x34, 0x60, 0x7, 0x91, 0x6, 0x0, 0x46, 0x70,
    0xc, 0x7f, 0xe5, 0xcf, 0xf5, 0x97, 0xf9, 0x40,
    0x7, 0xff, 0x99, 0x7f, 0xf2, 0x80, 0x7c, 0x20,
    0x1f, 0x84, 0x7c, 0x2, 0x3c, 0x0, 0xee, 0xe6,
    0x5e, 0xee, 0x10, 0xff, 0xdc, 0x0, 0xcf, 0xfc,
    0x20, 0x1d, 0x49, 0x5a, 0x20, 0x1f, 0xd, 0xad,
    0x2b, 0x61, 0x0, 0x73, 0x7b, 0xf8, 0x84, 0x2e,
    0xc1, 0x0, 0xf5, 0xdb, 0x4, 0x2, 0x8c, 0x3d,
    0x21, 0xfd, 0x50, 0xf, 0x1d, 0xf1, 0x0,

    /* U+5180 "冀" */
    0x0, 0xcf, 0x1, 0x54, 0x0, 0x2a, 0x0, 0x2b,
    0x31, 0x20, 0x12, 0x5d, 0x89, 0xc0, 0x13, 0x14,
    0xa0, 0x11, 0x4c, 0x96, 0xc, 0x28, 0xcb, 0x38,
    0x21, 0x6e, 0xec, 0x30, 0x9b, 0xfc, 0xdd, 0x49,
    0x14, 0x6e, 0x1, 0x16, 0xf7, 0xb, 0x7b, 0x98,
    0xe0, 0x1c, 0x62, 0x20, 0x31, 0x10, 0x7, 0x97,
    0xfb, 0x87, 0xdc, 0xfc, 0x70, 0x8, 0xff, 0x5f,
    0xa3, 0xfc, 0x9f, 0xc6, 0x0, 0x72, 0xf3, 0x22,
    0xc0, 0x44, 0x70, 0x3e, 0xc3, 0xc, 0xcc, 0x19,
    0x8e, 0x43, 0xb8, 0xc2, 0xfb, 0xb6, 0x19, 0x75,
    0xa0, 0x57, 0x7, 0x28, 0x89, 0xf7, 0x5d, 0xa2,
    0x17, 0x8e, 0x40, 0x18, 0x56, 0xb0, 0x40,

    /* U+5199 "写" */
    0xef, 0xff, 0xf8, 0x37, 0xdb, 0x7f, 0xfb, 0x81,
    0xc, 0x18, 0xc0, 0x3c, 0x94, 0x26, 0x1f, 0xdd,
    0xc5, 0x60, 0x5, 0x57, 0x77, 0x8c, 0x2, 0xc3,
    0x3f, 0x88, 0x3, 0x2f, 0xff, 0x6d, 0x0, 0x55,
    0x99, 0xe7, 0xf0, 0xbf, 0xff, 0x90, 0x88, 0x17,
    0xff, 0xf2, 0x2b, 0x80, 0x7f, 0x18, 0x10, 0x7,
    0x8b, 0xfd, 0x90, 0x1, 0xf1, 0x7f, 0xcc, 0x0,

    /* U+51FB "击" */
    0x0, 0xe4, 0xd0, 0xf, 0xfe, 0x45, 0x6e, 0xd2,
    0x5b, 0xb9, 0x0, 0x13, 0xdd, 0x51, 0x77, 0x65,
    0x0, 0x19, 0xf0, 0x19, 0xe1, 0x1, 0x22, 0xe0,
    0x22, 0xe0, 0xdc, 0xcd, 0x25, 0x99, 0xcb, 0x9b,
    0xdd, 0x59, 0x77, 0x5b, 0xca, 0x1a, 0x40, 0x1f,
    0x60, 0x80, 0x7f, 0xf4, 0x7a, 0xed, 0x5, 0x77,
    0x0, 0x6a, 0x9e, 0xe4, 0xd7, 0x74, 0x1, 0x0,

    /* U+5207 "切" */
    0x0, 0x70, 0x80, 0xbb, 0xfc, 0x20, 0x1c, 0x7d,
    0xc8, 0xee, 0xa0, 0xc0, 0x31, 0x34, 0xc8, 0x26,
    0x60, 0x34, 0x81, 0xee, 0x60, 0x8, 0x7, 0x8b,
    0xc3, 0x72, 0x0, 0xc4, 0x3, 0x99, 0xc4, 0xc0,
    0x26, 0x20, 0xc, 0x20, 0x1f, 0x1b, 0x0, 0x4,
    0x3, 0xc9, 0x21, 0x98, 0x0, 0x18, 0x80, 0x43,
    0x91, 0x84, 0x8e, 0x0, 0x63, 0x0, 0x29, 0xce,
    0x2c, 0xb0, 0x80, 0x9, 0x80, 0xb, 0x88, 0x12,
    0xd2, 0x1, 0x61, 0x80, 0x73, 0xae, 0x0, 0xff,
    0x9e, 0x80, 0x39, 0xf0, 0x40, 0x7f, 0xda, 0x40,

    /* U+5220 "删" */
    0x0, 0xff, 0xe0, 0x70, 0x2f, 0xfb, 0x93, 0xfd,
    0xc0, 0x1e, 0x7f, 0x0, 0x37, 0x80, 0x34, 0x3,
    0xff, 0xa2, 0x62, 0x40, 0x46, 0x40, 0x20, 0x11,
    0xc3, 0xf8, 0xc2, 0xf8, 0xc8, 0x4, 0x76, 0xda,
    0x34, 0xda, 0x30, 0x1, 0xf8, 0x44, 0x1, 0xf1,
    0xf8, 0x5, 0xe0, 0x13, 0x0, 0x5c, 0x40, 0x2,
    0x20, 0x5, 0x60, 0x12, 0x20, 0x1, 0xae, 0x1,
    0xe1, 0x62, 0xe4, 0x1, 0xe4, 0x6, 0xe5, 0x1a,
    0x3e, 0xaa, 0x1f, 0x50, 0x37, 0x58,

    /* U+524D "前" */
    0x0, 0xff, 0xe2, 0xda, 0x80, 0x61, 0xe2, 0x0,
    0xe8, 0xb1, 0x0, 0xad, 0xc8, 0x2, 0xcc, 0x78,
    0x6e, 0x64, 0xaa, 0xcc, 0x28, 0x7f, 0xdb, 0xff,
    0xb3, 0xfe, 0x40, 0x20, 0xc, 0x26, 0x79, 0x98,
    0x20, 0xfb, 0x10, 0xfe, 0x7, 0x80, 0xcd, 0x0,
    0x92, 0xed, 0x0, 0x1f, 0xe5, 0xdd, 0x50, 0x7,
    0xf9, 0x77, 0x54, 0x1, 0xfe, 0x4a, 0xa7, 0x80,
    0x7f, 0x96, 0x65, 0xa0, 0x2, 0xd0, 0xf, 0x9,
    0x98, 0x80, 0xa, 0xa0, 0x7, 0x80, 0x76, 0x52,
    0x0, 0x23, 0xdc, 0xc0, 0xd, 0x41, 0x9d, 0x0,
    0x8, 0xfe, 0x40,

    /* U+52A0 "加" */
    0x0, 0x1e, 0x80, 0x7f, 0xf0, 0x44, 0x3, 0x11,
    0x70, 0x0, 0x5c, 0x4, 0x60, 0xdd, 0xe0, 0x3e,
    0xb3, 0xee, 0x84, 0x3f, 0xe0, 0x1, 0xfd, 0xa7,
    0xf8, 0x4, 0x3, 0xf0, 0x88, 0x3, 0xff, 0x80,
    0x66, 0x0, 0xff, 0xe0, 0x77, 0x0, 0x3f, 0xf8,
    0x6, 0x40, 0x20, 0x1f, 0xe4, 0x40, 0x18, 0x80,
    0x7e, 0x53, 0x10, 0x13, 0x0, 0x8, 0xc0, 0x14,
    0xd0, 0x1, 0x18, 0x1, 0xdd, 0x0, 0x10, 0x19,
    0xfe, 0x7c, 0x1, 0xff, 0x0, 0x13, 0x1, 0xff,
    0x90, 0x3c, 0x2, 0xf0,

    /* U+52A8 "动" */
    0x0, 0xfe, 0xd2, 0x0, 0xd5, 0xbb, 0xa0, 0x0,
    0x60, 0x1d, 0x79, 0x9a, 0x40, 0x3f, 0x8, 0xf9,
    0xe0, 0x6e, 0x20, 0x40, 0x23, 0xc1, 0xc4, 0x6,
    0x4e, 0x27, 0xfd, 0xcf, 0xf6, 0xcd, 0x5, 0x50,
    0x84, 0xfa, 0x1b, 0xb9, 0xa0, 0x42, 0x0, 0x30,
    0xb, 0x30, 0x16, 0x0, 0x75, 0x0, 0x9, 0x80,
    0x15, 0x40, 0x2a, 0x1a, 0x60, 0x10, 0x83, 0x20,
    0xa8, 0xf0, 0x2e, 0x0, 0x80, 0x56, 0xb9, 0xfa,
    0xa8, 0x68, 0x6, 0x20, 0x8, 0xed, 0xa6, 0xf8,
    0x90, 0x2, 0x28, 0x1, 0x44, 0x2, 0x50, 0x7a,
    0xf8, 0xf0, 0xf, 0x93, 0x2, 0xbf, 0x90, 0x0,

    /* U+5319 "匙" */
    0x0, 0xfd, 0xc2, 0x1, 0xdb, 0x99, 0xbc, 0x3,
    0xfa, 0xa6, 0x60, 0xf, 0x8, 0x6, 0x11, 0x0,
    0x72, 0xec, 0x80, 0x55, 0x10, 0x90, 0xb, 0x3f,
    0xa0, 0x1, 0xb9, 0x9b, 0xc0, 0x1d, 0x46, 0x0,
    0x8e, 0xef, 0x38, 0x10, 0x6, 0x8f, 0xf5, 0xaf,
    0x71, 0xc0, 0x3e, 0x84, 0x7, 0x33, 0x8, 0x6,
    0x91, 0x2, 0x0, 0x14, 0x40, 0x81, 0x48, 0x8e,
    0x0, 0x59, 0x5, 0xbb, 0x1c, 0xc7, 0xf3, 0x9,
    0x9a, 0xad, 0xc4, 0x0, 0xf9, 0xb9, 0x1, 0x56,
    0xd8, 0xb9, 0xdc, 0xff, 0xdc, 0x32, 0xc0, 0x53,
    0xbd, 0xcf, 0xfd, 0xc2,

    /* U+5355 "单" */
    0x0, 0x95, 0x0, 0x31, 0xb8, 0x7, 0x9a, 0x84,
    0x2, 0xe0, 0xf, 0x2b, 0x14, 0x2a, 0xa4, 0xc9,
    0x40, 0x35, 0xe2, 0x85, 0xf0, 0x3e, 0x50, 0x7,
    0x44, 0xc8, 0xbe, 0x66, 0x0, 0xf6, 0x6e, 0x8e,
    0xb7, 0x60, 0xf, 0x66, 0xe8, 0xeb, 0x76, 0x0,
    0xf6, 0x6e, 0x8e, 0xb7, 0x60, 0xe, 0xfc, 0xc8,
    0xaf, 0x32, 0xe0, 0x0, 0x91, 0x9e, 0x3, 0x3e,
    0x20, 0x7f, 0xfe, 0x2b, 0xff, 0xe0, 0x6d, 0xde,
    0x39, 0xdd, 0xe0, 0xf, 0xfe, 0x18,

    /* U+53CB "友" */
    0x0, 0xc9, 0x80, 0x1f, 0xfc, 0x1, 0x70, 0xf,
    0xe3, 0x3b, 0x40, 0xcf, 0xe0, 0x7, 0x74, 0xeb,
    0xdd, 0xf0, 0x86, 0xec, 0x77, 0xbb, 0xf0, 0x80,
    0x63, 0x8c, 0xce, 0x50, 0xe, 0x40, 0x18, 0x8c,
    0x62, 0x1, 0xdc, 0xc4, 0xe8, 0x82, 0x34, 0x0,
    0xc2, 0xb7, 0x5c, 0x25, 0x1e, 0x1, 0xd0, 0xa4,
    0x8b, 0x98, 0x93, 0x0, 0xc8, 0xd0, 0x0, 0xe2,
    0x11, 0x0, 0x63, 0xba, 0x36, 0xda, 0xcc, 0x57,
    0x42, 0x1, 0xe2, 0xb6, 0x4e, 0x19, 0xb3, 0x46,
    0x4,

    /* U+53CC "双" */
    0x1e, 0xed, 0xed, 0xdd, 0xbe, 0x0, 0x7f, 0xf0,
    0xb9, 0xd7, 0xf9, 0x80, 0x23, 0x11, 0x80, 0x5c,
    0x46, 0x2d, 0x0, 0x4c, 0x2, 0x28, 0x6e, 0x80,
    0x8, 0x80, 0x5, 0x2a, 0x66, 0x1, 0x14, 0x10,
    0x84, 0x0, 0x3d, 0x4a, 0x80, 0x66, 0x1f, 0xa0,
    0xc, 0x6c, 0x46, 0x0, 0x7b, 0x46, 0x0, 0xe2,
    0x6, 0x0, 0x52, 0xb8, 0x80, 0x63, 0x4c, 0x81,
    0x4, 0x1, 0x0, 0xc3, 0xd6, 0x6e, 0x4d, 0x36,
    0xea, 0x0, 0x1d, 0x75, 0x8, 0xa8, 0xd4, 0xaa,
    0x38, 0x1a, 0xd0, 0x4, 0x7e, 0x60, 0x99, 0xa0,

    /* U+53D1 "发" */
    0x0, 0xff, 0xe2, 0xb8, 0x85, 0xb0, 0x1b, 0x80,
    0x71, 0xc8, 0x82, 0x90, 0x15, 0x30, 0x6, 0xa6,
    0x1, 0x12, 0x80, 0xe7, 0x0, 0x44, 0xcb, 0x98,
    0xd, 0xcc, 0x6a, 0x60, 0x0, 0xab, 0xbd, 0x97,
    0xff, 0xc0, 0x12, 0x99, 0x93, 0xc8, 0xb1, 0x98,
    0x3, 0x98, 0x2b, 0xbb, 0x50, 0x7, 0xa0, 0x2f,
    0xfe, 0x1e, 0x0, 0xea, 0x2c, 0xa1, 0x9, 0x24,
    0x0, 0xce, 0x9c, 0x73, 0xb0, 0xfa, 0x1, 0xa6,
    0x5a, 0x40, 0xe2, 0xf2, 0x20, 0x11, 0xae, 0x18,
    0xbf, 0x3c, 0xcb, 0x14, 0x0, 0x78, 0x4b, 0xfd,
    0x94, 0xdd, 0x53, 0xe4, 0x1, 0x2f, 0x49, 0x0,
    0x4d, 0x9e, 0x40,

    /* U+53D6 "取" */
    0x5f, 0xff, 0x8, 0x7, 0x96, 0x57, 0xfc, 0x1f,
    0xfe, 0xe0, 0xf, 0xde, 0x5f, 0xec, 0x20, 0x9,
    0x7b, 0x80, 0x1, 0x30, 0x2, 0xa8, 0x2, 0x5e,
    0xe0, 0x4, 0xa8, 0x1b, 0x80, 0x1f, 0xdb, 0xa1,
    0x45, 0x0, 0x97, 0xb8, 0x1, 0x3b, 0x99, 0x40,
    0x32, 0xf7, 0x0, 0x21, 0x58, 0x90, 0xe, 0x24,
    0x9, 0x20, 0x21, 0x30, 0x2, 0x42, 0x76, 0x86,
    0x92, 0x3a, 0xd0, 0x1, 0x3f, 0xb2, 0x41, 0x16,
    0xb6, 0xda, 0x40, 0x2, 0x1, 0x86, 0x74, 0xc3,
    0x4c, 0xc0, 0x1d, 0xe3, 0x86, 0x0, 0x1a, 0x30,

    /* U+53EF "可" */
    0x9f, 0xff, 0xfb, 0xa7, 0xbb, 0xf8, 0x33, 0x80,
    0x47, 0xfe, 0x0, 0xbf, 0xbb, 0x60, 0x7, 0xec,
    0xcb, 0x48, 0x3, 0xf1, 0x16, 0x0, 0xff, 0xe5,
    0x19, 0xca, 0x1, 0xfd, 0xff, 0x42, 0x80, 0x7c,
    0x39, 0x9a, 0xc0, 0x3e, 0xe0, 0xc, 0x23, 0x80,
    0x3f, 0x97, 0xb8, 0x64, 0x1, 0xf9, 0x3f, 0xd8,
    0x0,

    /* U+53F8 "司" */
    0x9f, 0xff, 0xf4, 0xcb, 0xff, 0xfa, 0x0, 0x48,
    0xbf, 0x0, 0x4f, 0xdd, 0xf4, 0x80, 0x4d, 0x99,
    0xf5, 0x80, 0x6b, 0xff, 0xed, 0x0, 0xe7, 0xbf,
    0xfb, 0x4c, 0x3, 0xff, 0x8c, 0x45, 0x98, 0x3,
    0xeb, 0xee, 0xa1, 0x40, 0x39, 0xbb, 0x33, 0x58,
    0x8b, 0xc0, 0x14, 0x60, 0x1d, 0x9c, 0xd8, 0x1,
    0xfb, 0x7f, 0x94,

    /* U+5409 "吉" */
    0x0, 0xf6, 0x20, 0x7, 0xff, 0x19, 0x7b, 0xb8,
    0xef, 0xbb, 0x62, 0xf7, 0x71, 0xd7, 0x76, 0xc0,
    0xf, 0x84, 0x3, 0xcb, 0x77, 0x8e, 0x6e, 0xf1,
    0x3, 0xff, 0xeb, 0x9f, 0xfc, 0x40, 0x48, 0x9f,
    0xe0, 0xa, 0x3f, 0xff, 0x50, 0x6, 0x6f, 0xff,
    0x38, 0x7, 0xff, 0x18, 0xcf, 0xe1, 0x0, 0xe4,
    0xff, 0xf3, 0x80, 0x0,

    /* U+540E "后" */
    0x0, 0xf0, 0x9a, 0xbd, 0x50, 0x3, 0x66, 0xf7,
    0xe7, 0xfe, 0x80, 0xc, 0x7f, 0xdf, 0xb9, 0x50,
    0xa4, 0x1, 0xc6, 0x1, 0xff, 0xc1, 0xef, 0xff,
    0xe3, 0x0, 0xbb, 0xff, 0xf8, 0xc0, 0x21, 0x0,
    0xff, 0x88, 0x0, 0xff, 0xff, 0x18, 0x1, 0x88,
    0x3d, 0xff, 0xf8, 0x40, 0x23, 0x70, 0xf, 0xfe,
    0x5, 0xe0, 0x7, 0xfc, 0x66, 0x70, 0x3, 0x66,
    0x70, 0x80, 0x1d, 0xc2, 0x0, 0x4f, 0xfe, 0x10,
    0x2, 0x40, 0x2, 0x28, 0xcf, 0xb8, 0xc0,

    /* U+56DE "回" */
    0x1f, 0xff, 0xf9, 0xc0, 0x1f, 0xff, 0xca, 0x1,
    0xff, 0xc6, 0xff, 0xe3, 0x0, 0xfd, 0xff, 0x1b,
    0x80, 0x7f, 0xf5, 0xbf, 0xe3, 0x0, 0xfd, 0xff,
    0xc8, 0x1, 0xff, 0xc6, 0xdd, 0xfe, 0x50, 0xb,
    0xff, 0xf9, 0x0,

    /* U+5728 "在" */
    0x0, 0xea, 0x50, 0xf, 0xfe, 0x2, 0xb8, 0x7,
    0xc3, 0xbb, 0x83, 0xf7, 0x7c, 0x22, 0xee, 0x8e,
    0x3b, 0xbe, 0x10, 0x33, 0x29, 0xb9, 0x99, 0x18,
    0xce, 0x0, 0x86, 0x24, 0x2, 0xd3, 0x0, 0xf6,
    0x92, 0x0, 0x61, 0x0, 0xeb, 0x30, 0x5, 0xff,
    0x96, 0x3f, 0xd0, 0x6, 0x14, 0x0, 0xbf, 0xf2,
    0xcf, 0xfa, 0x0, 0xec, 0x40, 0x3f, 0xfb, 0xeb,
    0xff, 0x2c, 0xff, 0xc4,

    /* U+578B "型" */
    0x0, 0xff, 0x87, 0x80, 0x9, 0x9f, 0x79, 0xf6,
    0x3c, 0x1, 0xc9, 0xa3, 0x7c, 0x56, 0x20, 0x1e,
    0x12, 0x1, 0x60, 0x10, 0xf, 0xab, 0x87, 0x24,
    0xb1, 0x40, 0x3d, 0x74, 0xdb, 0xe5, 0xaa, 0x80,
    0x1c, 0x53, 0x40, 0x1d, 0x44, 0x40, 0xa, 0x2c,
    0xc0, 0xd, 0x20, 0x3d, 0xf2, 0x0, 0xa5, 0x0,
    0x15, 0x30, 0x8b, 0x30, 0xe0, 0x16, 0xf7, 0x60,
    0xfe, 0xe6, 0x0, 0x6d, 0xee, 0xc1, 0xdd, 0x60,
    0x0, 0xe6, 0x7a, 0x2, 0x67, 0x88, 0x7f, 0xfd,
    0x3f, 0xfc, 0x0,

    /* U+586B "填" */
    0x0, 0xff, 0xe2, 0x70, 0x80, 0x67, 0x90, 0xf,
    0xe9, 0xaa, 0x92, 0xaa, 0x0, 0xf5, 0xcc, 0x82,
    0x26, 0x50, 0x2, 0x42, 0xa2, 0x57, 0x62, 0xdb,
    0xb1, 0x83, 0xf8, 0x4c, 0x3, 0x6d, 0x6e, 0x94,
    0xc1, 0xb4, 0x72, 0x40, 0x77, 0x71, 0x80, 0x7f,
    0x11, 0x60, 0xf, 0xe1, 0xbb, 0xc6, 0x1, 0xc6,
    0x80, 0x31, 0x18, 0xc0, 0x25, 0x1d, 0xd3, 0x87,
    0x76, 0xa, 0x37, 0x89, 0xfb, 0x8, 0xbf, 0xb,
    0x6f, 0x7, 0xd6, 0x2, 0x5c, 0x79, 0x75, 0x52,
    0x18, 0x6, 0x3f, 0xeb, 0x10, 0x99, 0x70, 0x7,
    0x1e, 0xa8, 0x6, 0x4d, 0x0,

    /* U+5904 "处" */
    0x0, 0xb4, 0x40, 0x23, 0xe0, 0xf, 0x11, 0x4,
    0x3, 0xfe, 0x40, 0xcc, 0x58, 0x80, 0x7e, 0xc7,
    0xf8, 0x40, 0x0, 0xa0, 0x6, 0x15, 0xc3, 0x1,
    0x10, 0x2, 0x8c, 0x2, 0x60, 0x20, 0x34, 0x0,
    0xd, 0x69, 0x0, 0xcc, 0x68, 0x66, 0x0, 0x24,
    0x9e, 0x1, 0xd7, 0x54, 0x43, 0x80, 0x67, 0x41,
    0x3, 0x9, 0xb5, 0x10, 0xe, 0x81, 0x0, 0x90,
    0x34, 0x3, 0xfc, 0x3c, 0xb2, 0xe0, 0x54, 0x1,
    0xc5, 0x8d, 0x59, 0x5b, 0x22, 0x67, 0x11, 0xea,
    0x58, 0x16, 0xc0, 0xcf, 0x6e, 0x9c, 0xf6, 0x40,
    0x32, 0xce, 0x6f, 0x71, 0x40,

    /* U+5907 "备" */
    0x0, 0xff, 0xe3, 0xe3, 0x0, 0x7f, 0xd6, 0x75,
    0x99, 0x88, 0x3, 0xe, 0x25, 0xf7, 0x4c, 0xe4,
    0x1, 0x2f, 0xa4, 0x53, 0x1c, 0x85, 0x80, 0x64,
    0xc8, 0x78, 0xbe, 0x1a, 0x0, 0xe1, 0x13, 0xe4,
    0x3c, 0x3f, 0x4b, 0x18, 0x17, 0xef, 0x4f, 0x43,
    0xee, 0xbb, 0x74, 0x85, 0xd2, 0xd7, 0xdf, 0xee,
    0xd8, 0x2e, 0x40, 0x10, 0x5e, 0xe6, 0x8f, 0x72,
    0x80, 0x3c, 0xbb, 0xac, 0x1d, 0xd5, 0x80, 0x79,
    0x77, 0x58, 0x3b, 0xab, 0x0, 0xf3, 0xbd, 0x62,
    0xee, 0xf0, 0xf, 0xee, 0x80, 0xf, 0xcf, 0xae,
    0xfe, 0xa9, 0x0, 0x0,

    /* U+5B50 "子" */
    0x0, 0x57, 0xff, 0xf1, 0x0, 0x57, 0xdd, 0xe8,
    0x9, 0x20, 0x8, 0x47, 0x8e, 0xaf, 0x58, 0x3,
    0xf1, 0xee, 0xb0, 0x80, 0x3f, 0x9c, 0x98, 0x3,
    0xd9, 0x9d, 0x25, 0x99, 0xcc, 0x11, 0x1d, 0x43,
    0x11, 0xc8, 0x8, 0x9c, 0x66, 0x44, 0xe2, 0x0,
    0xff, 0xf1, 0x6f, 0xda, 0x80, 0x7f, 0xb7, 0xfd,
    0x0, 0x1e,

    /* U+5B57 "字" */
    0x0, 0xe1, 0x80, 0xf, 0x84, 0x70, 0x2b, 0x88,
    0xf0, 0x7f, 0xf1, 0xcf, 0xff, 0x0, 0x3f, 0xbb,
    0xf6, 0x0, 0x8, 0x2f, 0xff, 0xd0, 0x4, 0x18,
    0x37, 0xdd, 0xa0, 0x70, 0xb0, 0x3, 0x8, 0x8e,
    0xf3, 0xd0, 0x2, 0x11, 0xef, 0x2a, 0x1, 0x10,
    0x27, 0x77, 0x13, 0xf7, 0x6b, 0x4f, 0xfe, 0x2b,
    0xff, 0xd6, 0x1, 0xff, 0xd2, 0xdf, 0x35, 0x0,
    0xfe, 0xdf, 0xe1, 0x0, 0xe0,

    /* U+5B81 "宁" */
    0x0, 0xff, 0xe3, 0xf, 0x8, 0x7, 0xf8, 0x51,
    0xc0, 0x3d, 0x9f, 0xf9, 0x67, 0xff, 0x18, 0xd,
    0xf7, 0x7e, 0x20, 0x3, 0xb0, 0x8f, 0xe7, 0x11,
    0x48, 0x99, 0xfe, 0x90, 0x5e, 0xee, 0xce, 0xee,
    0xa4, 0xdd, 0xe1, 0xfd, 0xdd, 0x0, 0x1f, 0xfe,
    0x11, 0x0, 0xfe, 0x4f, 0xf1, 0x90, 0x7, 0xe4,
    0xff, 0x60, 0x7, 0x80,

    /* U+5B8C "完" */
    0x0, 0xf5, 0x8, 0x7, 0xe1, 0x1e, 0x81, 0x1c,
    0x1, 0x77, 0x72, 0x37, 0x77, 0x0, 0x5b, 0xff,
    0xfb, 0x40, 0x3b, 0x37, 0x7d, 0x20, 0x1b, 0x8b,
    0x73, 0x3d, 0x5, 0xc0, 0x18, 0x47, 0xf0, 0x4,
    0x7f, 0xff, 0xfc, 0x3, 0x37, 0xfc, 0xd1, 0xfe,
    0xf, 0xfc, 0x60, 0x19, 0x48, 0x3, 0xfe, 0x23,
    0x40, 0xf, 0x29, 0x80, 0xf, 0xe0, 0x40, 0x21,
    0x0, 0x63, 0x8e, 0xf4, 0x38, 0x4, 0x9d, 0xfe,
    0x45, 0x1f, 0xd5, 0x0, 0xd7, 0xff, 0x68, 0x80,

    /* U+5B9A "定" */
    0x0, 0xf4, 0x10, 0x7, 0xff, 0x0, 0x60, 0x3,
    0xee, 0xff, 0xcc, 0xbf, 0xfb, 0x80, 0x2d, 0xff,
    0xfd, 0xa0, 0x1c, 0xef, 0xf8, 0x40, 0x2e, 0x2e,
    0xea, 0xa9, 0xdd, 0x17, 0x0, 0x6b, 0x99, 0x2a,
    0xa6, 0x61, 0x0, 0xed, 0x10, 0x0, 0x80, 0x7e,
    0x30, 0x10, 0x3, 0x77, 0x54, 0x1, 0x90, 0xc,
    0x0, 0xfd, 0xd5, 0x0, 0x69, 0x7e, 0x10, 0xf,
    0xe8, 0x28, 0xbf, 0x52, 0x10, 0xe, 0x36, 0xd0,
    0x6c, 0x47, 0xef, 0xfc, 0x87, 0xe2, 0x0, 0x29,
    0xdf, 0xfe, 0x40,

    /* U+5BB6 "家" */
    0x0, 0xff, 0xe3, 0x8f, 0x10, 0x7, 0xd5, 0x77,
    0x50, 0xfd, 0xde, 0xa0, 0x2, 0x74, 0x45, 0x9d,
    0x11, 0x72, 0x0, 0x48, 0x67, 0xf9, 0xc0, 0x2c,
    0x2e, 0xe7, 0xfb, 0xbb, 0x16, 0x0, 0x8, 0xfa,
    0x42, 0x3b, 0xac, 0x32, 0x0, 0x24, 0xe8, 0x6c,
    0x90, 0x36, 0x28, 0x4, 0x59, 0xab, 0x7, 0x37,
    0x6f, 0x60, 0x9, 0x82, 0xfa, 0x7d, 0x34, 0xc0,
    0x3a, 0xb2, 0x31, 0x7c, 0x55, 0xac, 0x3, 0x54,
    0xae, 0xf6, 0x90, 0x43, 0x50, 0x5, 0x7d, 0xcc,
    0x82, 0x32, 0xc, 0x1d, 0x20, 0x8e, 0x85, 0xfc,
    0x91, 0x0, 0x5c, 0x90, 0x18, 0x1, 0x3f, 0x98,
    0x3, 0x20, 0x0,

    /* U+5C11 "少" */
    0x0, 0xf7, 0x10, 0x7, 0xff, 0x28, 0xa4, 0x3,
    0x86, 0x0, 0x3a, 0xc4, 0x3, 0x85, 0x14, 0x2,
    0x17, 0x90, 0xf, 0x75, 0x88, 0x2, 0xd8, 0x40,
    0x3c, 0x4f, 0x0, 0x6f, 0x0, 0x1f, 0xa1, 0x40,
    0xf4, 0x3, 0xf4, 0x1e, 0x0, 0x7c, 0xe6, 0x12,
    0x84, 0x1, 0xfa, 0x4e, 0xd7, 0x40, 0x3f, 0x1d,
    0x69, 0xe0, 0x80, 0x44, 0x8f, 0x5d, 0xcd, 0xe8,
    0x0, 0xe4, 0x8e, 0xcc, 0x6b, 0x88, 0x7, 0x80,

    /* U+5DDD "川" */
    0x0, 0xff, 0xe1, 0xf1, 0x0, 0x5, 0x0, 0x2e,
    0x20, 0xf, 0x2c, 0x80, 0x7f, 0xf8, 0x84, 0x3,
    0xff, 0x82, 0x60, 0x1f, 0xe1, 0x1, 0x0, 0xff,
    0x29, 0x0, 0x7f, 0xda, 0x80, 0x1f, 0xe1, 0x6a,
    0x0, 0x9c, 0x40, 0x39, 0x98, 0x60, 0x11, 0xe0,
    0x7, 0x3c, 0x80, 0x7f, 0x71, 0x0,

    /* U+5DF2 "已" */
    0xdf, 0xff, 0xe7, 0x0, 0x6f, 0xff, 0xe5, 0x0,
    0xcc, 0x1, 0xff, 0xc, 0x80, 0x7f, 0xf0, 0x44,
    0x7f, 0x0, 0x77, 0x77, 0xc8, 0x1, 0xdf, 0xff,
    0x49, 0x80, 0x7f, 0xcc, 0x80, 0x1f, 0xfc, 0x19,
    0x10, 0xf, 0xf9, 0x80, 0x41, 0x0, 0x3c, 0x2e,
    0x42, 0x13, 0x5f, 0xfe, 0xea, 0xe0,

    /* U+5F00 "开" */
    0xc, 0xff, 0xff, 0x68, 0x3, 0x3f, 0xc3, 0xbf,
    0xf0, 0x6f, 0xe8, 0x7, 0xff, 0x7d, 0x3f, 0xe1,
    0xdf, 0xf8, 0x37, 0xfc, 0x69, 0xdc, 0xd0, 0xee,
    0xc1, 0x9d, 0xc3, 0x1, 0x13, 0x10, 0x8e, 0x1,
    0x18, 0x3, 0x72, 0x80, 0x7f, 0xc8, 0xb2, 0x1,
    0xfe, 0x4b, 0xa1, 0x0, 0xff, 0x45, 0x28, 0x7,
    0xfd, 0x8a, 0x1, 0xef, 0x20, 0x8,

    /* U+6001 "态" */
    0x0, 0xf4, 0x40, 0x3, 0xff, 0x80, 0x7c, 0x1,
    0xe3, 0xee, 0xe4, 0x9e, 0xee, 0x33, 0x77, 0x6a,
    0x13, 0x8e, 0xec, 0x60, 0x1d, 0x13, 0xf0, 0x20,
    0x1f, 0xa4, 0x54, 0xdb, 0x8, 0x3, 0x93, 0x16,
    0x31, 0xe1, 0x76, 0x4, 0x7, 0xa6, 0xb1, 0x72,
    0xce, 0x2d, 0x38, 0x45, 0x9e, 0xe8, 0x1f, 0x6,
    0xd, 0x1c, 0x20, 0x78, 0x52, 0x1d, 0x46, 0x0,
    0xa0, 0x9, 0xd0, 0x2, 0x3b, 0x40, 0x44, 0x30,
    0x2, 0xf8, 0x3, 0x2b, 0x9d, 0xcc, 0x80, 0xa,
    0x86, 0x1f, 0xfb, 0x2c, 0xd8, 0x0,

    /* U+6210 "成" */
    0x0, 0xf9, 0x6d, 0x28, 0x40, 0x3f, 0xce, 0x87,
    0xe4, 0x1, 0x19, 0x16, 0x31, 0x2b, 0x77, 0x0,
    0xf, 0x3f, 0xf4, 0x17, 0xf9, 0x21, 0x0, 0x3,
    0xbb, 0xbc, 0x37, 0x5d, 0x88, 0x0, 0x1b, 0xb9,
    0x44, 0x4, 0x35, 0x40, 0x21, 0xff, 0x9, 0x1,
    0x11, 0xd, 0x0, 0x23, 0x44, 0x18, 0x83, 0xac,
    0x58, 0x4, 0xe2, 0x0, 0x30, 0x6, 0xc0, 0xb0,
    0x4, 0x4e, 0x0, 0x12, 0x2, 0x1e, 0x3, 0x10,
    0xf3, 0x8d, 0x55, 0x1d, 0x8a, 0x85, 0xb8, 0x3d,
    0xc6, 0x73, 0xe4, 0x5c, 0x19, 0x95, 0x8, 0xc0,
    0x4a, 0xf1, 0x96, 0x71, 0xcd, 0x30, 0x2, 0x2d,
    0x30, 0x3, 0xfe, 0x0,

    /* U+6211 "我" */
    0x0, 0xc9, 0x14, 0x3e, 0xe, 0x40, 0x14, 0xef,
    0xd8, 0x70, 0x80, 0x8b, 0xc4, 0x1, 0x5f, 0xa3,
    0x8, 0x1, 0x35, 0x68, 0x0, 0xc8, 0x3, 0x84,
    0xc1, 0xf8, 0x7, 0x75, 0xe3, 0xbb, 0xf, 0xee,
    0xbd, 0x7, 0xfd, 0x21, 0xff, 0x25, 0x7f, 0x7a,
    0x1, 0x11, 0x84, 0x8b, 0x79, 0x4a, 0x80, 0x67,
    0x1a, 0xe7, 0xf3, 0x57, 0x70, 0x16, 0xfc, 0x7,
    0xf9, 0xd1, 0x17, 0xc0, 0x2, 0x9f, 0xf0, 0xa8,
    0x83, 0x4, 0x19, 0x8, 0x20, 0x7, 0x3d, 0x1f,
    0x83, 0xc8, 0x7, 0xe, 0x56, 0x73, 0x26, 0xf0,
    0x1f, 0xeb, 0x8c, 0x69, 0x12, 0xad, 0x9c, 0xf,
    0xfd, 0x20, 0x80, 0x12, 0xff, 0x8,

    /* U+624D "才" */
    0x0, 0xfd, 0xc6, 0x1, 0xff, 0xd1, 0x3f, 0xff,
    0x87, 0x3f, 0xdc, 0x7b, 0xbd, 0x40, 0xb, 0xdd,
    0x78, 0x11, 0x63, 0x89, 0x17, 0x22, 0x8, 0x7,
    0x53, 0xb0, 0x7, 0xf5, 0x3d, 0x0, 0x7f, 0x53,
    0xe8, 0x7, 0xe2, 0xc6, 0xc1, 0x0, 0xf9, 0x75,
    0x70, 0x40, 0x3f, 0x2d, 0xc8, 0x6, 0x11, 0x0,
    0x72, 0x0, 0x4b, 0xfc, 0x66, 0x0, 0xfc, 0xbf,
    0xec, 0x0, 0xc0,

    /* U+6253 "打" */
    0x0, 0x17, 0x0, 0x7f, 0xf1, 0x26, 0x7e, 0x50,
    0xf, 0x77, 0x66, 0xee, 0x31, 0xfe, 0x8f, 0xeb,
    0xbc, 0xc0, 0xce, 0x66, 0xec, 0xe, 0xd0, 0xf,
    0xe1, 0x1c, 0x1, 0xff, 0xc0, 0x16, 0xa0, 0xf,
    0xc5, 0x3e, 0x19, 0xe0, 0x1f, 0x8c, 0x6c, 0x69,
    0x40, 0x3f, 0xc, 0x20, 0x7, 0xff, 0x58, 0xc0,
    0x40, 0x2a, 0xd4, 0x0, 0xa3, 0xf5, 0x0, 0x35,
    0x7d, 0x0, 0x51, 0xfe, 0xb0, 0x8,

    /* U+6267 "执" */
    0x0, 0xff, 0xe2, 0x61, 0x80, 0x5a, 0x40, 0x1f,
    0xfd, 0x58, 0xe3, 0xca, 0xee, 0x16, 0x77, 0xa0,
    0x2, 0x38, 0xee, 0xbf, 0xc3, 0xbe, 0x62, 0x1,
    0xce, 0x2, 0x31, 0x8b, 0x88, 0x7, 0x5c, 0x54,
    0x0, 0x7c, 0xb8, 0x66, 0xdb, 0x20, 0x50, 0x70,
    0x8, 0x60, 0xe1, 0x44, 0x92, 0x28, 0x3, 0x22,
    0x0, 0x33, 0x46, 0xfb, 0x80, 0x7e, 0x75, 0x30,
    0x52, 0x17, 0x10, 0xc, 0xf3, 0x20, 0xb, 0xb3,
    0x6, 0x5e, 0x21, 0x5a, 0x40, 0x13, 0x3b, 0x88,
    0x9f, 0xa7, 0xa6, 0x1, 0x87, 0xb0, 0x0,

    /* U+62E9 "择" */
    0x0, 0x5a, 0x0, 0x7f, 0xf0, 0xeb, 0xff, 0xc2,
    0x1, 0xea, 0x58, 0xff, 0x43, 0x88, 0x47, 0xa5,
    0xf0, 0x55, 0xbc, 0xf4, 0x0, 0x23, 0xd2, 0xf8,
    0x1, 0x70, 0xfa, 0x1, 0xf0, 0xcf, 0x75, 0x51,
    0xb0, 0x1, 0x3c, 0x43, 0x3e, 0x68, 0x33, 0xf0,
    0x1f, 0xcd, 0x20, 0xb7, 0x12, 0x72, 0x50, 0x13,
    0x93, 0x5, 0xbf, 0xc7, 0x5f, 0x0, 0x3, 0x10,
    0x8, 0x4c, 0xc0, 0x67, 0x0, 0x79, 0x3f, 0xe3,
    0xbf, 0xf7, 0x0, 0x72, 0x7f, 0xc7, 0x7f, 0xee,
    0x2, 0xf5, 0x50, 0x7, 0xf8, 0xbf, 0x84, 0x3,
    0x62, 0x0, 0x60,

    /* U+6307 "指" */
    0x0, 0xff, 0xe2, 0x1e, 0x80, 0x34, 0xc0, 0x3f,
    0xf8, 0x69, 0x3c, 0xc0, 0x1f, 0xbb, 0x9f, 0xd8,
    0xc0, 0x5f, 0x85, 0xee, 0x11, 0xd6, 0xe4, 0x8c,
    0x5b, 0x45, 0xac, 0x2, 0x1, 0xb7, 0x80, 0x98,
    0x8, 0x6e, 0xbf, 0xf2, 0x50, 0x6, 0x55, 0x37,
    0x7f, 0xed, 0x21, 0x8e, 0x2c, 0x6d, 0xee, 0xef,
    0x0, 0x7d, 0x94, 0x98, 0x67, 0x76, 0x0, 0xb,
    0xa8, 0x6, 0xcd, 0xdc, 0x1, 0xfd, 0x9b, 0xb8,
    0x3, 0xf9, 0xcc, 0xf0, 0x5, 0x3a, 0x80, 0x17,
    0x44, 0x60, 0xa, 0x7a, 0x40, 0x1b, 0x77, 0xde,
    0x0,

    /* U+6309 "按" */
    0x0, 0xff, 0xe2, 0x5a, 0x0, 0x6c, 0x50, 0xf,
    0xf0, 0x89, 0x7c, 0x46, 0x0, 0xf6, 0xf7, 0x19,
    0x7b, 0xa0, 0x9f, 0x4b, 0xb0, 0x6f, 0xcf, 0xfc,
    0x0, 0x9f, 0x3b, 0xb3, 0x9a, 0xd0, 0x4, 0x60,
    0x13, 0x80, 0xf2, 0xf2, 0xa2, 0x50, 0x1, 0xcb,
    0xf0, 0x85, 0xf3, 0x5e, 0x40, 0x8d, 0x53, 0x6a,
    0xd7, 0x64, 0x6b, 0x2a, 0x83, 0xbd, 0x26, 0xd0,
    0x3, 0xd0, 0x2, 0xb1, 0x44, 0xa, 0x6a, 0x92,
    0x84, 0x1, 0xf9, 0xb9, 0xd8, 0xc0, 0x3f, 0xb,
    0x6b, 0x61, 0x69, 0x81, 0xf3, 0x28, 0x66, 0x26,
    0xce, 0xed, 0x0, 0x7d, 0xa2, 0x1b, 0x48, 0x1,
    0x35, 0x80,

    /* U+6362 "换" */
    0x0, 0xff, 0xe2, 0x70, 0x80, 0xb, 0x80, 0x3f,
    0xf8, 0x10, 0x19, 0x93, 0x0, 0x71, 0x82, 0xbe,
    0x74, 0x1a, 0x80, 0x23, 0xc7, 0x6a, 0x96, 0x22,
    0x96, 0x0, 0xa3, 0xc7, 0x78, 0x76, 0x71, 0x8f,
    0xc, 0x3, 0x1a, 0x17, 0xd0, 0xcd, 0x0, 0x79,
    0xc8, 0x3, 0xf9, 0x28, 0x68, 0x3, 0x9, 0x0,
    0x62, 0xc0, 0xd9, 0x2a, 0xf0, 0xfe, 0x1d, 0x46,
    0x60, 0x85, 0xf7, 0x10, 0xd3, 0xba, 0x40, 0xf,
    0x48, 0x60, 0x48, 0x7, 0xc5, 0x65, 0x61, 0x67,
    0xa8, 0x5, 0xe4, 0x1f, 0xb6, 0x1, 0x54, 0x49,
    0x97, 0xe0, 0xeb, 0x0, 0x72, 0xe9, 0x80,

    /* U+6539 "改" */
    0x0, 0xfd, 0x0, 0x1e, 0xaa, 0xd2, 0x2, 0xc0,
    0x1e, 0xcc, 0xcc, 0x8, 0xa0, 0x1e, 0x66, 0x9c,
    0x1, 0xc9, 0xff, 0x84, 0x3, 0xc4, 0x97, 0xfe,
    0xe, 0x10, 0xff, 0xb8, 0x24, 0xb0, 0xc, 0x84,
    0x2, 0xce, 0xe8, 0xbd, 0x41, 0x10, 0x1, 0x88,
    0x46, 0x92, 0x13, 0xad, 0x0, 0xff, 0x56, 0x82,
    0x0, 0x79, 0x24, 0x0, 0xe3, 0x40, 0x1d, 0x7d,
    0x1e, 0x3, 0xa9, 0x26, 0x0, 0x20, 0x2c, 0xc3,
    0x2f, 0xad, 0xdb, 0x18, 0xb, 0xa0, 0x80, 0x66,
    0xe4, 0x17, 0x30, 0x0,

    /* U+6570 "数" */
    0x3, 0x3b, 0x1, 0x84, 0x2c, 0x3, 0x87, 0xc0,
    0x5, 0x62, 0x25, 0x0, 0xf3, 0x30, 0x56, 0x5,
    0x14, 0x3, 0xa4, 0x6c, 0xaf, 0x9b, 0x13, 0xfe,
    0x90, 0xbf, 0x1, 0xe, 0x77, 0xbe, 0x1a, 0x42,
    0x21, 0x45, 0xbe, 0xe6, 0x81, 0xbe, 0x0, 0xec,
    0x1a, 0x1a, 0xbf, 0x21, 0x47, 0x0, 0x7d, 0xd5,
    0x2e, 0xd8, 0x4f, 0x4, 0x20, 0x8, 0x27, 0xee,
    0x38, 0x2, 0x9a, 0x80, 0x33, 0x88, 0x47, 0x80,
    0x1c, 0x3, 0x87, 0x87, 0x44, 0xc0, 0xea, 0x90,
    0x40, 0x3, 0x95, 0xa4, 0x56, 0xda, 0x5b, 0xc5,
    0x9, 0xcd, 0x58, 0x7d, 0xc4, 0x5, 0xa3,

    /* U+65B0 "新" */
    0x0, 0xa4, 0x80, 0x3c, 0x86, 0x0, 0x11, 0x5,
    0x88, 0x8a, 0x33, 0xe1, 0x0, 0x73, 0x8, 0x8c,
    0xc3, 0x2c, 0xf6, 0x38, 0xe, 0x6, 0xe8, 0xf0,
    0x19, 0x44, 0x3, 0x98, 0xd5, 0x40, 0x1f, 0x93,
    0x5f, 0x6d, 0xf4, 0xd3, 0xff, 0x32, 0x66, 0x26,
    0x59, 0x83, 0x4f, 0xe1, 0xf6, 0x4e, 0xe4, 0x43,
    0xb8, 0x40, 0x1e, 0x4f, 0xd8, 0x85, 0x71, 0x88,
    0x7, 0x99, 0x0, 0x1c, 0xa4, 0x40, 0xe, 0x19,
    0x60, 0x4, 0x4e, 0xe0, 0x7, 0xac, 0x40, 0x5,
    0xe8, 0x80, 0xe, 0x15, 0x79, 0x30, 0x76, 0x0,
    0xf0,

    /* U+6635 "昵" */
    0xef, 0xf7, 0x7, 0xff, 0xc0, 0x3f, 0xe1, 0x0,
    0x7f, 0xf0, 0x7, 0xe5, 0x5e, 0x0, 0xfd, 0x99,
    0xcc, 0x0, 0xff, 0x0, 0x52, 0x93, 0x38, 0x1,
    0xfe, 0x0, 0xc4, 0x0, 0x4b, 0x0, 0xe1, 0x10,
    0x0, 0xee, 0x7c, 0x3, 0x88, 0x80, 0xf, 0xed,
    0x40, 0x6, 0x60, 0x19, 0x80, 0xc, 0x50, 0xd,
    0xdc, 0xdf, 0xc0, 0xe, 0x66, 0x59, 0x10, 0xd1,
    0xc0, 0x3b, 0xc1, 0x0, 0x8, 0xc2, 0xb, 0xff,
    0x3b, 0x80, 0x25, 0x80, 0x5, 0x7f, 0xdc, 0x20,

    /* U+663E "显" */
    0x0, 0x6f, 0x6e, 0xfb, 0xcc, 0x3, 0xb7, 0x7e,
    0x20, 0xf, 0x76, 0xef, 0x88, 0x3, 0xdd, 0xbb,
    0xe2, 0x0, 0xf7, 0xe6, 0x78, 0x80, 0x3b, 0x37,
    0xab, 0x7a, 0xb7, 0x8c, 0x2, 0x37, 0x13, 0x81,
    0x38, 0x11, 0x48, 0x4, 0x50, 0x40, 0x1e, 0x81,
    0x0, 0x86, 0x64, 0x1, 0xc4, 0x90, 0x1, 0x9f,
    0x0, 0x39, 0xb8, 0x2, 0x38, 0x87, 0xc0, 0xc4,
    0x7, 0x2a, 0x20, 0x61, 0xff, 0x74, 0x7f, 0x47,
    0xfe, 0x10,

    /* U+664B "晋" */
    0x4, 0xaa, 0xbe, 0xaf, 0xea, 0xa5, 0x0, 0x20,
    0x75, 0x5, 0x50, 0x2a, 0x41, 0x40, 0x2e, 0x80,
    0xf, 0x47, 0x80, 0x64, 0x50, 0xe, 0x12, 0x50,
    0x1, 0x7f, 0x9b, 0xc3, 0xf8, 0x39, 0xbf, 0xc4,
    0x4f, 0xff, 0xfe, 0x1, 0x0, 0x1b, 0xfb, 0xbd,
    0xf2, 0x1, 0xcb, 0xdd, 0xe7, 0x0, 0xf2, 0xee,
    0xf9, 0x80, 0x3c, 0xbb, 0xbe, 0x60, 0xf, 0x25,
    0xdf, 0x94, 0x3, 0xcb, 0x11, 0xe4, 0x0, 0xe6,
    0xb3, 0x3f, 0x4c, 0x80, 0x0,

    /* U+6709 "有" */
    0x0, 0xe7, 0x40, 0xf, 0xfe, 0x4, 0xb0, 0x7,
    0xc3, 0xff, 0x87, 0x7f, 0xfc, 0x43, 0xfe, 0xe2,
    0xaf, 0xff, 0x88, 0x2, 0x60, 0x72, 0x2e, 0x10,
    0xc, 0x70, 0x7f, 0xfd, 0x92, 0x1, 0x16, 0x9b,
    0xee, 0xf3, 0x0, 0x45, 0x91, 0x6d, 0xdd, 0xce,
    0x1, 0x16, 0xb0, 0x37, 0x77, 0x38, 0x6, 0x30,
    0x3, 0xe6, 0x73, 0x0, 0x7c, 0x9b, 0xbc, 0xe0,
    0x1f, 0x18, 0x8f, 0x80, 0x3f, 0xea, 0xf6, 0xc0,
    0x0,

    /* U+670B "朋" */
    0x4, 0xff, 0xc8, 0x7f, 0xfa, 0x0, 0x9, 0xfe,
    0x40, 0x1, 0x7f, 0x9c, 0x3, 0xff, 0x88, 0x9f,
    0xe4, 0x0, 0x17, 0xf9, 0xc0, 0x24, 0xff, 0x20,
    0x0, 0xbf, 0xce, 0x1, 0xfc, 0x20, 0x1e, 0x4e,
    0xe2, 0x0, 0xf, 0xb8, 0xe0, 0x1, 0x5f, 0xf2,
    0x3, 0x27, 0xf9, 0xc0, 0x5, 0xa2, 0x20, 0x1,
    0x18, 0x88, 0x2, 0xd2, 0x0, 0xd9, 0x80, 0xe,
    0x44, 0x0, 0x44, 0xa8, 0x1, 0x95, 0x4, 0xfd,
    0xbd, 0x81, 0x3d, 0xf1, 0x68, 0xf, 0xf6, 0x60,
    0x13, 0xfc, 0x80,

    /* U+672A "未" */
    0x0, 0xf6, 0x28, 0x7, 0xff, 0x24, 0x51, 0x30,
    0x92, 0x26, 0x0, 0x96, 0x23, 0x15, 0x44, 0x60,
    0x9, 0x33, 0x31, 0xc6, 0x66, 0x0, 0xff, 0xe2,
    0x2f, 0xff, 0x1d, 0x7f, 0xf0, 0x2f, 0xfe, 0x30,
    0x5, 0x7f, 0xe0, 0xe, 0xa6, 0x38, 0xb4, 0x0,
    0xf0, 0xd8, 0xd0, 0x16, 0xd2, 0x80, 0x64, 0xf2,
    0xb0, 0x8, 0xf6, 0xe4, 0x41, 0xaa, 0xe4, 0x3,
    0x8f, 0xcf, 0xc5, 0xb9, 0x40, 0x3e, 0x1a, 0xf1,

    /* U+672C "本" */
    0x0, 0xf6, 0x28, 0x7, 0xff, 0x59, 0x3f, 0xf8,
    0xeb, 0xff, 0x68, 0x26, 0xed, 0x24, 0x44, 0x2d,
    0xdb, 0x0, 0x4, 0x55, 0x58, 0xf0, 0x31, 0x10,
    0x40, 0x33, 0x3, 0x0, 0x26, 0x40, 0x1e, 0x38,
    0xe0, 0x9, 0x1e, 0x80, 0x31, 0x6c, 0x10, 0x6,
    0xa7, 0xa0, 0x2, 0x63, 0x56, 0x60, 0xe3, 0x30,
    0x8f, 0x82, 0xd7, 0x11, 0x89, 0x62, 0x17, 0x94,
    0x24, 0xa0, 0x89, 0xe, 0xa2, 0x8, 0x58, 0x3,
    0xff, 0x86,

    /* U+673A "机" */
    0x0, 0xbc, 0x40, 0x3f, 0xf8, 0x9f, 0xfa, 0x40,
    0x3f, 0xdf, 0xe8, 0x0, 0x93, 0xfc, 0x1d, 0xe4,
    0x1, 0xf2, 0x75, 0x86, 0xf1, 0x0, 0x7e, 0x1c,
    0x6, 0x10, 0xf, 0xf2, 0x85, 0x10, 0x7, 0xf2,
    0xa8, 0x2f, 0xc8, 0x40, 0x3e, 0x8a, 0x4, 0x96,
    0x20, 0xf, 0x3a, 0x10, 0x1, 0xd, 0x0, 0x30,
    0xa3, 0x48, 0x6, 0xab, 0x0, 0xc7, 0xc2, 0x1,
    0x94, 0x4c, 0x3, 0x8, 0x7, 0xbb, 0x80, 0x11,
    0xb6, 0x78, 0x5, 0xe3, 0x64, 0x1, 0x27, 0xf9,
    0x40,

    /* U+6761 "条" */
    0x0, 0xc9, 0xa0, 0x1f, 0xf1, 0x50, 0x5d, 0xe5,
    0x0, 0xe3, 0xc0, 0xe8, 0x86, 0xa3, 0x0, 0x69,
    0xdb, 0x78, 0x20, 0x8a, 0x30, 0xd, 0xfe, 0x59,
    0x2f, 0xca, 0x50, 0xe, 0x61, 0x4a, 0x77, 0x25,
    0x41, 0x80, 0x4b, 0x9f, 0xec, 0xfc, 0x9c, 0xf,
    0xf6, 0x2, 0x7f, 0xad, 0x86, 0x58, 0xa3, 0x3f,
    0x80, 0x45, 0xff, 0x8e, 0xff, 0xea, 0x20, 0x1,
    0x7e, 0xdf, 0x9d, 0xf5, 0x7d, 0x0, 0x62, 0xf0,
    0xe, 0xe9, 0x0, 0xcd, 0x92, 0x80, 0x10, 0xd9,
    0x48, 0x4, 0xb8, 0x81, 0xa4, 0xc0, 0xb, 0xc0,
    0x8, 0xc8, 0x1, 0xbc, 0x40, 0x12, 0x80, 0x0,

    /* U+6842 "桂" */
    0x0, 0x16, 0x80, 0x61, 0xe0, 0xf, 0xfe, 0x8,
    0x80, 0x78, 0x40, 0x2e, 0xe7, 0x87, 0x73, 0x0,
    0x1d, 0x85, 0xf1, 0x98, 0xd0, 0xcc, 0x68, 0x3,
    0xa4, 0x7e, 0x8, 0xa0, 0x22, 0x8, 0x5, 0xa3,
    0xd, 0xba, 0xc0, 0xdd, 0x98, 0x5, 0x88, 0xcb,
    0xfd, 0xcb, 0xff, 0x38, 0x4a, 0x84, 0xa1, 0x14,
    0xa4, 0x50, 0x93, 0x50, 0x11, 0xf7, 0x41, 0xdd,
    0x0, 0xc0, 0x4, 0x7f, 0xed, 0xf, 0xf8, 0xd,
    0x80, 0x30, 0x88, 0xc0, 0x46, 0x0, 0xe1, 0xaa,
    0xc1, 0x55, 0x30, 0x6, 0x1f, 0xfb, 0xab, 0xfe,
    0x50,

    /* U+6848 "案" */
    0x0, 0xff, 0xe4, 0x52, 0x0, 0x7d, 0x9d, 0xd9,
    0x6f, 0xbb, 0x68, 0x0, 0xbf, 0xb9, 0x71, 0xfd,
    0xd7, 0x90, 0x3, 0x4c, 0x8e, 0xcc, 0x8b, 0x1e,
    0x0, 0xc4, 0xf6, 0x17, 0xcc, 0xb7, 0xe6, 0x4,
    0x57, 0x66, 0x5d, 0xbb, 0x61, 0x6d, 0xd8, 0x40,
    0x3, 0x85, 0x9d, 0xb1, 0x0, 0xe, 0x8b, 0xa5,
    0x67, 0x8a, 0xcd, 0xc5, 0x0, 0x64, 0xee, 0xac,
    0x9, 0x67, 0x7d, 0x0, 0xeb, 0x7f, 0xbd, 0xa3,
    0xfb, 0x9b, 0xe8, 0x7d, 0xd4, 0x1a, 0x29, 0x47,
    0x74, 0x80, 0x71, 0xbd, 0x85, 0xba, 0xed, 0x83,
    0x2, 0x8e, 0xc8, 0x0, 0xd1, 0xbd, 0x6,

    /* U+6863 "档" */
    0x0, 0xf, 0x0, 0x61, 0xe0, 0xf, 0xe1, 0xd0,
    0x0, 0x80, 0xf0, 0x7, 0x85, 0x90, 0x2, 0x74,
    0x1, 0xfe, 0x1f, 0xae, 0xf0, 0xa, 0xa4, 0x7,
    0xe4, 0x3e, 0x97, 0x80, 0x3, 0x66, 0x1, 0x60,
    0x41, 0x4e, 0x58, 0x47, 0x48, 0x4, 0xe2, 0x69,
    0xfe, 0xc9, 0xff, 0x30, 0x1, 0x50, 0x24, 0x19,
    0xbc, 0x1, 0x45, 0x1, 0x3f, 0xff, 0x80, 0x8,
    0xe4, 0x0, 0x1f, 0xff, 0x0, 0x12, 0xc0, 0x3f,
    0xf8, 0x22, 0x1, 0x4f, 0xff, 0x80, 0x3e, 0x9f,
    0xff, 0x0, 0x0,

    /* U+6B65 "步" */
    0x0, 0xf3, 0x70, 0x7, 0xf5, 0x0, 0x7f, 0xf0,
    0x5, 0x40, 0x21, 0xff, 0xb0, 0x3, 0xf8, 0x7f,
    0xec, 0x0, 0xb, 0x30, 0x19, 0x98, 0x2c, 0xdc,
    0x0, 0xef, 0x7e, 0xe0, 0xf, 0x77, 0x8, 0xa2,
    0x14, 0x71, 0xc7, 0x10, 0xa0, 0x81, 0x0, 0xf,
    0xe0, 0x7, 0x48, 0x80, 0x45, 0x88, 0xe0, 0x1a,
    0x5a, 0x40, 0x27, 0x59, 0x0, 0xd6, 0x98, 0x1,
    0x96, 0x0, 0x3, 0x84, 0x4d, 0x10, 0xc, 0x28,
    0xf9, 0xc5, 0x92, 0x1, 0xc3, 0xf3, 0xd3, 0xf4,
    0x60, 0x1e, 0x1e, 0xd9, 0x50, 0xf, 0xe0,

    /* U+6BCD "母" */
    0x0, 0xb7, 0xff, 0xee, 0x0, 0xe2, 0xee, 0x57,
    0xfd, 0x86, 0x1, 0x84, 0x4, 0x37, 0x48, 0xe,
    0x20, 0x18, 0x88, 0x3, 0x1e, 0x40, 0x2e, 0x0,
    0x1e, 0xc2, 0xee, 0xb2, 0x3a, 0x93, 0x88, 0x7d,
    0xdb, 0xf7, 0xff, 0x3a, 0xf9, 0x0, 0x97, 0x8d,
    0x69, 0x88, 0x80, 0x84, 0x2, 0x72, 0x9, 0x96,
    0x20, 0xf, 0x80, 0x62, 0x60, 0x2, 0xd3, 0x1,
    0x8, 0x4, 0x41, 0x9d, 0xd5, 0x67, 0x24, 0xe8,
    0x0, 0xbf, 0xbb, 0xda, 0x1f, 0xa0, 0x1f, 0xb3,
    0xb6, 0x40, 0x3f, 0xd9, 0xdc, 0x60, 0x8,

    /* U+6CA1 "没" */
    0x1, 0x0, 0xff, 0xe0, 0xb7, 0x28, 0x3, 0xff,
    0x80, 0x33, 0xe7, 0x8, 0x3, 0xfe, 0x0, 0xf1,
    0x58, 0x90, 0x80, 0x7c, 0x72, 0x40, 0x9, 0x60,
    0x8, 0x6e, 0x8c, 0xdf, 0xe6, 0x92, 0x80, 0xb,
    0xfd, 0xc4, 0xd, 0xad, 0x6b, 0x99, 0xb6, 0x5c,
    0x40, 0x23, 0x25, 0x6f, 0xfa, 0x8c, 0xc0, 0x10,
    0xe8, 0x42, 0x39, 0x95, 0xc0, 0x6, 0x86, 0x1,
    0xaa, 0x2e, 0xa3, 0x0, 0x44, 0xf2, 0x0, 0x44,
    0x50, 0xc0, 0x6, 0xe9, 0x14, 0x8e, 0x6a, 0x7e,
    0x94, 0x10, 0xa7, 0xf, 0xd, 0xc5, 0xad, 0x18,
    0x30,

    /* U+6CAA "沪" */
    0x1, 0x10, 0x6, 0x15, 0x0, 0xe4, 0xf8, 0x0,
    0xd0, 0xa0, 0x19, 0x7c, 0x88, 0x24, 0x71, 0xc4,
    0x41, 0x0, 0xd, 0x15, 0xee, 0x5a, 0xe6, 0x20,
    0xa0, 0x80, 0x29, 0xee, 0xd0, 0x5, 0xbe, 0xc0,
    0x1f, 0xe5, 0xd6, 0x0, 0x4f, 0xfe, 0x90, 0xc,
    0x60, 0x9, 0xff, 0xd0, 0x1, 0x16, 0x83, 0x10,
    0x6, 0x79, 0x0, 0x43, 0x1, 0xb0, 0x7, 0xc4,
    0xb2, 0x84, 0x40, 0xf, 0xa5, 0xc6, 0x28, 0x3,
    0xf7, 0x48, 0xb3, 0x80, 0x7c,

    /* U+6D25 "津" */
    0x3, 0x40, 0xc, 0x5e, 0x1, 0xe7, 0xa6, 0x1,
    0x18, 0x4, 0x60, 0x9, 0x32, 0xf, 0x75, 0xc1,
    0xba, 0xe1, 0x0, 0x8b, 0x8f, 0x31, 0xe1, 0x98,
    0x10, 0x1, 0x30, 0x3, 0xba, 0xd0, 0xee, 0xf,
    0x11, 0xe6, 0xb, 0xba, 0xd0, 0xee, 0xf, 0x10,
    0xd4, 0x99, 0x6e, 0xb0, 0x37, 0x46, 0x1, 0x94,
    0xb, 0x75, 0x81, 0xbb, 0x8, 0x4, 0x9a, 0xdd,
    0xcc, 0xe, 0xea, 0x0, 0x2f, 0xa6, 0xee, 0x60,
    0x77, 0x50, 0x0, 0x35, 0x4e, 0xeb, 0x3, 0xbb,
    0x18, 0x7c, 0x97, 0x75, 0x81, 0xdd, 0x8c, 0x2d,
    0xc0, 0x3f, 0xe0,

    /* U+6D59 "浙" */
    0x9, 0x30, 0x6, 0x10, 0x4, 0x30, 0xa0, 0xc,
    0xd6, 0x0, 0xc7, 0x7e, 0x2e, 0x0, 0x5c, 0x20,
    0xc, 0xa3, 0xd2, 0x40, 0x11, 0x1f, 0x9e, 0xe0,
    0x18, 0x6, 0x59, 0x17, 0xf3, 0xdc, 0x3, 0x3c,
    0x8, 0x1e, 0x20, 0x1c, 0x9f, 0x9e, 0x43, 0x3e,
    0x20, 0x5, 0x80, 0x7d, 0x1c, 0x20, 0x0, 0xa5,
    0x1d, 0xe8, 0x8, 0x7, 0xa7, 0x34, 0xb9, 0x7b,
    0xc0, 0x38, 0x5e, 0x1c, 0x40, 0x6, 0x60, 0xe,
    0x64, 0x0, 0xe5, 0x50, 0x7, 0x4c, 0x80, 0x2,
    0xc, 0x82, 0x1, 0x89, 0x4d, 0x3c, 0xb, 0x60,
    0x3, 0x80,

    /* U+6D88 "消" */
    0x6, 0x60, 0x1, 0x0, 0x18, 0x80, 0x6, 0x0,
    0x25, 0x60, 0x7b, 0x0, 0x67, 0xa0, 0x1, 0x65,
    0x84, 0xc0, 0x4, 0x33, 0xe0, 0x19, 0xc0, 0xa4,
    0x2, 0x38, 0x30, 0x2b, 0x20, 0x4, 0x5e, 0x1c,
    0xf5, 0x30, 0x16, 0x6a, 0x81, 0x27, 0xe7, 0x7a,
    0xf0, 0x1, 0xed, 0x80, 0x1c, 0x45, 0x84, 0x3,
    0x21, 0x80, 0x23, 0x33, 0x30, 0x7, 0x60, 0x2,
    0xf7, 0x74, 0x80, 0x66, 0x60, 0x2, 0xbb, 0xb4,
    0x0, 0x68, 0x90, 0x5, 0x77, 0x68, 0x0, 0xa1,
    0xc, 0x3, 0xfe, 0x28, 0x0, 0xf4, 0x7c, 0xe8,
    0x2, 0x88, 0x1, 0x4a, 0x0, 0x8f, 0xe5, 0x0,

    /* U+6E05 "清" */
    0x6, 0x40, 0xe, 0xf1, 0x0, 0xe5, 0x99, 0x3e,
    0xec, 0x19, 0xba, 0x90, 0x1, 0xee, 0x9f, 0x32,
    0xf, 0xcc, 0x48, 0x6, 0x42, 0xaa, 0x83, 0xaa,
    0x88, 0x7, 0x42, 0xd, 0xff, 0x4, 0x7f, 0x80,
    0x4f, 0x30, 0x7b, 0xb9, 0xb7, 0x71, 0x83, 0x61,
    0xca, 0xa2, 0x7a, 0x48, 0x0, 0x22, 0x3, 0xdd,
    0xe3, 0x10, 0x9, 0x74, 0x1, 0x99, 0xc2, 0x1,
    0xa6, 0x80, 0x19, 0x9c, 0x20, 0x11, 0x93, 0x0,
    0x33, 0x38, 0x40, 0x28, 0x90, 0xb, 0x33, 0x84,
    0x2, 0x36, 0x0, 0xf4, 0x69, 0x8, 0x0,

    /* U+6E1D "渝" */
    0x1, 0x0, 0xf2, 0x18, 0x7, 0x36, 0x98, 0x4,
    0x97, 0x40, 0x1c, 0xf3, 0x0, 0x9, 0x96, 0x1e,
    0x20, 0x6, 0x4a, 0x7e, 0x2f, 0x2b, 0x99, 0x6a,
    0x8b, 0x0, 0xf5, 0x3f, 0x6e, 0xa6, 0xf9, 0xc3,
    0x34, 0xaf, 0x11, 0x11, 0x9a, 0xf0, 0x43, 0x52,
    0x6c, 0x9e, 0x58, 0x18, 0xc, 0x1, 0x20, 0x80,
    0x7f, 0xf0, 0x19, 0x40, 0x2, 0x1, 0xfd, 0x62,
    0x0, 0x10, 0xf, 0xc8, 0x8, 0x0, 0x23, 0x0,
    0x8, 0x6, 0x8b, 0x0, 0x32, 0xf8, 0x3, 0x0,
    0x33, 0x30, 0x2, 0x38, 0xd0, 0x7f, 0x40,

    /* U+6E58 "湘" */
    0x3, 0x60, 0x1, 0x68, 0x7, 0xe1, 0xaa, 0x0,
    0x62, 0xff, 0xc4, 0x5, 0x9a, 0x1, 0xc5, 0xfe,
    0x10, 0xc, 0xf7, 0xc5, 0x74, 0x1, 0xed, 0x70,
    0x9a, 0x19, 0xb2, 0xff, 0x8, 0x3, 0xad, 0xcb,
    0xc0, 0x84, 0xbf, 0xc2, 0x0, 0x3c, 0x70, 0x41,
    0x80, 0xf, 0xf1, 0xb1, 0x25, 0x0, 0x7c, 0xc9,
    0x1c, 0x1d, 0xc2, 0xee, 0x8, 0x5, 0x58, 0xee,
    0x2, 0x42, 0xee, 0x8, 0x0, 0x89, 0x5e, 0x1,
    0xfe, 0xb7, 0x23, 0x0, 0xc5, 0xfe, 0x10, 0x1,
    0xd0, 0x7, 0x8f, 0xfc, 0x20,

    /* U+6EE1 "满" */
    0x7, 0x10, 0xb, 0x84, 0x1a, 0x40, 0x3b, 0xdf,
    0x74, 0x39, 0xb0, 0xdb, 0xa3, 0x7, 0xd5, 0xdd,
    0xf, 0xec, 0x36, 0xe8, 0xc0, 0x6, 0x7a, 0xc4,
    0xcb, 0x4c, 0xc0, 0x86, 0x5, 0x33, 0x6c, 0xd4,
    0x4c, 0x84, 0x5b, 0x7, 0x54, 0x97, 0xa4, 0xfa,
    0xa0, 0xaf, 0xe0, 0x67, 0xd3, 0x7a, 0xe7, 0xc8,
    0x0, 0x50, 0x1, 0x71, 0x3e, 0x7f, 0x20, 0x1a,
    0x90, 0x1, 0xba, 0x3, 0x60, 0xc, 0x48, 0x80,
    0x17, 0x29, 0x5b, 0x10, 0xa, 0x18, 0x1, 0xd7,
    0x9, 0x12, 0x1, 0x1a, 0xc8, 0x3, 0xd8, 0x78,
    0x90, 0x40, 0x3, 0x22, 0x1, 0xc6, 0x13, 0x5e,
    0x0,

    /* U+724C "牌" */
    0x0, 0xfe, 0x10, 0xe, 0x77, 0xe, 0x80, 0x4b,
    0xa0, 0x1f, 0xe5, 0x69, 0x66, 0xc0, 0x1f, 0x40,
    0xd2, 0x80, 0x20, 0x40, 0x3e, 0x66, 0xb, 0x30,
    0x3, 0x4e, 0x96, 0x6, 0x60, 0x73, 0x2, 0x1,
    0x36, 0xf6, 0x86, 0x69, 0x66, 0x4, 0x2, 0xf1,
    0x18, 0x37, 0xb, 0x30, 0x20, 0x14, 0x77, 0xb,
    0x64, 0x39, 0xbf, 0xc2, 0x1f, 0x5c, 0x82, 0xff,
    0x82, 0xce, 0x1, 0x10, 0x80, 0x26, 0x49, 0xfc,
    0x75, 0xca, 0xc, 0xc0, 0x4, 0xf7, 0x63, 0xae,
    0x50, 0x22, 0x0, 0x7f, 0xc6, 0x80, 0x1f, 0xfc,
    0x3, 0xa0, 0x5, 0x18, 0x6, 0xc4, 0x0, 0x0,

    /* U+72B6 "状" */
    0x0, 0xff, 0xe2, 0xe2, 0x0, 0x5e, 0x28, 0x20,
    0x1f, 0xfc, 0x2, 0xd0, 0x2, 0x60, 0x7, 0xe6,
    0x76, 0x4, 0x68, 0x0, 0xf0, 0x85, 0x38, 0x2,
    0xcc, 0xf, 0x76, 0xd, 0xd6, 0x60, 0x40, 0x6c,
    0xb, 0xb9, 0x21, 0x5d, 0xd0, 0x80, 0x42, 0x23,
    0x30, 0x3, 0xcc, 0xe0, 0x0, 0xe9, 0x0, 0x46,
    0x8a, 0x1, 0x8b, 0x28, 0xc0, 0x2a, 0xe6, 0x40,
    0x9, 0x6d, 0xc0, 0x24, 0x35, 0xe8, 0x0, 0x9d,
    0x80, 0x21, 0xa8, 0x5, 0x8, 0x0, 0xf0, 0xd2,
    0x30, 0x3, 0x9a, 0x0, 0x3b, 0x2, 0x80, 0x22,
    0xc4, 0x10,

    /* U+7406 "理" */
    0x9f, 0xfb, 0x2e, 0xd5, 0x7d, 0x54, 0xd0, 0x9f,
    0x2d, 0xc0, 0x8a, 0x85, 0xa8, 0x0, 0xfc, 0xc6,
    0xce, 0x6c, 0x1, 0xfb, 0xa7, 0x8a, 0x7c, 0x0,
    0x96, 0x5c, 0xc1, 0x15, 0xb, 0x52, 0x0, 0x4a,
    0x28, 0x60, 0xde, 0xd4, 0xec, 0x0, 0x84, 0x18,
    0x2f, 0xb9, 0x47, 0xdc, 0xd0, 0xf, 0xfe, 0x32,
    0x33, 0xff, 0xac, 0xff, 0xe0, 0x5b, 0x2d, 0x7,
    0xff, 0x59, 0xff, 0xc0, 0x3f, 0xeb, 0x57, 0x7b,
    0x49, 0xde, 0x34, 0x40, 0x1, 0xff, 0xe1, 0x6f,
    0xf9, 0xc0,

    /* U+743C "琼" */
    0x0, 0xfc, 0xe8, 0x1, 0x9f, 0x76, 0xb0, 0x8,
    0x7c, 0x3, 0x24, 0x15, 0xfc, 0xff, 0xa5, 0x3f,
    0xe0, 0x35, 0x14, 0x44, 0xff, 0xfc, 0x1, 0xf7,
    0xdd, 0xee, 0x40, 0x5f, 0x1d, 0x70, 0x5, 0xde,
    0x50, 0x2, 0xf8, 0xeb, 0x80, 0x7f, 0xf0, 0xc7,
    0xb9, 0xfc, 0xa0, 0x1f, 0xb3, 0xe1, 0xbb, 0x10,
    0x3, 0x24, 0x7, 0xa8, 0x0, 0xfc, 0x0, 0xb6,
    0x3b, 0xee, 0xe4, 0x0, 0x1a, 0x38, 0x3, 0xb9,
    0x6b, 0x36, 0x1, 0xa2, 0x41, 0x54, 0x20, 0x5c,
    0x7d, 0x1e, 0x3, 0xc0, 0x1f, 0x17, 0x71, 0x80,
    0x30,

    /* U+7518 "甘" */
    0x0, 0xa6, 0x0, 0x3b, 0xc8, 0x3, 0xff, 0x8a,
    0x22, 0x1, 0x1f, 0x0, 0x8c, 0x5d, 0xc6, 0x67,
    0x77, 0x6, 0x75, 0x97, 0xf9, 0x9f, 0xff, 0x83,
    0x7e, 0x80, 0x3f, 0xfa, 0x8f, 0xff, 0xc0, 0x1f,
    0x9f, 0xff, 0x80, 0x3f, 0xfb, 0xf, 0xff, 0xc0,
    0x1f, 0x9b, 0xbb, 0x84, 0x2,

    /* U+7528 "用" */
    0x0, 0x7f, 0xff, 0x90, 0x2, 0xff, 0x8b, 0x3f,
    0xe3, 0x0, 0xff, 0xe2, 0xdd, 0xc5, 0xf7, 0x71,
    0x80, 0x6f, 0xf8, 0x6b, 0xfe, 0x20, 0xc, 0x89,
    0x1a, 0xa2, 0x42, 0x0, 0x10, 0xe, 0x70, 0xf,
    0x18, 0x7f, 0xc5, 0x7f, 0xf1, 0x80, 0x1d, 0x3f,
    0xe2, 0xcf, 0xf8, 0xc0, 0x19, 0x80, 0xf, 0xf0,
    0xb2, 0x80, 0x7e, 0x17, 0x66, 0x10, 0x7, 0x27,
    0xf8, 0x9, 0xe4, 0x3, 0x69, 0xa7, 0xfb, 0x44,

    /* U+7535 "电" */
    0x0, 0xee, 0x30, 0xf, 0xfe, 0x39, 0xff, 0xe1,
    0xcf, 0xfc, 0x20, 0x1, 0xee, 0x86, 0xfb, 0xa0,
    0xc, 0x62, 0x30, 0x38, 0x8c, 0x1, 0x8b, 0xba,
    0x1d, 0xee, 0x80, 0x30, 0xff, 0xc3, 0x5f, 0xf0,
    0x6, 0x31, 0x18, 0x1c, 0x46, 0x0, 0xc5, 0xdd,
    0xe, 0x77, 0x40, 0x18, 0xbf, 0xe1, 0xbf, 0xfb,
    0x90, 0x8f, 0x44, 0x60, 0x71, 0x1d, 0xe8, 0x1,
    0xc6, 0xa2, 0x39, 0x14, 0x3, 0xaa, 0x7b, 0xb2,
    0x18,

    /* U+7684 "的" */
    0x0, 0xff, 0xe1, 0xc3, 0x80, 0x52, 0xc0, 0x1e,
    0x54, 0x0, 0x9d, 0x40, 0x33, 0xd9, 0x45, 0x99,
    0x87, 0xf3, 0x22, 0xe3, 0xc8, 0x77, 0x43, 0xff,
    0xc4, 0x0, 0xd3, 0x33, 0xe2, 0xc1, 0x9c, 0x6,
    0x1, 0xdd, 0x6c, 0x1, 0xeb, 0xdd, 0x21, 0x2e,
    0x40, 0x0, 0x44, 0x11, 0x98, 0x40, 0x5, 0xb1,
    0x80, 0x63, 0x11, 0x0, 0x43, 0x10, 0x11, 0x0,
    0x7f, 0x34, 0x99, 0x80, 0x6, 0x22, 0x0, 0xe2,
    0x66, 0x0, 0x23, 0xfc, 0xae, 0x1, 0xb4, 0xc0,
    0x17, 0xdd, 0x18, 0x17, 0xf9, 0x28, 0x25, 0x40,
    0x38, 0xbf, 0xda, 0x40,

    /* U+7696 "皖" */
    0x0, 0x1c, 0x0, 0x64, 0x50, 0xf, 0x20, 0x7,
    0x35, 0x80, 0x74, 0x51, 0x40, 0xff, 0xb4, 0x7f,
    0xe1, 0x7, 0xbc, 0x70, 0x1f, 0xfe, 0x10, 0x9,
    0x98, 0x3, 0x37, 0x7d, 0x22, 0x0, 0x11, 0x0,
    0x1e, 0x23, 0x9c, 0x2, 0xee, 0x0, 0x46, 0x7c,
    0x1, 0xbf, 0xc0, 0xf, 0xff, 0x94, 0x3, 0xdf,
    0x6b, 0xe1, 0xfe, 0x50, 0xf, 0xb3, 0x40, 0x3e,
    0xee, 0x8, 0x1, 0x94, 0x2, 0x31, 0x0, 0x77,
    0x45, 0x8c, 0x40, 0x15, 0x30, 0x70, 0x0, 0xf2,
    0xe0, 0x0, 0x5e, 0xc8, 0x2, 0x0, 0x3e, 0x70,
    0xb, 0x7f, 0xc6,

    /* U+76D6 "盖" */
    0x0, 0x8d, 0xc0, 0x33, 0xa0, 0x7, 0x8e, 0x4c,
    0x0, 0x52, 0xa0, 0x19, 0xb7, 0x41, 0xdd, 0x60,
    0x66, 0xb0, 0x1, 0xb7, 0x5d, 0xaf, 0x3d, 0xcd,
    0xd3, 0x0, 0x55, 0xbb, 0x34, 0xee, 0xd6, 0x1,
    0xab, 0x76, 0x69, 0xdd, 0xac, 0x2, 0xbb, 0xe7,
    0xab, 0xbe, 0x0, 0x55, 0x77, 0xe5, 0x57, 0x0,
    0x7, 0x3f, 0xff, 0x60, 0x80, 0x47, 0xfc, 0x3d,
    0xe1, 0xde, 0x60, 0x1f, 0xfd, 0x26, 0xf1, 0xef,
    0xf, 0xe1, 0xfe, 0x1f, 0x60,

    /* U+7701 "省" */
    0x0, 0xc2, 0x7, 0x80, 0x1, 0x0, 0xf3, 0x68,
    0x6, 0x3f, 0x40, 0xc, 0x51, 0xc0, 0x18, 0x62,
    0x94, 0x0, 0x59, 0x64, 0x1, 0x1e, 0xe, 0xd1,
    0x0, 0xda, 0x80, 0x18, 0xf6, 0xdc, 0xf8, 0x80,
    0xd4, 0xe3, 0x6e, 0x39, 0x40, 0x2, 0x3, 0xbf,
    0x8c, 0x66, 0xad, 0xd7, 0x50, 0x0, 0x7f, 0xcd,
    0x1d, 0xbb, 0xa0, 0x40, 0x22, 0x0, 0x46, 0x67,
    0x40, 0x7, 0xd1, 0x99, 0xd0, 0x1, 0xf5, 0xe6,
    0x75, 0x80, 0x7c, 0xbd, 0xdd, 0x40, 0x1f, 0x24,
    0x47, 0x58, 0x7, 0xa7, 0x2a, 0xbb, 0x2c, 0x0,

    /* U+786E "确" */
    0x0, 0xf9, 0x18, 0x3, 0x87, 0xff, 0x48, 0x44,
    0x37, 0x50, 0x0, 0x1f, 0x69, 0xf9, 0x40, 0xfc,
    0x1e, 0x0, 0xc8, 0x80, 0x1a, 0xa1, 0x30, 0xa9,
    0x80, 0x4, 0xc8, 0x34, 0x6e, 0x20, 0xd1, 0x84,
    0xc, 0x19, 0x8f, 0x58, 0xb1, 0xbb, 0x8, 0x2,
    0x57, 0x80, 0x42, 0xf4, 0x77, 0x42, 0x6, 0x2,
    0x40, 0x15, 0xe8, 0xee, 0x84, 0xe, 0x0, 0x30,
    0xe3, 0xb, 0x30, 0x40, 0x6, 0x1, 0x98, 0x38,
    0x3b, 0x80, 0x19, 0x30, 0xc4, 0xa6, 0x6, 0x20,
    0x20, 0x12, 0xf6, 0xda, 0x80, 0x7e, 0x49, 0x22,
    0x2c, 0x0, 0x1d, 0x38, 0xc8, 0x4, 0x80, 0x1a,
    0x40, 0x9, 0x4e, 0xd0,

    /* U+793A "示" */
    0x0, 0x6f, 0xff, 0xee, 0x0, 0xd9, 0xdd, 0xfb,
    0xc0, 0x30, 0x8f, 0xf8, 0x2, 0x55, 0xff, 0xe0,
    0x0, 0xf7, 0x75, 0xdb, 0xbb, 0x88, 0x6e, 0xf9,
    0x9e, 0xef, 0x88, 0x2, 0xc2, 0x0, 0xc5, 0x60,
    0x1c, 0xc2, 0x40, 0x18, 0x82, 0x0, 0x21, 0x89,
    0x0, 0xf4, 0xb9, 0x0, 0x35, 0xd0, 0x3, 0xc4,
    0xf2, 0x4, 0x92, 0x2, 0x2, 0x1, 0xa4, 0xc0,
    0xa0, 0x1, 0xbe, 0xf8, 0x1, 0xc, 0x0, 0x76,
    0x7f, 0x28, 0x7, 0x80,

    /* U+79F0 "称" */
    0x0, 0x92, 0x54, 0x25, 0x0, 0x3d, 0x9f, 0x7c,
    0x80, 0xea, 0x1, 0xed, 0xe1, 0x71, 0x31, 0xef,
    0xfc, 0x60, 0x20, 0x1a, 0xa3, 0xc7, 0x70, 0x8c,
    0xdd, 0xc1, 0xec, 0x76, 0x0, 0x9a, 0x40, 0xfa,
    0x43, 0xfa, 0xd0, 0x2, 0x24, 0x0, 0xa8, 0x28,
    0x92, 0xc0, 0x2b, 0x40, 0x1, 0xb8, 0x9c, 0x22,
    0x0, 0x2b, 0xd0, 0x7, 0xc0, 0x45, 0x7f, 0x80,
    0x25, 0x70, 0x55, 0x10, 0x0, 0xd1, 0x40, 0x22,
    0x2, 0x48, 0x0, 0x8a, 0x0, 0x3a, 0xc, 0x44,
    0x1, 0x1b, 0x0, 0x73, 0x8, 0x7, 0xcb, 0xe6,
    0x40, 0x1c, 0x3c, 0x1, 0x2f, 0xe8, 0x6,

    /* U+7B2C "第" */
    0x0, 0xff, 0xe2, 0x25, 0x80, 0x6d, 0x20, 0xf,
    0x42, 0xe6, 0x4a, 0x5d, 0x99, 0x10, 0x30, 0x79,
    0x6e, 0x4c, 0xbc, 0xb7, 0x8, 0x6f, 0x45, 0x88,
    0xd9, 0x87, 0x2a, 0x0, 0x1f, 0xf7, 0x36, 0xe9,
    0x3b, 0x93, 0x42, 0x0, 0x2e, 0xec, 0xf1, 0xdd,
    0x0, 0x74, 0xee, 0xcd, 0x1b, 0xb0, 0x80, 0x64,
    0xec, 0xc2, 0xce, 0x65, 0xc2, 0x1, 0x13, 0x91,
    0x7, 0xc8, 0xb0, 0x80, 0x5, 0x3e, 0x35, 0x16,
    0x22, 0xd9, 0x0, 0xd, 0xdb, 0x89, 0x2e, 0xf2,
    0x70, 0x4, 0x55, 0xb8, 0x40, 0x3, 0x32, 0x28,
    0x1, 0xe2, 0x20, 0xd, 0x30, 0xc6, 0x0, 0x7a,
    0x20, 0x4, 0xb0, 0x55, 0xc0, 0x0,

    /* U+7B80 "简" */
    0x0, 0xff, 0xe2, 0xe, 0x80, 0x6b, 0x30, 0xf,
    0x41, 0x66, 0x46, 0x9f, 0x77, 0x8, 0x23, 0xe8,
    0x5f, 0x44, 0x4b, 0x12, 0x21, 0xf4, 0x70, 0x5,
    0x8e, 0x8c, 0xe4, 0x0, 0xb1, 0xc5, 0xdc, 0xbc,
    0xc2, 0x43, 0x0, 0x8, 0x15, 0xa3, 0xff, 0x97,
    0x80, 0xd, 0xd0, 0xb7, 0x55, 0x31, 0x88, 0x7,
    0x98, 0xaa, 0x9f, 0xe0, 0xf, 0xe5, 0x99, 0x68,
    0x7, 0xf9, 0x22, 0x1c, 0x1, 0xff, 0xc1, 0x30,
    0xf, 0xe7, 0x8, 0x86, 0x60, 0x3, 0xf1, 0xd5,
    0x62, 0xe6, 0xd0, 0x2, 0x58, 0x7, 0x93, 0xb8,
    0xa0,

    /* U+7BA1 "管" */
    0x1, 0xd0, 0xc, 0x3a, 0x1, 0xcc, 0x59, 0x93,
    0x30, 0xb3, 0x2b, 0x19, 0xc9, 0x6c, 0x79, 0xd8,
    0x1c, 0xb5, 0x93, 0x5d, 0xd, 0xa2, 0x4a, 0x20,
    0x4d, 0xda, 0xb4, 0xeb, 0x75, 0x5f, 0x0, 0xfd,
    0xbb, 0x7f, 0x6e, 0xd2, 0x41, 0x6d, 0xfb, 0xbe,
    0xf6, 0xe0, 0x61, 0x3d, 0xdf, 0x1, 0x20, 0x4,
    0x79, 0x9e, 0x30, 0xe, 0x2e, 0xef, 0x84, 0x3,
    0x14, 0xcf, 0xbb, 0x0, 0x31, 0xdd, 0xfa, 0x0,
    0x38, 0xf7, 0x7d, 0x40, 0x19, 0x3f, 0x77, 0xdd,
    0xa0,

    /* U+7BB1 "箱" */
    0x0, 0x22, 0x0, 0x33, 0x88, 0x7, 0xa4, 0xce,
    0x24, 0x92, 0x33, 0x84, 0x14, 0xe7, 0xa2, 0x22,
    0xdd, 0x44, 0x1c, 0xae, 0xa8, 0x36, 0x6f, 0x98,
    0xa, 0xb6, 0x2b, 0x43, 0x40, 0xba, 0x2, 0xa0,
    0xc, 0xa1, 0xba, 0x2, 0xee, 0xab, 0xfc, 0x25,
    0xba, 0x5b, 0xd7, 0xe, 0xec, 0x0, 0x2d, 0xe0,
    0x4d, 0x70, 0xdd, 0xc0, 0x1a, 0x5, 0xec, 0x43,
    0x77, 0x0, 0x4c, 0xe9, 0x4, 0x81, 0xbb, 0x80,
    0x7, 0x3e, 0x0, 0x95, 0xd, 0xdc, 0x0, 0x29,
    0x30, 0xe, 0x32, 0x28, 0x0, 0x2c, 0x1, 0xe8,
    0x99, 0x80, 0x3a, 0x94, 0x1, 0xd7, 0x7b, 0xc4,

    /* U+7ED1 "绑" */
    0x0, 0xff, 0xe2, 0x42, 0x80, 0x16, 0x40, 0x3f,
    0x2b, 0x80, 0x74, 0x7f, 0x78, 0x81, 0x89, 0x7,
    0x53, 0x79, 0x4f, 0x98, 0x84, 0xc9, 0x93, 0xa9,
    0xbc, 0x81, 0xe8, 0xd, 0x2, 0x18, 0x3, 0xd4,
    0xe0, 0xeb, 0xe, 0x59, 0x4d, 0x80, 0x23, 0x2,
    0x51, 0xc0, 0x64, 0xb6, 0x0, 0xa3, 0x0, 0x2d,
    0x90, 0x40, 0x2, 0x1, 0x4d, 0x82, 0xad, 0x8d,
    0xd2, 0xfc, 0x20, 0x6, 0x35, 0xed, 0x96, 0xf3,
    0xaf, 0x10, 0x3, 0x88, 0x14, 0x72, 0x99, 0x94,
    0x43, 0x79, 0xc9, 0x7b, 0xfc, 0x92, 0xe0, 0x16,
    0xf5, 0x82, 0xeb, 0x89, 0xbc, 0x0, 0x7f, 0xc7,
    0x80, 0x14, 0x30, 0x4,

    /* U+80FD "能" */
    0x0, 0xff, 0xe2, 0x2d, 0x80, 0x45, 0xc0, 0x1f,
    0x47, 0xb4, 0x80, 0x62, 0x93, 0x0, 0x4a, 0x21,
    0x9d, 0x0, 0x6f, 0xf8, 0x80, 0xc, 0x9b, 0xa3,
    0x90, 0x7, 0xeb, 0x88, 0x3, 0xb7, 0x74, 0x80,
    0xa0, 0x2, 0xcc, 0x27, 0xba, 0xf1, 0x21, 0xbb,
    0x94, 0x80, 0x63, 0xb8, 0x86, 0x13, 0xff, 0x60,
    0x80, 0x23, 0x74, 0x80, 0x50, 0x88, 0x1, 0x0,
    0xa3, 0x74, 0x80, 0x13, 0x64, 0x38, 0x5, 0x19,
    0x84, 0x0, 0x8, 0xbb, 0x10, 0x2, 0x8c, 0xc2,
    0x0, 0x5, 0xc8, 0x1c, 0xc0, 0x3f, 0xf8, 0x18,
    0xe0, 0x11, 0x6b, 0x29, 0x13, 0xfe, 0x64,

    /* U+81F3 "至" */
    0xe, 0xff, 0xff, 0x68, 0x3, 0xbf, 0xcc, 0x9f,
    0xf7, 0x7f, 0xb4, 0x3, 0x3a, 0x50, 0x1, 0x3d,
    0x0, 0x39, 0xeb, 0x4, 0x0, 0xb7, 0x4a, 0x1,
    0x14, 0x1f, 0xfd, 0xd9, 0x5, 0x68, 0x0, 0x2e,
    0xfe, 0xf8, 0x86, 0xeb, 0x35, 0x80, 0x21, 0x10,
    0x3, 0xb8, 0x1, 0x19, 0x0, 0x5f, 0xf9, 0x9f,
    0xff, 0x8, 0x5, 0xff, 0x99, 0xff, 0xf0, 0x80,
    0x7f, 0xf0, 0xca, 0xab, 0x91, 0x6a, 0xb8, 0x8f,
    0xff, 0xa2, 0x1f, 0xfc, 0x60,

    /* U+82CF "苏" */
    0x0, 0xde, 0x20, 0x1, 0xf0, 0xe, 0x33, 0x81,
    0x4c, 0xca, 0x6, 0x70, 0xf, 0xfc, 0x11, 0xfe,
    0x80, 0xff, 0x88, 0x73, 0x20, 0xd9, 0xcd, 0xc,
    0xc8, 0x80, 0x35, 0x1d, 0x80, 0xd0, 0x7, 0x17,
    0x72, 0xf0, 0x7b, 0x97, 0x80, 0x18, 0xb3, 0x28,
    0x3c, 0xc4, 0x8, 0x7, 0x90, 0xb9, 0x8, 0x86,
    0x32, 0x1, 0xa0, 0x41, 0x70, 0x2, 0x70, 0x70,
    0x2, 0xbb, 0x90, 0xd0, 0x0, 0x63, 0x72, 0x0,
    0xde, 0x2a, 0xa0, 0x5, 0xc4, 0x46, 0x20, 0x85,
    0xc8, 0x40, 0x8, 0xf8, 0x20, 0x82, 0x6b, 0x58,
    0x1, 0xbc, 0xce, 0x1, 0xa7, 0xc, 0x2, 0xde,
    0xd1, 0x0, 0x80,

    /* U+8499 "蒙" */
    0x0, 0xff, 0xe2, 0x96, 0x80, 0x47, 0x80, 0x18,
    0xfb, 0x98, 0x5d, 0xd6, 0x9f, 0x74, 0x66, 0xee,
    0x7b, 0x77, 0x58, 0xfd, 0xd1, 0x86, 0xeb, 0x13,
    0x76, 0xf5, 0xdd, 0x58, 0x0, 0xf2, 0x2e, 0xfd,
    0x3c, 0xe0, 0xa, 0x10, 0x33, 0xf3, 0x97, 0x80,
    0x1f, 0x26, 0x57, 0x69, 0x9b, 0xf4, 0x40, 0x7,
    0x92, 0xe1, 0x39, 0x8d, 0x4c, 0x20, 0x5, 0x59,
    0xcb, 0xcb, 0xcf, 0xf8, 0x3, 0x54, 0x7c, 0xeb,
    0x41, 0x3b, 0x80, 0x34, 0xd5, 0x3f, 0xc0, 0x50,
    0xb2, 0x1, 0xa3, 0xfd, 0xb5, 0x6, 0x38, 0x5a,
    0x80, 0xb, 0x1d, 0x9d, 0xe7, 0x20, 0xbb, 0x10,
    0x0,

    /* U+85CF "藏" */
    0x0, 0xde, 0x20, 0x4, 0xa0, 0xc, 0x5d, 0xd0,
    0x7f, 0x72, 0x97, 0xba, 0x22, 0x77, 0x41, 0xfd,
    0xca, 0x3f, 0x7f, 0x20, 0x10, 0x3a, 0x32, 0x20,
    0x1a, 0xd, 0x80, 0x34, 0x32, 0x7b, 0xa8, 0x9,
    0x46, 0x30, 0x8, 0x7d, 0x56, 0xb0, 0x88, 0x8c,
    0xb, 0x45, 0x84, 0xf5, 0x48, 0x78, 0x80, 0x17,
    0xa2, 0xa, 0xdf, 0x2c, 0x4a, 0xe1, 0x17, 0xc0,
    0xa, 0xcb, 0x72, 0x94, 0x10, 0x82, 0xe3, 0xa,
    0xdb, 0x5c, 0x18, 0x0, 0xc4, 0xc0, 0xed, 0x95,
    0xe0, 0x45, 0x8, 0x21, 0x80, 0x34, 0x79, 0xd2,
    0x1d, 0x5e, 0x7e, 0x92, 0xd8, 0xc7, 0x29, 0x2d,
    0x40,

    /* U+884C "行" */
    0x0, 0x99, 0xc0, 0x3f, 0xe5, 0x85, 0xd, 0xff,
    0xf0, 0x83, 0x5e, 0x90, 0x6f, 0xff, 0x84, 0x57,
    0x87, 0x22, 0x1, 0xf8, 0x74, 0xa0, 0x84, 0x7f,
    0x0, 0x4a, 0xf5, 0x1d, 0xdf, 0x28, 0x2d, 0x8,
    0xa3, 0xff, 0x25, 0x7a, 0x9d, 0x50, 0x3, 0xfe,
    0x3e, 0x40, 0xf, 0xfe, 0x0, 0x80, 0x7f, 0xf8,
    0xc7, 0xfc, 0xae, 0x1, 0x87, 0x80, 0x21, 0xff,
    0x71, 0x0, 0x0,

    /* U+89E3 "解" */
    0x0, 0x1b, 0x80, 0x7f, 0xf0, 0x2a, 0x6e, 0x81,
    0xe7, 0xea, 0x7c, 0x40, 0x5f, 0x3c, 0x41, 0xec,
    0x6a, 0x40, 0x42, 0xd0, 0x74, 0xc4, 0x21, 0xc0,
    0x44, 0x6, 0xa0, 0x88, 0x18, 0xa4, 0x89, 0xc7,
    0x3, 0x8d, 0x66, 0x68, 0x6d, 0x8e, 0x62, 0x40,
    0x3, 0x70, 0xbc, 0xf, 0x61, 0x42, 0x1, 0x97,
    0x4b, 0x41, 0x87, 0x83, 0xb8, 0x20, 0x22, 0x70,
    0x10, 0xde, 0xe0, 0x77, 0x4, 0x3c, 0xe8, 0xb4,
    0xa, 0xac, 0x2e, 0xca, 0x5, 0x10, 0x5f, 0xb,
    0x88, 0x4, 0x41, 0x1, 0xcc, 0x3, 0x11, 0x98,
    0xc, 0xc2, 0x68, 0x3, 0xb5, 0xe0, 0x1f, 0x1c,
    0x80, 0x1b, 0x98, 0x2, 0xf0, 0x8,

    /* U+8BA4 "认" */
    0x0, 0x30, 0x80, 0x64, 0xc0, 0xf, 0x76, 0x8,
    0x7, 0xfd, 0x9, 0x60, 0x1f, 0xfc, 0x9, 0xb0,
    0xc, 0xe0, 0x1c, 0x44, 0x31, 0x0, 0x84, 0x3,
    0x93, 0xfd, 0x80, 0x18, 0x98, 0x3, 0x26, 0xe8,
    0x3, 0xb8, 0x80, 0x3f, 0xf8, 0xa, 0x8, 0x1,
    0xff, 0x1c, 0x68, 0x7, 0xe4, 0x5, 0x37, 0x70,
    0x80, 0x7a, 0xfc, 0x22, 0x41, 0xe0, 0x3, 0x28,
    0x65, 0xc8, 0xa8, 0x43, 0xa8, 0x6, 0xc7, 0x72,
    0x68, 0x0, 0x76, 0xd0, 0x0, 0xa6, 0xf, 0x82,
    0x1, 0x1f, 0xa0,

    /* U+8BF7 "请" */
    0x4, 0x30, 0xe, 0xd3, 0x0, 0xed, 0x31, 0xdd,
    0x8b, 0xb7, 0x4e, 0x9, 0x5e, 0x3b, 0x98, 0x29,
    0xcc, 0x38, 0x1, 0x30, 0x22, 0xa8, 0x51, 0x54,
    0x13, 0x67, 0x32, 0xcf, 0xf0, 0xd7, 0xf9, 0x5b,
    0xad, 0x18, 0xce, 0x91, 0x33, 0x96, 0x10, 0x11,
    0x15, 0x5e, 0x60, 0xe, 0x76, 0xdd, 0xc6, 0x1,
    0xf2, 0xdd, 0xe1, 0x0, 0xe2, 0x5, 0xbb, 0xc2,
    0x1, 0xab, 0xc1, 0x33, 0x30, 0x80, 0x4a, 0xd8,
    0x9, 0x99, 0x84, 0x2, 0xab, 0x10, 0xd, 0x7a,
    0x42,

    /* U+8C6B "豫" */
    0x0, 0xf9, 0xcc, 0x3, 0xa3, 0xba, 0xf3, 0x34,
    0x76, 0xfa, 0x0, 0x22, 0xf9, 0x60, 0xb7, 0x36,
    0x49, 0x0, 0x23, 0xe1, 0x6c, 0x1f, 0xdb, 0xc,
    0xd0, 0x3, 0x63, 0x7, 0x8e, 0x7a, 0x6e, 0x8c,
    0x2b, 0x74, 0x3c, 0x83, 0xb8, 0xbb, 0x80, 0xa,
    0xd1, 0xc2, 0x4f, 0x50, 0xed, 0xcb, 0x0, 0xc6,
    0x9, 0x80, 0x8e, 0xb8, 0x60, 0x1d, 0xef, 0xc2,
    0x71, 0xce, 0xc0, 0x18, 0xca, 0x3a, 0xb8, 0x25,
    0x84, 0x3, 0xd7, 0xd0, 0x2a, 0xd3, 0x0, 0x1e,
    0x88, 0x4b, 0x34, 0xaa, 0x45, 0xf2, 0x10, 0xba,
    0x4d, 0x62, 0xd, 0x45, 0xfc, 0x0, 0x8, 0x36,
    0xd0, 0x0, 0x40,

    /* U+8D35 "贵" */
    0x0, 0xf6, 0xa0, 0x7, 0xe9, 0xcc, 0x8a, 0x73,
    0x24, 0x0, 0xcb, 0x19, 0x82, 0x9c, 0xc3, 0x88,
    0x6, 0x58, 0xcc, 0x14, 0xe6, 0x1c, 0x40, 0x2,
    0xb9, 0x33, 0xd, 0x4c, 0xc2, 0xa2, 0x79, 0x9c,
    0xfd, 0x99, 0xc6, 0x53, 0xc8, 0x9f, 0xa2, 0x48,
    0x1, 0xeb, 0xba, 0xbc, 0xdd, 0x11, 0x80, 0x7e,
    0x83, 0x0, 0xff, 0x84, 0x44, 0x1, 0xfa, 0xec,
    0x5a, 0xf3, 0x24, 0x92, 0x0, 0xcf, 0x59, 0x51,
    0x39, 0xf1, 0x24, 0x0, 0x9e, 0xce, 0x60, 0x2,
    0xde, 0xa, 0x0,

    /* U+8D63 "赣" */
    0x0, 0xa8, 0x80, 0x24, 0x70, 0xe, 0xbb, 0x3f,
    0xdd, 0x82, 0x72, 0xb3, 0x0, 0xa, 0x2d, 0xd0,
    0x5d, 0x20, 0x43, 0xf0, 0x0, 0x50, 0xc, 0x42,
    0xa4, 0x77, 0x8, 0x13, 0x7, 0x3d, 0xae, 0x6f,
    0xfc, 0x18, 0xc9, 0x4a, 0xbb, 0xac, 0xfb, 0x9b,
    0x4c, 0x19, 0xb3, 0x2c, 0xc3, 0x6f, 0x7, 0x99,
    0x80, 0x1f, 0x33, 0x1, 0x19, 0xa0, 0xcc, 0xe0,
    0x3, 0xcc, 0x20, 0x1c, 0x55, 0x56, 0x81, 0x19,
    0xf9, 0x8b, 0x7, 0xc5, 0xc0, 0x2, 0x74, 0x23,
    0xc4, 0x80, 0x10, 0x40, 0x24, 0xcc, 0x34, 0xe5,
    0xbf, 0xc7, 0xd2, 0x80, 0x7c, 0x31, 0xda, 0xf0,
    0x2c,

    /* U+8F66 "车" */
    0x0, 0xff, 0xe3, 0xe2, 0x80, 0x7f, 0xc6, 0x64,
    0x0, 0xfd, 0xdf, 0xec, 0xe, 0xff, 0xee, 0x0,
    0x7f, 0x60, 0x6f, 0x6f, 0x76, 0xf0, 0x0, 0x8a,
    0x20, 0x43, 0x84, 0x23, 0x80, 0x25, 0x67, 0x0,
    0xff, 0xa0, 0xbb, 0xa1, 0xce, 0xe8, 0x3, 0x7f,
    0x7f, 0xc3, 0x7f, 0xf0, 0x6, 0x21, 0x1c, 0xe,
    0x23, 0x0, 0x7, 0x33, 0xc3, 0xd9, 0x98, 0x87,
    0xff, 0xc3, 0x7f, 0xf8, 0x80, 0xcf, 0xc0, 0xa6,
    0x78, 0x3, 0xff, 0x86,

    /* U+8F86 "辆" */
    0x0, 0x50, 0x80, 0x7f, 0xf0, 0x10, 0x41, 0xbf,
    0xfe, 0x55, 0x78, 0xf7, 0x13, 0x30, 0x58, 0x59,
    0x84, 0x5a, 0x6e, 0xe1, 0x19, 0x80, 0xc0, 0xcc,
    0x21, 0x98, 0xd0, 0x1d, 0xd1, 0x69, 0x6e, 0x0,
    0x11, 0x6, 0x6, 0x3a, 0x5a, 0x5a, 0x40, 0x44,
    0xf1, 0xe1, 0x0, 0x8, 0x7, 0x16, 0xf0, 0xf0,
    0x81, 0x99, 0x9, 0x0, 0x22, 0x0, 0x28, 0x82,
    0xbc, 0x37, 0x0, 0xa, 0x74, 0x7d, 0xc2, 0xa5,
    0x68, 0xc0, 0x2e, 0xf1, 0xa6, 0x19, 0x10, 0x39,
    0x0, 0x13, 0x90, 0x4, 0x2a, 0x12, 0x1, 0xff,
    0xc2, 0x5d, 0x50, 0xd, 0xc0, 0x58, 0x1, 0x2e,
    0xd8, 0x0,

    /* U+8F93 "输" */
    0x0, 0x39, 0x0, 0x61, 0x80, 0xf, 0x50, 0x7,
    0x6b, 0x10, 0x4, 0xbe, 0x5b, 0xe4, 0x38, 0x9b,
    0xea, 0x0, 0x5c, 0x4f, 0xf3, 0xfa, 0xc9, 0x74,
    0x59, 0x2, 0x6e, 0x83, 0x65, 0x77, 0x5e, 0xfa,
    0x0, 0xc7, 0x30, 0x90, 0xbb, 0x7e, 0xd6, 0x11,
    0x12, 0xc6, 0x96, 0x83, 0x53, 0x1, 0xc0, 0xa7,
    0xc3, 0xdc, 0x3, 0xf9, 0x94, 0x50, 0x4, 0x40,
    0x1e, 0x16, 0x91, 0xc7, 0x11, 0x80, 0x38, 0xb3,
    0xc3, 0x5c, 0x48, 0x80, 0x20, 0x11, 0xd3, 0x8,
    0x1, 0x97, 0xc3, 0x0, 0x3f, 0x8, 0x1d, 0x1b,
    0x6b, 0x0, 0x6e, 0x2, 0xa3, 0xc4, 0x6d, 0xb0,

    /* U+8FBD "辽" */
    0x6, 0x0, 0xff, 0xe0, 0xe5, 0x4, 0x7f, 0xfc,
    0xe0, 0xa, 0x68, 0x87, 0xff, 0x2a, 0x38, 0x5,
    0xb2, 0x1, 0xd6, 0x16, 0x1, 0x84, 0x40, 0x1b,
    0x72, 0x80, 0x29, 0xff, 0x20, 0x6, 0x35, 0x0,
    0xd3, 0xe6, 0x1, 0xff, 0xea, 0x22, 0x18, 0x3,
    0x78, 0xc8, 0x3, 0x1e, 0x45, 0xd1, 0xe7, 0x68,
    0x0, 0x48, 0x6e, 0x5b, 0x37, 0xb9, 0xff, 0xbb,
    0x4e, 0x1c, 0x0, 0xfb, 0xfe, 0xef, 0xfc, 0x40,

    /* U+8FD0 "运" */
    0x0, 0xff, 0xe1, 0xc5, 0x88, 0x1f, 0xff, 0xb0,
    0x1, 0x7, 0xe4, 0x7f, 0xfe, 0xc0, 0xa, 0x34,
    0x80, 0x3f, 0xf8, 0x6, 0x6c, 0xcf, 0xd4, 0x5f,
    0xeb, 0x2f, 0xf2, 0x87, 0xc7, 0xfa, 0x4b, 0xe9,
    0xc4, 0xcc, 0xf0, 0x7e, 0xc6, 0x60, 0x0, 0x80,
    0x4c, 0x48, 0x11, 0x60, 0x1f, 0xc, 0x78, 0x90,
    0x14, 0x0, 0x7a, 0x47, 0x3b, 0xfc, 0xce, 0x40,
    0x2, 0x11, 0x4e, 0xff, 0xb7, 0x2a, 0x40, 0xf,
    0x6b, 0x8e, 0x1, 0xe7, 0x11, 0x57, 0xc6, 0x7e,
    0x7f, 0xf7, 0x40, 0xe9, 0x0, 0xcf, 0x7f, 0xfa,
    0xc0,

    /* U+8FD4 "返" */
    0x1, 0x0, 0xf8, 0x91, 0xc4, 0x1, 0x8c, 0x0,
    0xcd, 0xef, 0xfb, 0x94, 0x1, 0xf0, 0x80, 0x79,
    0xdf, 0xb7, 0x28, 0x0, 0x2c, 0x40, 0x2, 0xa2,
    0x70, 0x6, 0x20, 0xb, 0xbb, 0xac, 0x81, 0xb3,
    0x6, 0x21, 0x51, 0x54, 0xf3, 0x20, 0x4f, 0x17,
    0x32, 0x26, 0x30, 0xdf, 0x80, 0x8, 0xc4, 0x1d,
    0x8b, 0xef, 0xdc, 0xc0, 0x3d, 0x98, 0x0, 0x8,
    0x10, 0x7, 0x89, 0x95, 0xfd, 0x38, 0x70, 0x40,
    0x4, 0x41, 0xa0, 0xdc, 0x80, 0xa4, 0x30, 0x3c,
    0x8b, 0xc6, 0x83, 0x11, 0x15, 0xb0, 0xa5, 0xb6,
    0x7f, 0xfd, 0xd0, 0x2e, 0xa0, 0x6, 0xbd, 0xee,
    0xb7, 0x58, 0x0,

    /* U+8FD8 "还" */
    0x7, 0x20, 0xf, 0xfe, 0xe, 0x13, 0xff, 0xfd,
    0xc0, 0x7, 0x77, 0x3f, 0x74, 0xc9, 0xdc, 0xf0,
    0xa, 0x74, 0x4, 0x46, 0xd0, 0x23, 0x0, 0x61,
    0x0, 0xb8, 0x4, 0x80, 0x2a, 0xff, 0x20, 0x2,
    0x9c, 0x1f, 0xc, 0x1, 0x5e, 0x60, 0xb, 0x7a,
    0x4, 0xad, 0x30, 0xe, 0xd7, 0xc1, 0x0, 0x25,
    0xe8, 0x7, 0x7e, 0x8, 0x6, 0x5c, 0x0, 0xe2,
    0x0, 0xf8, 0x80, 0x6, 0x58, 0x1, 0xfe, 0x4d,
    0xb3, 0xb4, 0x10, 0xf1, 0x1, 0x32, 0xd8, 0x5b,
    0xd8, 0xef, 0xfd, 0xd8, 0xd2, 0xc0, 0x6, 0xcf,
    0xf7, 0x7f, 0xe4,

    /* U+8FDB "进" */
    0x5, 0x80, 0xd, 0xe0, 0xe, 0x20, 0x9, 0x19,
    0x0, 0x3f, 0xe1, 0xa9, 0x1, 0x10, 0x8, 0xe0,
    0xc, 0x90, 0x1d, 0xc0, 0xee, 0x6, 0x70, 0x6,
    0x50, 0xff, 0x7, 0xf8, 0x77, 0x80, 0x19, 0x8a,
    0x0, 0xff, 0xb7, 0xd1, 0x7b, 0xc3, 0xb8, 0x3b,
    0xc6, 0x2, 0x20, 0x5f, 0xa3, 0xff, 0x6, 0x79,
    0x80, 0x70, 0xe5, 0x88, 0xf0, 0x7, 0x8d, 0xd8,
    0x3, 0xf5, 0x9, 0x26, 0x88, 0x1, 0xcc, 0x2,
    0xa3, 0xbf, 0x11, 0x0, 0x50, 0x66, 0x21, 0x6b,
    0x4c, 0xee, 0xbf, 0xbf, 0x38, 0x45, 0x80, 0x1,
    0x8c, 0xef, 0xee, 0xb4, 0xc0,

    /* U+9001 "送" */
    0x6, 0x0, 0x89, 0x80, 0x24, 0x60, 0xb, 0xec,
    0x0, 0x50, 0x40, 0x8, 0x30, 0xa, 0x42, 0x0,
    0x99, 0x49, 0x85, 0xc4, 0x2, 0xaa, 0x1f, 0xad,
    0x6d, 0x87, 0xc8, 0x4, 0x24, 0x7b, 0xb0, 0x66,
    0xea, 0x2, 0x3f, 0xc8, 0x1, 0xfe, 0x8e, 0x30,
    0xbe, 0xe7, 0x87, 0xf7, 0x40, 0x1, 0x0, 0x5f,
    0x72, 0x81, 0xbb, 0xa0, 0xf, 0x86, 0xe8, 0xe8,
    0x3, 0xf1, 0xe3, 0x2d, 0x8d, 0x0, 0x46, 0x44,
    0x5d, 0x88, 0x0, 0x2c, 0x50, 0xf, 0x62, 0xb3,
    0x54, 0x3, 0x53, 0x8c, 0xc3, 0x60, 0xf7, 0xff,
    0x76, 0x1d, 0x30, 0x2, 0x37, 0xfb, 0x9f, 0xf8,
    0x80,

    /* U+9009 "选" */
    0x3, 0x10, 0x8, 0xd0, 0xb8, 0x3, 0x93, 0xc4,
    0x1, 0x24, 0x1, 0xf3, 0xbb, 0x0, 0x56, 0x30,
    0x7b, 0xa2, 0x0, 0x4c, 0x5, 0xb7, 0x60, 0xf7,
    0x44, 0x1, 0x28, 0x74, 0x0, 0x7e, 0x22, 0x83,
    0xea, 0xe4, 0x6e, 0xe3, 0xf, 0xf4, 0x87, 0xf8,
    0xa, 0x93, 0xfc, 0x41, 0xb2, 0x0, 0x44, 0x36,
    0xa0, 0xa2, 0x4, 0x3, 0xca, 0x68, 0x1, 0x12,
    0x80, 0x73, 0xdd, 0x0, 0x88, 0xd7, 0x0, 0x26,
    0x3d, 0xc4, 0x0, 0x3c, 0x6d, 0x2, 0x52, 0x76,
    0x18, 0x5, 0x17, 0x44, 0x13, 0x53, 0xf9, 0xfe,
    0xee, 0x7f, 0xcc, 0x1a, 0x80, 0x55, 0xdf, 0xfe,
    0x70,

    /* U+9102 "鄂" */
    0x0, 0xff, 0xe1, 0x17, 0xef, 0xa7, 0x6e, 0x97,
    0xfe, 0xe0, 0x2, 0x6a, 0x83, 0xeb, 0x2, 0xfc,
    0xa0, 0x1, 0x69, 0xc1, 0x29, 0x80, 0x2a, 0x90,
    0x2c, 0x8f, 0x4f, 0x8f, 0x0, 0x10, 0x18, 0x2,
    0x73, 0x1d, 0x98, 0x50, 0x5, 0x20, 0x0, 0x67,
    0x33, 0x94, 0x1, 0xa, 0x40, 0xfd, 0x9f, 0xdd,
    0x8c, 0x1, 0x10, 0x6, 0xc0, 0x8e, 0xeb, 0xc,
    0x0, 0xa8, 0x0, 0x22, 0x4f, 0x73, 0x48, 0x2,
    0x20, 0x8, 0xb3, 0x30, 0x98, 0x3, 0x72, 0x0,
    0x3c, 0x20, 0x20, 0xd, 0xe6, 0x0, 0xcf, 0xde,
    0xc0, 0x1f, 0xe7, 0xee, 0x40, 0x2d, 0x0, 0x60,

    /* U+91CD "重" */
    0x0, 0xe1, 0x23, 0x56, 0x85, 0x0, 0x26, 0xeb,
    0x37, 0x53, 0xa3, 0xae, 0x6, 0x31, 0x9, 0x90,
    0x6e, 0x88, 0x1d, 0x40, 0x8b, 0x83, 0xc8, 0xb1,
    0x99, 0xf2, 0xee, 0x4, 0xbb, 0xb1, 0x80, 0xb,
    0xb9, 0x81, 0xec, 0xc7, 0x28, 0x6, 0xab, 0xb0,
    0xcd, 0xda, 0x40, 0x3a, 0xae, 0xc3, 0x37, 0x69,
    0x0, 0xcb, 0xb9, 0x81, 0xec, 0xc7, 0x28, 0x5,
    0x79, 0x90, 0xf6, 0x65, 0x60, 0x7, 0xdd, 0xc3,
    0xfb, 0xb8, 0x0, 0xfb, 0xb8, 0x7f, 0x77, 0x4,
    0x6e, 0xf1, 0xfe, 0xee, 0xc0,

    /* U+91CF "量" */
    0x0, 0x46, 0xd5, 0x7b, 0x60, 0x3, 0x84, 0x8b,
    0xc2, 0x1, 0xe1, 0x22, 0xf0, 0x80, 0x66, 0xeb,
    0xcc, 0xf5, 0xf3, 0x10, 0x8, 0xff, 0xf0, 0x41,
    0xf7, 0x37, 0x57, 0x6d, 0xda, 0xdc, 0xc0, 0xc,
    0x5b, 0xa7, 0x76, 0xe8, 0x88, 0x1, 0xd8, 0x88,
    0x12, 0x44, 0x60, 0x7, 0x27, 0xcc, 0x9d, 0x26,
    0x5c, 0xe0, 0x10, 0x88, 0xce, 0x11, 0x19, 0xc0,
    0x40, 0x1, 0xaa, 0xcc, 0xb5, 0x58, 0x80, 0xbf,
    0x33, 0x2b, 0x66, 0x6f, 0x60,

    /* U+94A5 "钥" */
    0x0, 0x22, 0x0, 0x3f, 0xf8, 0x10, 0x1, 0x9f,
    0xff, 0x84, 0x1c, 0xef, 0xfc, 0x80, 0xdf, 0xf0,
    0x0, 0xab, 0xbf, 0xe4, 0x0, 0xf8, 0xab, 0xfb,
    0xa0, 0x3, 0x77, 0x40, 0x13, 0xe8, 0xff, 0x80,
    0xd, 0xdd, 0x0, 0x61, 0x1c, 0x1, 0xf8, 0x6e,
    0x46, 0xec, 0x40, 0x67, 0x80, 0x3, 0xd8, 0x1d,
    0xc3, 0xe7, 0xff, 0x80, 0x25, 0x50, 0xaa, 0x84,
    0xa3, 0x32, 0x0, 0xf0, 0xb0, 0x22, 0x0, 0x3e,
    0x61, 0xf1, 0x74, 0x10, 0xc, 0x20, 0xc, 0x7e,
    0x59, 0x80, 0x5, 0x7a, 0x0, 0x51, 0x0, 0x2e,
    0x30, 0x5, 0x7d, 0x80,

    /* U+9501 "锁" */
    0x0, 0x32, 0x0, 0x42, 0x1c, 0x20, 0x20, 0x14,
    0x28, 0x0, 0xe8, 0x2, 0x1f, 0x0, 0x40, 0xf7,
    0xe9, 0x89, 0x80, 0x2e, 0x0, 0xd7, 0xfe, 0xd0,
    0xe7, 0x5, 0x24, 0x3, 0xbe, 0xea, 0xe, 0xec,
    0x36, 0xf8, 0x0, 0x6c, 0xf, 0x80, 0x4f, 0x9f,
    0xe0, 0xc, 0x60, 0x20, 0x1a, 0x44, 0x3, 0x6f,
    0xf, 0x60, 0x7, 0xf6, 0xe8, 0x7b, 0x0, 0x30,
    0x80, 0x71, 0x80, 0x71, 0x8, 0x7, 0xe2, 0x61,
    0xd9, 0x64, 0x9, 0x0, 0x94, 0x7c, 0xc3, 0x42,
    0xbb, 0x4, 0x2, 0xe8, 0xd0, 0xcd, 0xb2, 0xaf,
    0xd8, 0x0, 0x53, 0x82, 0xf3, 0x0, 0x45, 0x70,

    /* U+952E "键" */
    0x0, 0xff, 0xe1, 0x95, 0x80, 0x7a, 0x88, 0x3,
    0x50, 0xa2, 0xff, 0xa7, 0x13, 0xb2, 0x0, 0xc,
    0x3e, 0x1e, 0x91, 0x89, 0xda, 0x41, 0x2f, 0x76,
    0x52, 0x79, 0xd5, 0xfc, 0x56, 0xd2, 0xaa, 0x25,
    0xcc, 0x6a, 0xfe, 0x2b, 0x24, 0x27, 0x3, 0x5e,
    0xe2, 0xfe, 0x80, 0x46, 0x8, 0x8f, 0x84, 0xc5,
    0xfc, 0xa0, 0x6d, 0x1d, 0x85, 0xe5, 0xd5, 0xfd,
    0x60, 0x6c, 0x1c, 0x98, 0x48, 0xd5, 0xfd, 0x60,
    0x0, 0x80, 0x89, 0xf, 0xb5, 0x7f, 0x68, 0x3,
    0x23, 0xf0, 0xc6, 0xaf, 0xed, 0x0, 0x4, 0x50,
    0x73, 0x2c, 0x6d, 0x30, 0xc, 0x8f, 0x93, 0x6f,
    0x98, 0xaf, 0xed, 0x20, 0x58, 0xc, 0x50, 0x2a,
    0xde, 0xe6, 0x90,

    /* U+957F "长" */
    0x0, 0x2e, 0x0, 0x71, 0xb8, 0x7, 0xf8, 0xf4,
    0x40, 0x3f, 0x9b, 0x21, 0x80, 0x3e, 0x3b, 0x8c,
    0x60, 0xf, 0xdc, 0x5e, 0x60, 0x18, 0x44, 0x60,
    0x39, 0x0, 0x23, 0x83, 0xb9, 0x27, 0xdd, 0xf9,
    0xbf, 0xd4, 0x7f, 0xe3, 0xaf, 0xfc, 0xc0, 0x1e,
    0x8b, 0x0, 0xff, 0x91, 0x16, 0x1, 0xff, 0x53,
    0xe0, 0x80, 0x70, 0xc6, 0x79, 0x62, 0xf4, 0x90,
    0x3, 0xc0, 0x11, 0xe4, 0x13, 0x84, 0xc0, 0xb,
    0xd8, 0x40, 0xc, 0x76, 0x80,

    /* U+95ED "闭" */
    0x34, 0x0, 0xff, 0xa8, 0xd7, 0xff, 0xe7, 0x3a,
    0x95, 0xff, 0xf3, 0x5, 0x2d, 0x0, 0x45, 0xa0,
    0x19, 0x0, 0x38, 0x4c, 0x3, 0xd5, 0xff, 0x60,
    0xfe, 0x80, 0x6a, 0xff, 0x60, 0xf, 0xe8, 0x7,
    0x8b, 0x60, 0x3, 0xf2, 0x65, 0xa8, 0x7, 0x8e,
    0x6a, 0x8a, 0x1, 0xfb, 0xbd, 0x0, 0x40, 0x3c,
    0x6e, 0x29, 0xfa, 0xe0, 0x1f, 0x93, 0xfa, 0x43,
    0x5d, 0x0,

    /* U+95FD "闽" */
    0x34, 0x0, 0xff, 0xd, 0x1b, 0x7f, 0xfc, 0xe5,
    0x72, 0xdf, 0x5f, 0xf9, 0x82, 0x92, 0x80, 0x16,
    0x20, 0x1c, 0x87, 0x39, 0x81, 0xdc, 0xc0, 0x80,
    0x65, 0x9e, 0x8, 0xe2, 0x0, 0xf3, 0x10, 0xa9,
    0x0, 0x7d, 0xba, 0x1f, 0xd1, 0x0, 0xed, 0xfc,
    0xc, 0xea, 0x10, 0xc, 0x23, 0x3, 0x25, 0x80,
    0x67, 0xce, 0xf1, 0x8d, 0x28, 0x0, 0x9a, 0x33,
    0xfb, 0x2b, 0x68, 0x2, 0x14, 0x20, 0xe, 0xd7,
    0x30,

    /* U+9655 "陕" */
    0x0, 0xf8, 0xb8, 0x3, 0x7f, 0xdc, 0x1, 0xfe,
    0xf8, 0x71, 0xdd, 0x60, 0xee, 0xc0, 0x15, 0x58,
    0xcf, 0x50, 0x67, 0x70, 0x0, 0xae, 0x40, 0x76,
    0xc2, 0x2a, 0x50, 0x2, 0x39, 0x2, 0xa8, 0x2,
    0x77, 0x0, 0x6, 0x20, 0x4, 0xa2, 0x65, 0x22,
    0x1, 0x2a, 0x4f, 0xbe, 0x16, 0xc7, 0xa8, 0x12,
    0x9c, 0xff, 0x94, 0x27, 0xfc, 0xa0, 0xbd, 0x20,
    0x2, 0x5b, 0xb0, 0x6, 0x7b, 0x40, 0x7, 0x3a,
    0x22, 0x80, 0x3c, 0x7a, 0xd0, 0x12, 0xf4, 0x20,
    0x11, 0x6d, 0xd0, 0x5, 0x80, 0xbe, 0x0, 0x2e,
    0x60, 0xc, 0x34, 0x80,

    /* U+9664 "除" */
    0x0, 0xfc, 0xe0, 0x1b, 0xbf, 0xdc, 0x1, 0x44,
    0x8, 0x3, 0x7d, 0x20, 0x1, 0x96, 0xfc, 0x80,
    0x37, 0x70, 0x22, 0xf1, 0x27, 0x18, 0x0, 0x4c,
    0x98, 0xb0, 0xa8, 0x11, 0x6c, 0x0, 0x11, 0x74,
    0x77, 0xdf, 0xee, 0x30, 0x15, 0x41, 0x2d, 0xd0,
    0xdd, 0x84, 0x2, 0x74, 0x8a, 0xa8, 0x6a, 0xa4,
    0x0, 0x19, 0xaf, 0xba, 0xe, 0xe9, 0x41, 0xf2,
    0xf, 0x45, 0x5, 0x25, 0x84, 0x1f, 0x99, 0x10,
    0xa0, 0x14, 0xf0, 0x6, 0x1a, 0xf0, 0xc, 0x8a,
    0xa0, 0x8, 0x78, 0xb3, 0xd0, 0x1, 0x2b, 0xc0,
    0x1d, 0x9d, 0x40, 0x18,

    /* U+9752 "青" */
    0x0, 0xf6, 0x20, 0x7, 0x9b, 0x77, 0x1d, 0x6e,
    0xe2, 0x6, 0xdd, 0xc7, 0x5b, 0xb8, 0x80, 0x1b,
    0xb8, 0xe7, 0x76, 0x70, 0xb, 0x77, 0x1c, 0xee,
    0xce, 0xb, 0xbb, 0xc3, 0x3b, 0xbb, 0x17, 0x72,
    0xef, 0xf6, 0x60, 0x0, 0x50, 0x67, 0xeb, 0x40,
    0xc, 0x33, 0x3e, 0x30, 0xe, 0x2c, 0xcf, 0x28,
    0x7, 0x16, 0x67, 0x90, 0x3, 0x8b, 0x33, 0xc8,
    0x1, 0xfe, 0xcd, 0x67, 0x0,

    /* U+9C81 "鲁" */
    0x0, 0xd6, 0x60, 0x1f, 0xea, 0x68, 0xbc, 0xf2,
    0x0, 0xc3, 0x69, 0x1d, 0xc6, 0x27, 0x53, 0x2,
    0xf5, 0x73, 0x37, 0x5, 0x9e, 0x48, 0x16, 0x22,
    0xe6, 0x19, 0xf3, 0xa, 0x1, 0x10, 0x27, 0x71,
    0xd3, 0xb8, 0x80, 0x1b, 0xb8, 0x44, 0xcf, 0x22,
    0x77, 0x0, 0x17, 0x15, 0x5f, 0xa2, 0xc2, 0xf9,
    0x9b, 0xf7, 0x58, 0x0, 0x5e, 0x23, 0xce, 0x20,
    0x18, 0xa6, 0x7c, 0x40, 0x1c, 0x77, 0x7e, 0x20,
    0xe, 0x3c, 0xcf, 0x10, 0x6, 0x3f, 0xcc, 0xf7,
    0x98, 0x0,

    /* U+9ED1 "黑" */
    0x0, 0x74, 0xc4, 0x37, 0x22, 0x13, 0xc0, 0x1d,
    0x9, 0xf, 0x70, 0x96, 0x1, 0xf2, 0x20, 0x0,
    0xd6, 0x1, 0xf1, 0xdb, 0x87, 0xf2, 0x88, 0x7,
    0x17, 0xf7, 0x15, 0x97, 0xf9, 0x40, 0x36, 0x6e,
    0xca, 0xdb, 0xb5, 0x80, 0x6d, 0xdc, 0xad, 0xbb,
    0x80, 0x36, 0xee, 0x59, 0xdd, 0xc0, 0x3, 0xff,
    0xe5, 0x8f, 0xfe, 0x33, 0x7d, 0x77, 0xf7, 0xfb,
    0x7f, 0xab, 0xcc, 0xe, 0xc4, 0xf4, 0xb, 0x40,
    0x65, 0x80, 0x1d, 0x0, 0x44, 0x2, 0x35, 0xe,
    0x91, 0xf, 0x60, 0x1f, 0x0, 0x6a, 0x81, 0x70,
    0x80,

    /* U+FF08 "（" */
    0x0, 0xe, 0x8, 0x2, 0xd0, 0x41, 0x1e, 0x0,
    0x1f, 0x0, 0x12, 0x28, 0x0, 0x88, 0x1, 0x8,
    0x80, 0x3f, 0x11, 0x80, 0x42, 0x46, 0x1, 0x5c,
    0x80, 0x4c, 0xe8, 0x1, 0x75, 0x8, 0x0, 0xf0,
    0x40,

    /* U+FF09 "）" */
    0x1c, 0x10, 0x0, 0xa5, 0x80, 0x50, 0xe8, 0x1,
    0x47, 0x80, 0x4a, 0x80, 0x18, 0x88, 0x1, 0x8,
    0x80, 0x3f, 0x19, 0x0, 0xc, 0x84, 0x1, 0x36,
    0x0, 0x47, 0x60, 0x1a, 0xe0, 0x0, 0xe1, 0x80,
    0x0
};


/*---------------------
 *  GLYPH DESCRIPTION
 *--------------------*/

static const lv_font_fmt_txt_glyph_dsc_t glyph_dsc[] = {
    {.bitmap_index = 0, .adv_w = 0, .box_w = 0, .box_h = 0, .ofs_x = 0, .ofs_y = 0} /* id = 0 reserved */,
    {.bitmap_index = 0, .adv_w = 50, .box_w = 0, .box_h = 0, .ofs_x = 0, .ofs_y = 0},
    {.bitmap_index = 0, .adv_w = 72, .box_w = 3, .box_h = 11, .ofs_x = 1, .ofs_y = 0},
    {.bitmap_index = 16, .adv_w = 106, .box_w = 5, .box_h = 5, .ofs_x = 1, .ofs_y = 6},
    {.bitmap_index = 28, .adv_w = 124, .box_w = 8, .box_h = 11, .ofs_x = 0, .ofs_y = 0},
    {.bitmap_index = 71, .adv_w = 124, .box_w = 7, .box_h = 14, .ofs_x = 0, .ofs_y = -2},
    {.bitmap_index = 116, .adv_w = 206, .box_w = 13, .box_h = 11, .ofs_x = 0, .ofs_y = 0},
    {.bitmap_index = 186, .adv_w = 152, .box_w = 10, .box_h = 11, .ofs_x = 0, .ofs_y = 0},
    {.bitmap_index = 236, .adv_w = 62, .box_w = 2, .box_h = 5, .ofs_x = 1, .ofs_y = 6},
    {.bitmap_index = 242, .adv_w = 76, .box_w = 4, .box_h = 15, .ofs_x = 1, .ofs_y = -3},
    {.bitmap_index = 275, .adv_w = 76, .box_w = 4, .box_h = 15, .ofs_x = 0, .ofs_y = -3},
    {.bitmap_index = 306, .adv_w = 105, .box_w = 6, .box_h = 5, .ofs_x = 0, .ofs_y = 6},
    {.bitmap_index = 322, .adv_w = 124, .box_w = 8, .box_h = 8, .ofs_x = 0, .ofs_y = 2},
    {.bitmap_index = 342, .adv_w = 62, .box_w = 4, .box_h = 5, .ofs_x = 0, .ofs_y = -3},
    {.bitmap_index = 353, .adv_w = 78, .box_w = 5, .box_h = 2, .ofs_x = 0, .ofs_y = 3},
    {.bitmap_index = 358, .adv_w = 62, .box_w = 2, .box_h = 2, .ofs_x = 1, .ofs_y = 0},
    {.bitmap_index = 361, .adv_w = 88, .box_w = 6, .box_h = 14, .ofs_x = 0, .ofs_y = -3},
    {.bitmap_index = 397, .adv_w = 124, .box_w = 8, .box_h = 11, .ofs_x = 0, .ofs_y = 0},
    {.bitmap_index = 438, .adv_w = 124, .box_w = 6, .box_h = 11, .ofs_x = 1, .ofs_y = 0},
    {.bitmap_index = 455, .adv_w = 124, .box_w = 8, .box_h = 11, .ofs_x = 0, .ofs_y = 0},
    {.bitmap_index = 493, .adv_w = 124, .box_w = 7, .box_h = 11, .ofs_x = 0, .ofs_y = 0},
    {.bitmap_index = 530, .adv_w = 124, .box_w = 8, .box_h = 11, .ofs_x = 0, .ofs_y = 0},
    {.bitmap_index = 565, .adv_w = 124, .box_w = 8, .box_h = 11, .ofs_x = 0, .ofs_y = 0},
    {.bitmap_index = 604, .adv_w = 124, .box_w = 8, .box_h = 11, .ofs_x = 0, .ofs_y = 0},
    {.bitmap_index = 648, .adv_w = 124, .box_w = 8, .box_h = 11, .ofs_x = 0, .ofs_y = 0},
    {.bitmap_index = 681, .adv_w = 124, .box_w = 8, .box_h = 11, .ofs_x = 0, .ofs_y = 0},
    {.bitmap_index = 726, .adv_w = 124, .box_w = 8, .box_h = 11, .ofs_x = 0, .ofs_y = 0},
    {.bitmap_index = 769, .adv_w = 62, .box_w = 2, .box_h = 8, .ofs_x = 1, .ofs_y = 0},
    {.bitmap_index = 776, .adv_w = 62, .box_w = 4, .box_h = 11, .ofs_x = 0, .ofs_y = -3},
    {.bitmap_index = 794, .adv_w = 124, .box_w = 8, .box_h = 7, .ofs_x = 0, .ofs_y = 2},
    {.bitmap_index = 821, .adv_w = 124, .box_w = 8, .box_h = 4, .ofs_x = 0, .ofs_y = 4},
    {.bitmap_index = 831, .adv_w = 124, .box_w = 8, .box_h = 7, .ofs_x = 0, .ofs_y = 2},
    {.bitmap_index = 857, .adv_w = 106, .box_w = 6, .box_h = 11, .ofs_x = 0, .ofs_y = 0},
    {.bitmap_index = 888, .adv_w = 212, .box_w = 13, .box_h = 13, .ofs_x = 0, .ofs_y = -2},
    {.bitmap_index = 970, .adv_w = 136, .box_w = 9, .box_h = 11, .ofs_x = 0, .ofs_y = 0},
    {.bitmap_index = 1015, .adv_w = 147, .box_w = 8, .box_h = 11, .ofs_x = 1, .ofs_y = 0},
    {.bitmap_index = 1054, .adv_w = 143, .box_w = 9, .box_h = 11, .ofs_x = 0, .ofs_y = 0},
    {.bitmap_index = 1096, .adv_w = 154, .box_w = 8, .box_h = 11, .ofs_x = 1, .ofs_y = 0},
    {.bitmap_index = 1132, .adv_w = 132, .box_w = 7, .box_h = 11, .ofs_x = 1, .ofs_y = 0},
    {.bitmap_index = 1159, .adv_w = 124, .box_w = 7, .box_h = 11, .ofs_x = 1, .ofs_y = 0},
    {.bitmap_index = 1183, .adv_w = 154, .box_w = 9, .box_h = 11, .ofs_x = 0, .ofs_y = 0},
    {.bitmap_index = 1229, .adv_w = 163, .box_w = 8, .box_h = 11, .ofs_x = 1, .ofs_y = 0},
    {.bitmap_index = 1248, .adv_w = 66, .box_w = 2, .box_h = 11, .ofs_x = 1, .ofs_y = 0},
    {.bitmap_index = 1253, .adv_w = 120, .box_w = 7, .box_h = 11, .ofs_x = 0, .ofs_y = 0},
    {.bitmap_index = 1270, .adv_w = 145, .box_w = 8, .box_h = 11, .ofs_x = 1, .ofs_y = 0},
    {.bitmap_index = 1309, .adv_w = 122, .box_w = 7, .box_h = 11, .ofs_x = 1, .ofs_y = 0},
    {.bitmap_index = 1318, .adv_w = 182, .box_w = 9, .box_h = 11, .ofs_x = 1, .ofs_y = 0},
    {.bitmap_index = 1362, .adv_w = 162, .box_w = 8, .box_h = 11, .ofs_x = 1, .ofs_y = 0},
    {.bitmap_index = 1396, .adv_w = 166, .box_w = 10, .box_h = 11, .ofs_x = 0, .ofs_y = 0},
    {.bitmap_index = 1446, .adv_w = 142, .box_w = 8, .box_h = 11, .ofs_x = 1, .ofs_y = 0},
    {.bitmap_index = 1480, .adv_w = 166, .box_w = 10, .box_h = 14, .ofs_x = 0, .ofs_y = -3},
    {.bitmap_index = 1543, .adv_w = 142, .box_w = 8, .box_h = 11, .ofs_x = 1, .ofs_y = 0},
    {.bitmap_index = 1581, .adv_w = 134, .box_w = 8, .box_h = 11, .ofs_x = 0, .ofs_y = 0},
    {.bitmap_index = 1622, .adv_w = 134, .box_w = 8, .box_h = 11, .ofs_x = 0, .ofs_y = 0},
    {.bitmap_index = 1636, .adv_w = 162, .box_w = 8, .box_h = 11, .ofs_x = 1, .ofs_y = 0},
    {.bitmap_index = 1661, .adv_w = 129, .box_w = 9, .box_h = 11, .ofs_x = 0, .ofs_y = 0},
    {.bitmap_index = 1706, .adv_w = 197, .box_w = 12, .box_h = 11, .ofs_x = 0, .ofs_y = 0},
    {.bitmap_index = 1772, .adv_w = 128, .box_w = 8, .box_h = 11, .ofs_x = 0, .ofs_y = 0},
    {.bitmap_index = 1815, .adv_w = 119, .box_w = 9, .box_h = 11, .ofs_x = -1, .ofs_y = 0},
    {.bitmap_index = 1849, .adv_w = 135, .box_w = 8, .box_h = 11, .ofs_x = 0, .ofs_y = 0},
    {.bitmap_index = 1886, .adv_w = 76, .box_w = 4, .box_h = 14, .ofs_x = 1, .ofs_y = -3},
    {.bitmap_index = 1896, .adv_w = 88, .box_w = 6, .box_h = 14, .ofs_x = 0, .ofs_y = -3},
    {.bitmap_index = 1931, .adv_w = 76, .box_w = 4, .box_h = 14, .ofs_x = 0, .ofs_y = -3},
    {.bitmap_index = 1940, .adv_w = 124, .box_w = 7, .box_h = 6, .ofs_x = 0, .ofs_y = 5},
    {.bitmap_index = 1961, .adv_w = 125, .box_w = 8, .box_h = 1, .ofs_x = 0, .ofs_y = -2},
    {.bitmap_index = 1964, .adv_w = 136, .box_w = 4, .box_h = 4, .ofs_x = 2, .ofs_y = 9},
    {.bitmap_index = 1973, .adv_w = 126, .box_w = 7, .box_h = 8, .ofs_x = 0, .ofs_y = 0},
    {.bitmap_index = 2002, .adv_w = 138, .box_w = 7, .box_h = 11, .ofs_x = 1, .ofs_y = 0},
    {.bitmap_index = 2030, .adv_w = 114, .box_w = 7, .box_h = 8, .ofs_x = 0, .ofs_y = 0},
    {.bitmap_index = 2055, .adv_w = 139, .box_w = 8, .box_h = 11, .ofs_x = 0, .ofs_y = 0},
    {.bitmap_index = 2088, .adv_w = 124, .box_w = 8, .box_h = 8, .ofs_x = 0, .ofs_y = 0},
    {.bitmap_index = 2119, .adv_w = 73, .box_w = 5, .box_h = 11, .ofs_x = 0, .ofs_y = 0},
    {.bitmap_index = 2136, .adv_w = 126, .box_w = 8, .box_h = 11, .ofs_x = 0, .ofs_y = -3},
    {.bitmap_index = 2179, .adv_w = 136, .box_w = 7, .box_h = 11, .ofs_x = 1, .ofs_y = 0},
    {.bitmap_index = 2199, .adv_w = 62, .box_w = 2, .box_h = 11, .ofs_x = 1, .ofs_y = 0},
    {.bitmap_index = 2207, .adv_w = 62, .box_w = 4, .box_h = 14, .ofs_x = -1, .ofs_y = -3},
    {.bitmap_index = 2223, .adv_w = 124, .box_w = 7, .box_h = 11, .ofs_x = 1, .ofs_y = 0},
    {.bitmap_index = 2252, .adv_w = 64, .box_w = 3, .box_h = 11, .ofs_x = 1, .ofs_y = 0},
    {.bitmap_index = 2259, .adv_w = 207, .box_w = 11, .box_h = 8, .ofs_x = 1, .ofs_y = 0},
    {.bitmap_index = 2284, .adv_w = 137, .box_w = 7, .box_h = 8, .ofs_x = 1, .ofs_y = 0},
    {.bitmap_index = 2300, .adv_w = 136, .box_w = 8, .box_h = 8, .ofs_x = 0, .ofs_y = 0},
    {.bitmap_index = 2330, .adv_w = 139, .box_w = 7, .box_h = 11, .ofs_x = 1, .ofs_y = -3},
    {.bitmap_index = 2362, .adv_w = 139, .box_w = 8, .box_h = 11, .ofs_x = 0, .ofs_y = -3},
    {.bitmap_index = 2397, .adv_w = 87, .box_w = 5, .box_h = 9, .ofs_x = 1, .ofs_y = 0},
    {.bitmap_index = 2410, .adv_w = 105, .box_w = 7, .box_h = 8, .ofs_x = 0, .ofs_y = 0},
    {.bitmap_index = 2438, .adv_w = 84, .box_w = 6, .box_h = 10, .ofs_x = 0, .ofs_y = 0},
    {.bitmap_index = 2458, .adv_w = 136, .box_w = 7, .box_h = 8, .ofs_x = 1, .ofs_y = 0},
    {.bitmap_index = 2476, .adv_w = 117, .box_w = 8, .box_h = 8, .ofs_x = 0, .ofs_y = 0},
    {.bitmap_index = 2507, .adv_w = 180, .box_w = 11, .box_h = 8, .ofs_x = 0, .ofs_y = 0},
    {.bitmap_index = 2553, .adv_w = 112, .box_w = 7, .box_h = 8, .ofs_x = 0, .ofs_y = 0},
    {.bitmap_index = 2581, .adv_w = 117, .box_w = 8, .box_h = 11, .ofs_x = 0, .ofs_y = -3},
    {.bitmap_index = 2622, .adv_w = 106, .box_w = 7, .box_h = 8, .ofs_x = 0, .ofs_y = 0},
    {.bitmap_index = 2649, .adv_w = 76, .box_w = 5, .box_h = 14, .ofs_x = 0, .ofs_y = -3},
    {.bitmap_index = 2680, .adv_w = 60, .box_w = 2, .box_h = 16, .ofs_x = 1, .ofs_y = -4},
    {.bitmap_index = 2685, .adv_w = 76, .box_w = 5, .box_h = 14, .ofs_x = 0, .ofs_y = -3},
    {.bitmap_index = 2715, .adv_w = 124, .box_w = 8, .box_h = 2, .ofs_x = 0, .ofs_y = 4},
    {.bitmap_index = 2724, .adv_w = 224, .box_w = 14, .box_h = 3, .ofs_x = 0, .ofs_y = 4},
    {.bitmap_index = 2736, .adv_w = 224, .box_w = 14, .box_h = 13, .ofs_x = 0, .ofs_y = -1},
    {.bitmap_index = 2765, .adv_w = 224, .box_w = 14, .box_h = 12, .ofs_x = 0, .ofs_y = -1},
    {.bitmap_index = 2806, .adv_w = 224, .box_w = 13, .box_h = 14, .ofs_x = 0, .ofs_y = -2},
    {.bitmap_index = 2865, .adv_w = 224, .box_w = 13, .box_h = 12, .ofs_x = 0, .ofs_y = -1},
    {.bitmap_index = 2932, .adv_w = 224, .box_w = 12, .box_h = 13, .ofs_x = 1, .ofs_y = -1},
    {.bitmap_index = 2978, .adv_w = 224, .box_w = 14, .box_h = 12, .ofs_x = 0, .ofs_y = -1},
    {.bitmap_index = 3042, .adv_w = 224, .box_w = 14, .box_h = 14, .ofs_x = 0, .ofs_y = -2},
    {.bitmap_index = 3114, .adv_w = 224, .box_w = 14, .box_h = 13, .ofs_x = 0, .ofs_y = -1},
    {.bitmap_index = 3177, .adv_w = 224, .box_w = 14, .box_h = 14, .ofs_x = 0, .ofs_y = -2},
    {.bitmap_index = 3257, .adv_w = 224, .box_w = 14, .box_h = 14, .ofs_x = 0, .ofs_y = -1},
    {.bitmap_index = 3333, .adv_w = 224, .box_w = 14, .box_h = 14, .ofs_x = 0, .ofs_y = -2},
    {.bitmap_index = 3407, .adv_w = 224, .box_w = 14, .box_h = 14, .ofs_x = 0, .ofs_y = -2},
    {.bitmap_index = 3494, .adv_w = 224, .box_w = 14, .box_h = 13, .ofs_x = 0, .ofs_y = -1},
    {.bitmap_index = 3569, .adv_w = 224, .box_w = 14, .box_h = 13, .ofs_x = 0, .ofs_y = -1},
    {.bitmap_index = 3642, .adv_w = 224, .box_w = 14, .box_h = 14, .ofs_x = 0, .ofs_y = -2},
    {.bitmap_index = 3720, .adv_w = 224, .box_w = 14, .box_h = 14, .ofs_x = 0, .ofs_y = -2},
    {.bitmap_index = 3788, .adv_w = 224, .box_w = 14, .box_h = 14, .ofs_x = 0, .ofs_y = -2},
    {.bitmap_index = 3873, .adv_w = 224, .box_w = 14, .box_h = 13, .ofs_x = 0, .ofs_y = -1},
    {.bitmap_index = 3940, .adv_w = 224, .box_w = 14, .box_h = 14, .ofs_x = 0, .ofs_y = -2},
    {.bitmap_index = 4019, .adv_w = 224, .box_w = 14, .box_h = 14, .ofs_x = 0, .ofs_y = -2},
    {.bitmap_index = 4114, .adv_w = 224, .box_w = 12, .box_h = 13, .ofs_x = 1, .ofs_y = -2},
    {.bitmap_index = 4170, .adv_w = 224, .box_w = 13, .box_h = 13, .ofs_x = 1, .ofs_y = -1},
    {.bitmap_index = 4226, .adv_w = 224, .box_w = 14, .box_h = 13, .ofs_x = 0, .ofs_y = -2},
    {.bitmap_index = 4306, .adv_w = 224, .box_w = 13, .box_h = 14, .ofs_x = 0, .ofs_y = -2},
    {.bitmap_index = 4376, .adv_w = 224, .box_w = 14, .box_h = 15, .ofs_x = 0, .ofs_y = -2},
    {.bitmap_index = 4459, .adv_w = 224, .box_w = 14, .box_h = 14, .ofs_x = 0, .ofs_y = -2},
    {.bitmap_index = 4535, .adv_w = 224, .box_w = 14, .box_h = 14, .ofs_x = 0, .ofs_y = -2},
    {.bitmap_index = 4623, .adv_w = 224, .box_w = 14, .box_h = 14, .ofs_x = 0, .ofs_y = -2},
    {.bitmap_index = 4707, .adv_w = 224, .box_w = 14, .box_h = 13, .ofs_x = 0, .ofs_y = -1},
    {.bitmap_index = 4777, .adv_w = 224, .box_w = 14, .box_h = 13, .ofs_x = 0, .ofs_y = -1},
    {.bitmap_index = 4850, .adv_w = 224, .box_w = 14, .box_h = 12, .ofs_x = 0, .ofs_y = -1},
    {.bitmap_index = 4930, .adv_w = 224, .box_w = 14, .box_h = 15, .ofs_x = 0, .ofs_y = -2},
    {.bitmap_index = 5021, .adv_w = 224, .box_w = 14, .box_h = 13, .ofs_x = 0, .ofs_y = -2},
    {.bitmap_index = 5101, .adv_w = 224, .box_w = 13, .box_h = 13, .ofs_x = 0, .ofs_y = -2},
    {.bitmap_index = 5150, .adv_w = 224, .box_w = 12, .box_h = 13, .ofs_x = 1, .ofs_y = -2},
    {.bitmap_index = 5201, .adv_w = 224, .box_w = 13, .box_h = 13, .ofs_x = 0, .ofs_y = -1},
    {.bitmap_index = 5253, .adv_w = 224, .box_w = 14, .box_h = 14, .ofs_x = 0, .ofs_y = -2},
    {.bitmap_index = 5324, .adv_w = 224, .box_w = 13, .box_h = 12, .ofs_x = 0, .ofs_y = -1},
    {.bitmap_index = 5359, .adv_w = 224, .box_w = 14, .box_h = 13, .ofs_x = 0, .ofs_y = -1},
    {.bitmap_index = 5419, .adv_w = 224, .box_w = 14, .box_h = 13, .ofs_x = 0, .ofs_y = -1},
    {.bitmap_index = 5494, .adv_w = 224, .box_w = 14, .box_h = 15, .ofs_x = 0, .ofs_y = -2},
    {.bitmap_index = 5579, .adv_w = 224, .box_w = 14, .box_h = 14, .ofs_x = 0, .ofs_y = -2},
    {.bitmap_index = 5664, .adv_w = 224, .box_w = 14, .box_h = 15, .ofs_x = 0, .ofs_y = -2},
    {.bitmap_index = 5748, .adv_w = 224, .box_w = 14, .box_h = 13, .ofs_x = 0, .ofs_y = -2},
    {.bitmap_index = 5798, .adv_w = 224, .box_w = 13, .box_h = 14, .ofs_x = 0, .ofs_y = -2},
    {.bitmap_index = 5859, .adv_w = 224, .box_w = 13, .box_h = 15, .ofs_x = 0, .ofs_y = -2},
    {.bitmap_index = 5911, .adv_w = 224, .box_w = 14, .box_h = 14, .ofs_x = 0, .ofs_y = -2},
    {.bitmap_index = 5983, .adv_w = 224, .box_w = 14, .box_h = 14, .ofs_x = 0, .ofs_y = -2},
    {.bitmap_index = 6058, .adv_w = 224, .box_w = 14, .box_h = 15, .ofs_x = 0, .ofs_y = -2},
    {.bitmap_index = 6149, .adv_w = 224, .box_w = 14, .box_h = 13, .ofs_x = 0, .ofs_y = -1},
    {.bitmap_index = 6213, .adv_w = 224, .box_w = 13, .box_h = 14, .ofs_x = 0, .ofs_y = -2},
    {.bitmap_index = 6259, .adv_w = 224, .box_w = 13, .box_h = 12, .ofs_x = 1, .ofs_y = -1},
    {.bitmap_index = 6305, .adv_w = 224, .box_w = 14, .box_h = 13, .ofs_x = 0, .ofs_y = -2},
    {.bitmap_index = 6359, .adv_w = 224, .box_w = 14, .box_h = 13, .ofs_x = 0, .ofs_y = -1},
    {.bitmap_index = 6437, .adv_w = 224, .box_w = 14, .box_h = 14, .ofs_x = 0, .ofs_y = -2},
    {.bitmap_index = 6529, .adv_w = 224, .box_w = 14, .box_h = 14, .ofs_x = 0, .ofs_y = -2},
    {.bitmap_index = 6623, .adv_w = 224, .box_w = 13, .box_h = 14, .ofs_x = 0, .ofs_y = -2},
    {.bitmap_index = 6682, .adv_w = 224, .box_w = 14, .box_h = 14, .ofs_x = 0, .ofs_y = -2},
    {.bitmap_index = 6744, .adv_w = 224, .box_w = 14, .box_h = 15, .ofs_x = 0, .ofs_y = -2},
    {.bitmap_index = 6823, .adv_w = 224, .box_w = 14, .box_h = 14, .ofs_x = 0, .ofs_y = -2},
    {.bitmap_index = 6906, .adv_w = 224, .box_w = 14, .box_h = 15, .ofs_x = 0, .ofs_y = -2},
    {.bitmap_index = 6987, .adv_w = 224, .box_w = 14, .box_h = 15, .ofs_x = 0, .ofs_y = -2},
    {.bitmap_index = 7077, .adv_w = 224, .box_w = 14, .box_h = 15, .ofs_x = 0, .ofs_y = -2},
    {.bitmap_index = 7164, .adv_w = 224, .box_w = 14, .box_h = 13, .ofs_x = 0, .ofs_y = -1},
    {.bitmap_index = 7240, .adv_w = 224, .box_w = 14, .box_h = 13, .ofs_x = 0, .ofs_y = -1},
    {.bitmap_index = 7327, .adv_w = 224, .box_w = 14, .box_h = 13, .ofs_x = 0, .ofs_y = -1},
    {.bitmap_index = 7408, .adv_w = 224, .box_w = 13, .box_h = 13, .ofs_x = 1, .ofs_y = -2},
    {.bitmap_index = 7480, .adv_w = 224, .box_w = 14, .box_h = 12, .ofs_x = 0, .ofs_y = -1},
    {.bitmap_index = 7546, .adv_w = 224, .box_w = 14, .box_h = 13, .ofs_x = 0, .ofs_y = -2},
    {.bitmap_index = 7615, .adv_w = 224, .box_w = 14, .box_h = 13, .ofs_x = 0, .ofs_y = -1},
    {.bitmap_index = 7680, .adv_w = 224, .box_w = 13, .box_h = 13, .ofs_x = 0, .ofs_y = -2},
    {.bitmap_index = 7755, .adv_w = 224, .box_w = 14, .box_h = 13, .ofs_x = 0, .ofs_y = -1},
    {.bitmap_index = 7819, .adv_w = 224, .box_w = 14, .box_h = 13, .ofs_x = 0, .ofs_y = -1},
    {.bitmap_index = 7885, .adv_w = 224, .box_w = 14, .box_h = 14, .ofs_x = 0, .ofs_y = -2},
    {.bitmap_index = 7958, .adv_w = 224, .box_w = 14, .box_h = 14, .ofs_x = 0, .ofs_y = -2},
    {.bitmap_index = 8046, .adv_w = 224, .box_w = 14, .box_h = 13, .ofs_x = 0, .ofs_y = -1},
    {.bitmap_index = 8127, .adv_w = 224, .box_w = 14, .box_h = 14, .ofs_x = 0, .ofs_y = -1},
    {.bitmap_index = 8214, .adv_w = 224, .box_w = 14, .box_h = 13, .ofs_x = 0, .ofs_y = -1},
    {.bitmap_index = 8289, .adv_w = 224, .box_w = 14, .box_h = 14, .ofs_x = 0, .ofs_y = -2},
    {.bitmap_index = 8368, .adv_w = 224, .box_w = 14, .box_h = 13, .ofs_x = 0, .ofs_y = -2},
    {.bitmap_index = 8447, .adv_w = 224, .box_w = 14, .box_h = 13, .ofs_x = 0, .ofs_y = -1},
    {.bitmap_index = 8528, .adv_w = 224, .box_w = 13, .box_h = 13, .ofs_x = 0, .ofs_y = -1},
    {.bitmap_index = 8597, .adv_w = 224, .box_w = 14, .box_h = 13, .ofs_x = 0, .ofs_y = -1},
    {.bitmap_index = 8680, .adv_w = 224, .box_w = 14, .box_h = 13, .ofs_x = 0, .ofs_y = -1},
    {.bitmap_index = 8762, .adv_w = 224, .box_w = 14, .box_h = 14, .ofs_x = 0, .ofs_y = -2},
    {.bitmap_index = 8850, .adv_w = 224, .box_w = 14, .box_h = 13, .ofs_x = 0, .ofs_y = -1},
    {.bitmap_index = 8929, .adv_w = 224, .box_w = 14, .box_h = 13, .ofs_x = 0, .ofs_y = -1},
    {.bitmap_index = 9008, .adv_w = 224, .box_w = 14, .box_h = 13, .ofs_x = 0, .ofs_y = -1},
    {.bitmap_index = 9085, .adv_w = 224, .box_w = 14, .box_h = 13, .ofs_x = 0, .ofs_y = -1},
    {.bitmap_index = 9174, .adv_w = 224, .box_w = 14, .box_h = 15, .ofs_x = 0, .ofs_y = -2},
    {.bitmap_index = 9262, .adv_w = 224, .box_w = 14, .box_h = 14, .ofs_x = 0, .ofs_y = -1},
    {.bitmap_index = 9344, .adv_w = 224, .box_w = 14, .box_h = 12, .ofs_x = 0, .ofs_y = -1},
    {.bitmap_index = 9418, .adv_w = 224, .box_w = 14, .box_h = 14, .ofs_x = 0, .ofs_y = -2},
    {.bitmap_index = 9499, .adv_w = 224, .box_w = 14, .box_h = 13, .ofs_x = 0, .ofs_y = -1},
    {.bitmap_index = 9544, .adv_w = 224, .box_w = 13, .box_h = 13, .ofs_x = 0, .ofs_y = -2},
    {.bitmap_index = 9608, .adv_w = 224, .box_w = 13, .box_h = 13, .ofs_x = 1, .ofs_y = -1},
    {.bitmap_index = 9673, .adv_w = 224, .box_w = 13, .box_h = 15, .ofs_x = 1, .ofs_y = -2},
    {.bitmap_index = 9757, .adv_w = 224, .box_w = 14, .box_h = 14, .ofs_x = 0, .ofs_y = -2},
    {.bitmap_index = 9840, .adv_w = 224, .box_w = 14, .box_h = 13, .ofs_x = 0, .ofs_y = -1},
    {.bitmap_index = 9909, .adv_w = 224, .box_w = 14, .box_h = 14, .ofs_x = 0, .ofs_y = -2},
    {.bitmap_index = 9989, .adv_w = 224, .box_w = 14, .box_h = 14, .ofs_x = 0, .ofs_y = -2},
    {.bitmap_index = 10081, .adv_w = 224, .box_w = 14, .box_h = 13, .ofs_x = 0, .ofs_y = -2},
    {.bitmap_index = 10149, .adv_w = 224, .box_w = 14, .box_h = 14, .ofs_x = 0, .ofs_y = -2},
    {.bitmap_index = 10236, .adv_w = 224, .box_w = 14, .box_h = 15, .ofs_x = 0, .ofs_y = -2},
    {.bitmap_index = 10330, .adv_w = 224, .box_w = 14, .box_h = 15, .ofs_x = 0, .ofs_y = -2},
    {.bitmap_index = 10411, .adv_w = 224, .box_w = 13, .box_h = 14, .ofs_x = 0, .ofs_y = -2},
    {.bitmap_index = 10484, .adv_w = 224, .box_w = 14, .box_h = 14, .ofs_x = 0, .ofs_y = -2},
    {.bitmap_index = 10572, .adv_w = 224, .box_w = 14, .box_h = 15, .ofs_x = 0, .ofs_y = -2},
    {.bitmap_index = 10664, .adv_w = 224, .box_w = 14, .box_h = 14, .ofs_x = 0, .ofs_y = -1},
    {.bitmap_index = 10751, .adv_w = 224, .box_w = 14, .box_h = 12, .ofs_x = 0, .ofs_y = -1},
    {.bitmap_index = 10820, .adv_w = 224, .box_w = 14, .box_h = 14, .ofs_x = 0, .ofs_y = -2},
    {.bitmap_index = 10911, .adv_w = 224, .box_w = 14, .box_h = 14, .ofs_x = 0, .ofs_y = -1},
    {.bitmap_index = 11000, .adv_w = 224, .box_w = 14, .box_h = 13, .ofs_x = 0, .ofs_y = -1},
    {.bitmap_index = 11089, .adv_w = 224, .box_w = 14, .box_h = 14, .ofs_x = 0, .ofs_y = -2},
    {.bitmap_index = 11148, .adv_w = 224, .box_w = 14, .box_h = 14, .ofs_x = 0, .ofs_y = -2},
    {.bitmap_index = 11242, .adv_w = 224, .box_w = 14, .box_h = 14, .ofs_x = 0, .ofs_y = -2},
    {.bitmap_index = 11317, .adv_w = 224, .box_w = 13, .box_h = 13, .ofs_x = 0, .ofs_y = -1},
    {.bitmap_index = 11390, .adv_w = 224, .box_w = 14, .box_h = 14, .ofs_x = 0, .ofs_y = -2},
    {.bitmap_index = 11481, .adv_w = 224, .box_w = 14, .box_h = 13, .ofs_x = 0, .ofs_y = -1},
    {.bitmap_index = 11556, .adv_w = 224, .box_w = 14, .box_h = 13, .ofs_x = 0, .ofs_y = -1},
    {.bitmap_index = 11645, .adv_w = 224, .box_w = 14, .box_h = 14, .ofs_x = 0, .ofs_y = -1},
    {.bitmap_index = 11713, .adv_w = 224, .box_w = 14, .box_h = 14, .ofs_x = 0, .ofs_y = -2},
    {.bitmap_index = 11803, .adv_w = 224, .box_w = 14, .box_h = 14, .ofs_x = 0, .ofs_y = -2},
    {.bitmap_index = 11891, .adv_w = 224, .box_w = 14, .box_h = 14, .ofs_x = 0, .ofs_y = -2},
    {.bitmap_index = 11955, .adv_w = 224, .box_w = 14, .box_h = 14, .ofs_x = 0, .ofs_y = -2},
    {.bitmap_index = 12036, .adv_w = 224, .box_w = 14, .box_h = 14, .ofs_x = 0, .ofs_y = -2},
    {.bitmap_index = 12127, .adv_w = 224, .box_w = 14, .box_h = 14, .ofs_x = 0, .ofs_y = -2},
    {.bitmap_index = 12210, .adv_w = 224, .box_w = 14, .box_h = 14, .ofs_x = 0, .ofs_y = -2},
    {.bitmap_index = 12295, .adv_w = 224, .box_w = 14, .box_h = 14, .ofs_x = 0, .ofs_y = -2},
    {.bitmap_index = 12384, .adv_w = 224, .box_w = 14, .box_h = 14, .ofs_x = 0, .ofs_y = -2},
    {.bitmap_index = 12473, .adv_w = 224, .box_w = 14, .box_h = 14, .ofs_x = 0, .ofs_y = -2},
    {.bitmap_index = 12561, .adv_w = 224, .box_w = 13, .box_h = 13, .ofs_x = 0, .ofs_y = -1},
    {.bitmap_index = 12638, .adv_w = 224, .box_w = 14, .box_h = 12, .ofs_x = 0, .ofs_y = -1},
    {.bitmap_index = 12707, .adv_w = 224, .box_w = 14, .box_h = 14, .ofs_x = 0, .ofs_y = -2},
    {.bitmap_index = 12791, .adv_w = 224, .box_w = 14, .box_h = 14, .ofs_x = 0, .ofs_y = -2},
    {.bitmap_index = 12879, .adv_w = 224, .box_w = 14, .box_h = 15, .ofs_x = 0, .ofs_y = -2},
    {.bitmap_index = 12978, .adv_w = 224, .box_w = 13, .box_h = 14, .ofs_x = 1, .ofs_y = -2},
    {.bitmap_index = 13047, .adv_w = 224, .box_w = 12, .box_h = 13, .ofs_x = 1, .ofs_y = -1},
    {.bitmap_index = 13105, .adv_w = 224, .box_w = 12, .box_h = 13, .ofs_x = 1, .ofs_y = -1},
    {.bitmap_index = 13170, .adv_w = 224, .box_w = 13, .box_h = 14, .ofs_x = 1, .ofs_y = -2},
    {.bitmap_index = 13254, .adv_w = 224, .box_w = 13, .box_h = 14, .ofs_x = 1, .ofs_y = -2},
    {.bitmap_index = 13338, .adv_w = 224, .box_w = 13, .box_h = 13, .ofs_x = 0, .ofs_y = -1},
    {.bitmap_index = 13399, .adv_w = 224, .box_w = 13, .box_h = 14, .ofs_x = 0, .ofs_y = -2},
    {.bitmap_index = 13473, .adv_w = 224, .box_w = 14, .box_h = 13, .ofs_x = 0, .ofs_y = -2},
    {.bitmap_index = 13554, .adv_w = 224, .box_w = 5, .box_h = 14, .ofs_x = 9, .ofs_y = -2},
    {.bitmap_index = 13587, .adv_w = 224, .box_w = 5, .box_h = 14, .ofs_x = 0, .ofs_y = -2}
};

/*---------------------
 *  CHARACTER MAPPING
 *--------------------*/

static const uint16_t unicode_list_1[] = {
    0x0, 0xa, 0xb, 0xe, 0x24, 0x2d, 0x91, 0xac,
    0xba, 0xcd, 0xe3, 0xe4, 0xfd, 0x14d, 0x17f, 0x348,
    0x365, 0x36c, 0x371, 0x373, 0x380, 0x399, 0x3fb, 0x407,
    0x420, 0x44d, 0x4a0, 0x4a8, 0x519, 0x555, 0x5cb, 0x5cc,
    0x5d1, 0x5d6, 0x5ef, 0x5f8, 0x609, 0x60e, 0x8de, 0x928,
    0x98b, 0xa6b, 0xb04, 0xb07, 0xd50, 0xd57, 0xd81, 0xd8c,
    0xd9a, 0xdb6, 0xe11, 0xfdd, 0xff2, 0x1100, 0x1201, 0x1410,
    0x1411, 0x144d, 0x1453, 0x1467, 0x14e9, 0x1507, 0x1509, 0x1562,
    0x1739, 0x1770, 0x17b0, 0x1835, 0x183e, 0x184b, 0x1909, 0x190b,
    0x192a, 0x192c, 0x193a, 0x1961, 0x1a42, 0x1a48, 0x1a63, 0x1d65,
    0x1dcd, 0x1ea1, 0x1eaa, 0x1f25, 0x1f59, 0x1f88, 0x2005, 0x201d,
    0x2058, 0x20e1, 0x244c, 0x24b6, 0x2606, 0x263c, 0x2718, 0x2728,
    0x2735, 0x2884, 0x2896, 0x28d6, 0x2901, 0x2a6e, 0x2b3a, 0x2bf0,
    0x2d2c, 0x2d80, 0x2da1, 0x2db1, 0x30d1, 0x32fd, 0x33f3, 0x34cf,
    0x3699, 0x37cf, 0x3a4c, 0x3be3, 0x3da4, 0x3df7, 0x3e6b, 0x3f35,
    0x3f63, 0x4166, 0x4186, 0x4193, 0x41bd, 0x41d0, 0x41d4, 0x41d8,
    0x41db, 0x4201, 0x4209, 0x4302, 0x43cd, 0x43cf, 0x46a5, 0x4701,
    0x472e, 0x477f, 0x47ed, 0x47fd, 0x4855, 0x4864, 0x4952, 0x4e81,
    0x50d1, 0xb108, 0xb109
};

/*Collect the unicode lists and glyph_id offsets*/
static const lv_font_fmt_txt_cmap_t cmaps[] =
{
    {
        .range_start = 32, .range_length = 95, .glyph_id_start = 1,
        .unicode_list = NULL, .glyph_id_ofs_list = NULL, .list_length = 0, .type = LV_FONT_FMT_TXT_CMAP_FORMAT0_TINY
    },
    {
        .range_start = 19968, .range_length = 45322, .glyph_id_start = 96,
        .unicode_list = unicode_list_1, .glyph_id_ofs_list = NULL, .list_length = 147, .type = LV_FONT_FMT_TXT_CMAP_SPARSE_TINY
    }
};

/*-----------------
 *    KERNING
 *----------------*/


/*Map glyph_ids to kern left classes*/
static const uint8_t kern_left_class_mapping[] =
{
    0, 0, 0, 1, 0, 0, 0, 0,
    1, 2, 0, 0, 0, 3, 4, 3,
    5, 0, 0, 0, 0, 0, 0, 0,
    0, 0, 0, 6, 6, 0, 0, 0,
    0, 0, 7, 8, 9, 10, 11, 12,
    13, 0, 0, 14, 15, 16, 0, 0,
    10, 17, 10, 18, 19, 20, 21, 22,
    23, 24, 25, 26, 2, 27, 0, 0,
    0, 0, 28, 29, 30, 0, 31, 32,
    33, 34, 0, 0, 35, 36, 34, 34,
    29, 29, 37, 38, 39, 40, 37, 41,
    42, 43, 44, 45, 2, 0, 0, 0,
    0, 0, 0, 0, 0, 0, 0, 0,
    0, 0, 0, 0, 0, 0, 0, 0,
    0, 0, 0, 0, 0, 0, 0, 0,
    0, 0, 0, 0, 0, 0, 0, 0,
    0, 0, 0, 0, 0, 0, 0, 0,
    0, 0, 0, 0, 0, 0, 0, 0,
    0, 0, 0, 0, 0, 0, 0, 0,
    0, 0, 0, 0, 0, 0, 0, 0,
    0, 0, 0, 0, 0, 0, 0, 0,
    0, 0, 0, 0, 0, 0, 0, 0,
    0, 0, 0, 0, 0, 0, 0, 0,
    0, 0, 0, 0, 0, 0, 0, 0,
    0, 0, 0, 0, 0, 0, 0, 0,
    0, 0, 0, 0, 0, 0, 0, 0,
    0, 0, 0, 0, 0, 0, 0, 0,
    0, 0, 0, 0, 0, 0, 0, 0,
    0, 0, 0, 0, 0, 0, 0, 0,
    0, 0, 0, 0, 0, 0, 0, 0,
    0, 0, 0
};

/*Map glyph_ids to kern right classes*/
static const uint8_t kern_right_class_mapping[] =
{
    0, 0, 1, 2, 0, 0, 0, 0,
    2, 0, 3, 4, 0, 5, 6, 7,
    8, 0, 0, 0, 0, 0, 0, 0,
    0, 0, 0, 9, 10, 0, 0, 0,
    11, 0, 12, 0, 13, 0, 0, 0,
    13, 0, 0, 14, 0, 0, 0, 0,
    13, 0, 13, 0, 15, 16, 17, 18,
    19, 20, 21, 22, 0, 23, 3, 0,
    0, 0, 24, 0, 25, 25, 25, 26,
    27, 0, 28, 29, 0, 0, 30, 30,
    25, 30, 25, 30, 31, 32, 33, 34,
    35, 36, 37, 38, 0, 0, 3, 0,
    0, 0, 0, 0, 0, 0, 0, 0,
    0, 0, 0, 0, 0, 0, 0, 0,
    0, 0, 0, 0, 0, 0, 0, 0,
    0, 0, 0, 0, 0, 0, 0, 0,
    0, 0, 0, 0, 0, 0, 0, 0,
    0, 0, 0, 0, 0, 0, 0, 0,
    0, 0, 0, 0, 0, 0, 0, 0,
    0, 0, 0, 0, 0, 0, 0, 0,
    0, 0, 0, 0, 0, 0, 0, 0,
    0, 0, 0, 0, 0, 0, 0, 0,
    0, 0, 0, 0, 0, 0, 0, 0,
    0, 0, 0, 0, 0, 0, 0, 0,
    0, 0, 0, 0, 0, 0, 0, 0,
    0, 0, 0, 0, 0, 0, 0, 0,
    0, 0, 0, 0, 0, 0, 0, 0,
    0, 0, 0, 0, 0, 0, 0, 0,
    0, 0, 0, 0, 0, 0, 0, 0,
    0, 0, 0, 0, 0, 0, 0, 0,
    0, 0, 0
};

/*Kern values between classes*/
static const int8_t kern_class_values[] =
{
    0, 0, 0, 0, -29, 0, -29, 0,
    0, 0, 0, -14, 0, -24, -3, 0,
    0, 0, 0, -3, 0, 0, 0, 0,
    -8, 0, 0, 0, 0, 0, -6, 0,
    0, 0, 0, 0, 0, 0, 0, 0,
    0, 0, 0, 0, 0, 0, 0, 0,
    0, 0, 0, -6, 0, 0, 0, 0,
    0, 0, 0, 0, 0, 0, 0, 0,
    0, 0, 19, 0, 0, 0, 0, 0,
    0, 0, 0, 0, 0, -24, 0, -35,
    0, 0, 0, 0, 0, 0, 0, 0,
    0, 0, 0, -25, -6, -17, -9, 0,
    -24, 0, 0, 0, -4, 0, 0, 0,
    6, 0, 0, -12, 0, -9, -6, 0,
    -6, 0, 0, 0, 0, 0, 0, 0,
    0, 0, 0, 0, 0, 0, 0, -6,
    -5, -12, 0, -5, -3, -7, -17, -6,
    0, 0, 0, 0, 0, 0, 0, 0,
    0, -7, 0, -2, 0, -4, 0, 0,
    0, 0, 0, 0, 0, 0, 0, 0,
    0, 0, 0, -11, -3, -21, 0, 0,
    0, 0, 0, 0, 0, 0, 0, -6,
    -9, 0, -3, 6, 6, 0, 0, 2,
    -6, 0, 0, 0, 0, 0, 0, 0,
    0, -13, 0, 0, 0, 0, 0, 0,
    0, 0, 0, 0, 0, 0, 0, 0,
    0, 0, -7, 0, 0, 0, 0, 0,
    0, 0, 0, 0, 0, 0, 0, 0,
    0, 0, 0, 0, 0, -14, 0, -24,
    0, 0, 0, 0, 0, 0, -7, -2,
    -3, 0, 0, -14, -4, -4, 0, 0,
    -4, -2, -11, 5, 0, -3, 0, 0,
    0, 0, 5, -4, -2, -2, -2, -2,
    -2, 0, 0, 0, 0, -8, 0, 0,
    0, 0, 0, 0, 0, 0, 0, -4,
    -4, -6, 0, -2, -2, -2, -4, -2,
    0, 0, 0, 0, 0, 0, 0, 0,
    0, -3, 0, -4, -3, -3, -4, 0,
    0, 0, 0, 0, 0, -7, 0, 0,
    0, 0, 0, 0, -8, -3, -6, -5,
    -4, -2, -2, -2, -2, -3, 0, 0,
    0, 0, -6, 0, 0, 0, 0, -7,
    -3, -4, -3, 0, -4, 0, 0, 0,
    0, -9, 0, 0, 0, -5, 0, 0,
    0, -3, 0, -11, 0, -6, 0, -3,
    -2, -5, -6, -6, 0, 0, 0, 0,
    0, 0, 0, 0, 0, 0, 0, 0,
    0, -4, 0, -2, 0, 0, 0, 0,
    0, 0, 0, 0, 0, 0, 0, 0,
    0, 0, 0, 0, 0, 0, 0, 0,
    0, 0, 0, 0, -3, 0, 0, 0,
    0, 0, 0, -6, 0, -3, 0, -8,
    -3, 0, 0, 0, 0, 0, -19, 0,
    -19, -18, 0, 0, 0, -10, -3, -35,
    -6, 0, 0, 0, 0, -6, 0, -8,
    0, -9, -4, 0, -6, 0, 0, -6,
    -6, -3, -4, -6, -5, -7, -5, -8,
    0, 0, 0, -7, 0, 0, 0, 0,
    0, 0, 0, -2, 0, 0, 0, -6,
    0, -4, -2, 0, 0, 0, 0, 0,
    0, 0, 0, 0, 0, 0, 0, 0,
    0, 0, 0, 0, 0, 0, 0, 0,
    0, 0, -6, 0, -6, 0, 0, 0,
    0, 0, 0, -11, 0, 0, 0, 0,
    0, 0, 0, 0, 0, 0, 0, 0,
    0, 0, 0, 0, 0, 0, 0, 0,
    0, 0, 0, 0, 0, -6, 0, -11,
    0, -8, 0, 0, 0, 0, -2, -3,
    -6, 0, -3, -5, -4, -4, -3, 0,
    -5, 0, 0, 0, -2, 0, 0, 0,
    -3, 0, 0, -9, -4, -6, -5, -5,
    -6, -4, 0, -22, 0, -39, 0, -14,
    0, 0, 0, 0, -9, 0, -7, 0,
    -6, -31, -8, -20, -15, 0, -19, 0,
    -21, 0, -4, -4, -2, 0, 0, 0,
    0, -6, -3, -10, -9, 0, -10, 0,
    0, 0, 0, 0, -29, -9, -29, -20,
    0, 0, 0, -13, 0, -37, -3, -7,
    0, 0, 0, -6, -3, -21, 0, -11,
    -7, 0, -8, 0, 0, 0, -3, 0,
    0, 0, 0, -4, 0, -6, 0, 0,
    0, -3, 0, -8, 0, 0, 0, 0,
    0, -2, 0, -5, -4, -4, 0, 1,
    1, -2, -1, -3, 0, -2, -3, 0,
    -2, 0, 0, 0, 0, 0, 0, 0,
    0, -2, 0, -2, 0, 0, 0, -5,
    0, 3, 0, 0, 0, 0, 0, 0,
    0, -4, -4, -6, 0, 0, 0, 0,
    -4, 0, 0, 0, 0, 0, 0, 0,
    0, 0, 0, -6, 0, 0, 0, 0,
    0, -1, 0, 0, 0, 0, -27, -19,
    -27, -23, -6, -6, 0, -11, -6, -32,
    -11, 0, 0, 0, 0, -6, -4, -14,
    0, -19, -17, -5, -19, 0, 0, -12,
    -15, -5, -12, -9, -9, -11, -9, -19,
    0, 0, 0, 0, -5, 0, -5, -9,
    0, 0, 0, -5, 0, -12, -3, 0,
    0, -2, 0, -3, -4, 0, 0, -2,
    0, 0, -3, 0, 0, 0, -2, 0,
    0, 0, 0, -2, 0, 0, 0, 0,
    0, 0, -17, -5, -17, -13, 0, 0,
    0, -4, -3, -19, -3, 0, -3, 2,
    0, 0, 0, -5, 0, -6, -4, 0,
    -6, 0, 0, -6, -4, 0, -8, -3,
    -3, -4, -3, -7, 0, 0, 0, 0,
    -9, -3, -9, -8, 0, 0, 0, 0,
    -2, -17, -2, 0, 0, 0, 0, 0,
    0, -2, 0, -5, 0, 0, -4, 0,
    0, 0, 0, 0, 0, 0, 0, 0,
    0, -3, 0, -3, 0, -3, 0, -7,
    0, 0, 0, 0, 0, 0, -5, -1,
    -4, -6, -3, 0, 0, 0, 0, 0,
    0, -3, -2, -5, 0, 0, 0, 0,
    0, -5, -3, -5, -4, -3, -5, -4,
    0, 0, 0, 0, -23, -17, -23, -17,
    -7, -7, -2, -4, -4, -26, -4, -4,
    -3, 0, 0, 0, 0, -7, 0, -17,
    -11, 0, -16, 0, 0, -11, -11, -8,
    -9, -4, -6, -9, -4, -12, 0, 0,
    0, 0, 0, -9, 0, 0, 0, 0,
    0, -2, -6, -9, -8, 0, -3, -2,
    -2, 0, -4, -5, 0, -5, -6, -6,
    -4, 0, 0, 0, 0, -4, -6, -5,
    -5, -6, -5, 0, 0, 0, 0, 0,
    0, 0, 0, 0, 0, 0, 0, 0,
    0, 0, 0, -22, -8, -14, -8, 0,
    -19, 0, 0, 0, 0, 0, 8, 0,
    18, 0, 0, 0, 0, -6, -3, 0,
    3, 0, 0, 0, 0, -14, 0, 0,
    0, 0, 0, 0, -4, 0, 0, 0,
    0, -6, 0, -5, -2, 0, -6, 0,
    0, 0, 0, 0, 0, 0, 0, 0,
    0, -4, 0, 0, 0, 0, 0, 0,
    0, -8, 0, -7, -3, 1, -3, 0,
    0, 0, -4, 0, 0, 0, 0, -15,
    0, -5, 0, -2, -12, 0, -7, -4,
    0, -1, 0, 0, 0, 0, -1, -5,
    0, -2, -2, -5, -2, -2, 0, 0,
    0, 0, 0, -6, 0, 0, 0, 0,
    0, 0, 0, 0, 0, -6, 0, -4,
    0, 0, -6, 0, 0, -3, -6, 0,
    -3, 0, 0, 0, 0, -3, 0, 1,
    1, 1, 1, 0, 0, 0, 0, -9,
    0, 2, 0, 0, 0, 0, -2, 0,
    0, -6, -6, -6, 0, -5, -3, 0,
    -7, 0, -6, -4, 0, -1, -3, 0,
    0, 0, 0, -3, 0, 1, 1, -2,
    1, 0, 3, 9, 12, 0, -13, -4,
    -13, -4, 0, 0, 6, 0, 0, 0,
    0, 11, 0, 16, 11, 8, 14, 0,
    15, -6, -3, 0, -4, 0, -3, 0,
    -2, 0, 0, 3, 0, -2, 0, -4,
    0, 0, 3, -9, 0, 0, 0, 11,
    0, 0, -10, 0, 0, 0, 0, -7,
    0, 0, 0, 0, -4, 0, 0, -4,
    -4, 0, 0, 0, 9, 0, 0, 0,
    0, -2, -2, 0, 3, -4, 0, 0,
    0, -9, 0, 0, 0, 0, 0, 0,
    -2, 0, 0, 0, 0, -6, 0, -3,
    0, 0, -5, 0, 0, 0, 0, 0,
    0, 0, 0, 0, 0, 0, 0, 0,
    0, 0, 0, 0, 0, 0, 0, -6,
    3, -11, 3, 0, 3, 3, -4, 0,
    0, 0, 0, -9, 0, 0, 0, 0,
    -3, 0, 0, -3, -5, 0, -3, 0,
    -3, 0, 0, -6, -4, 0, 0, -2,
    0, -2, 0, 0, 0, 0, 0, 0,
    0, 0, 0, 0, 0, 0, 0, 0,
    0, 0, 0, 0, 0, 0, 0, 0,
    0, 0, 0, 0, 0, 0, 1, 0,
    0, 0, 0, 0, 0, 0, 0, 0,
    0, 0, 0, -7, 0, 0, 0, 0,
    0, 0, 0, 0, 0, 0, 0, -6,
    0, -4, 0, 0, -8, 0, 0, 0,
    0, 0, 0, 0, 0, 0, 0, 0,
    0, 0, 0, 0, 0, 0, 0, 0,
    0, 0, -14, -6, -14, -9, 6, 6,
    0, -4, 0, -14, 0, 0, 0, 0,
    0, 0, 0, -3, 3, -6, -3, 0,
    -3, 0, 0, 0, -2, 0, 0, 6,
    4, 0, 6, -2, 0, 0, 0, -13,
    0, 2, 0, 0, 0, 0, -3, 0,
    0, 0, 0, -6, 0, -3, 0, 0,
    -6, 0, 0, 0, 0, 0, 0, 0,
    0, 0, 0, -6, 0, 0, 0, 0,
    0, 0, 0, 0, 0, 0, 1, -7,
    1, 2, 3, 3, -7, 0, 0, 0,
    0, -4, 0, 0, 0, 0, -2, 0,
    0, -6, -4, 0, -3, 0, 0, 0,
    -3, -6, 0, 0, 0, -5, 0, 0,
    0, 0, 0, -4, -9, -2, -9, -6,
    0, 0, 0, -3, 0, -11, 0, -6,
    0, -3, 0, 0, -4, -3, 0, -6,
    -2, 0, 0, 0, -3, 0, 0, 0,
    0, 0, 0, 0, 0, -6, 0, 0,
    0, -4, -10, 0, -10, -2, 0, 0,
    0, -2, 0, -8, 0, -6, 0, -3,
    0, -4, -6, 0, 0, -3, -2, 0,
    0, 0, -3, 0, 0, 0, 0, 0,
    0, 0, 0, -5, -4, 0, 0, -6,
    1, -4, -2, 0, 0, 1, 0, 0,
    -3, 0, -2, -9, 0, -4, 0, -3,
    -9, 0, 0, -3, -5, 0, 0, 0,
    0, 0, 0, -6, 0, 0, 0, 0,
    -1, 0, 0, 0, 0, 0, -9, 0,
    -9, -4, 0, 0, 0, 0, 0, -11,
    0, -6, 0, -2, 0, -2, -2, 0,
    0, -6, -2, 0, 0, 0, -3, 0,
    0, 0, 0, 0, 0, -4, 0, -6,
    0, 0, 0, 0, 0, -5, 0, 0,
    0, 0, 0, 0, 0, 0, 0, -7,
    0, 0, 0, 0, -8, 0, 0, -6,
    -3, 0, -2, 0, 0, 0, 0, 0,
    -3, -2, 0, 0, -2, 0
};


/*Collect the kern class' data in one place*/
static const lv_font_fmt_txt_kern_classes_t kern_classes =
{
    .class_pair_values   = kern_class_values,
    .left_class_mapping  = kern_left_class_mapping,
    .right_class_mapping = kern_right_class_mapping,
    .left_class_cnt      = 45,
    .right_class_cnt     = 38,
};

/*--------------------
 *  ALL CUSTOM DATA
 *--------------------*/

#if LVGL_VERSION_MAJOR == 8
/*Store all the custom data of the font*/
static  lv_font_fmt_txt_glyph_cache_t cache;
#endif

#if LVGL_VERSION_MAJOR >= 8
static const lv_font_fmt_txt_dsc_t font_dsc = {
#else
static lv_font_fmt_txt_dsc_t font_dsc = {
#endif
    .glyph_bitmap = glyph_bitmap,
    .glyph_dsc = glyph_dsc,
    .cmaps = cmaps,
    .kern_dsc = &kern_classes,
    .kern_scale = 16,
    .cmap_num = 2,
    .bpp = 4,
    .kern_classes = 1,
    .bitmap_format = 1,
#if LVGL_VERSION_MAJOR == 8
    .cache = &cache
#endif
};



/*-----------------
 *  PUBLIC FONT
 *----------------*/

/*Initialize a public general font descriptor*/
#if LVGL_VERSION_MAJOR >= 8
const lv_font_t tesla_font_14 = {
#else
lv_font_t tesla_font_14 = {
#endif
    .get_glyph_dsc = lv_font_get_glyph_dsc_fmt_txt,    /*Function pointer to get glyph's data*/
    .get_glyph_bitmap = lv_font_get_bitmap_fmt_txt,    /*Function pointer to get glyph's bitmap*/
    .line_height = 17,          /*The maximum line height required by the font*/
    .base_line = 4,             /*Baseline measured from the bottom of the line*/
#if !(LVGL_VERSION_MAJOR == 6 && LVGL_VERSION_MINOR == 0)
    .subpx = LV_FONT_SUBPX_NONE,
#endif
#if LV_VERSION_CHECK(7, 4, 0) || LVGL_VERSION_MAJOR >= 8
    .underline_position = -2,
    .underline_thickness = 1,
#endif
    .dsc = &font_dsc,          /*The custom font data. Will be accessed by `get_glyph_bitmap/dsc` */
#if LV_VERSION_CHECK(8, 2, 0) || LVGL_VERSION_MAJOR >= 9
    .fallback = NULL,
#endif
    .user_data = NULL,
};



#endif /*#if TESLA_FONT_14*/

