/*******************************************************************************
 * Size: 20 px
 * Bpp: 4
 * Opts: --font F:\Desktop\test\ai-passport\build\fontsrc\NotoSansSC-400.ttf --size 20 --bpp 4 --symbols  !"#$%&'()*+,-./0123456789:;<=>?@ABCDEFGHIJKLMNOPQRSTUVWXYZ[\]^_`abcdefghijklmnopqrstuvwxyz{|}~一上下与两中云京人仍代令份位使先入公共关冀写击切删前加动匙单友双发取可司吉后回在型填处备子字宁完定家少川已开态成我才打执择指按换改数新昵显晋有朋未本机条桂案档步母没沪津浙消清渝湘满牌状理琼甘用电的皖盖省确示称第简管箱绑能至苏蒙藏行解认请豫贵赣车辆输辽运返还进送选鄂重量钥锁键长闭闽陕除青鲁黑（） --format lvgl --lv-font-name tesla_font_20 --lv-include lvgl.h --output F:\Desktop\test\ai-passport\assets\fonts\tesla_font_20.c
 ******************************************************************************/

#ifdef LV_LVGL_H_INCLUDE_SIMPLE
#include "lvgl.h"
#else
#include "lvgl.h"
#endif

#ifndef TESLA_FONT_20
#define TESLA_FONT_20 1
#endif

#if TESLA_FONT_20

/*-----------------
 *    BITMAPS
 *----------------*/

/*Store the image of the glyphs*/
static LV_ATTRIBUTE_LARGE_CONST const uint8_t glyph_bitmap[] = {
    /* U+0020 " " */

    /* U+0021 "!" */
    0xb, 0xf2, 0x1, 0x3, 0x0, 0xe3, 0x1, 0x0,
    0xe1, 0x0, 0xfb, 0xc0, 0x30, 0x80, 0x79, 0x60,
    0x0, 0xb8, 0x22, 0x85, 0x91, 0x41, 0xb0,

    /* U+0022 "\"" */
    0x3f, 0xb0, 0x4f, 0xa1, 0x0, 0x9c, 0x0, 0x60,
    0x20, 0x20, 0x62, 0x4, 0x6, 0x1c, 0x3, 0xe0,
    0x20, 0x40, 0xe6, 0x0, 0x66, 0x0,

    /* U+0023 "#" */
    0x0, 0x93, 0x80, 0x5, 0xe2, 0x1, 0x8d, 0x40,
    0xc, 0x22, 0x0, 0xda, 0x60, 0x3, 0x50, 0xb,
    0x3d, 0x5f, 0xfd, 0x9, 0xee, 0x1d, 0x83, 0x19,
    0x83, 0x6c, 0x60, 0x23, 0x15, 0x33, 0xe, 0x18,
    0x80, 0x4, 0xc, 0x0, 0x4c, 0x1, 0x94, 0x4,
    0x4, 0x4, 0x0, 0x7f, 0x61, 0xfe, 0xe0, 0xdf,
    0x3, 0xc6, 0x3c, 0xc4, 0xe, 0x60, 0x0, 0x60,
    0xa6, 0x61, 0x23, 0x30, 0x4, 0x42, 0x0, 0xe6,
    0x0, 0xe6, 0xe0, 0x1, 0x10, 0x3, 0x8c, 0x80,
    0xd, 0xc0, 0x10,

    /* U+0024 "$" */
    0x0, 0xde, 0x80, 0x1f, 0xfc, 0xb7, 0xd0, 0xbb,
    0x10, 0x2, 0x60, 0x1d, 0x97, 0x4c, 0x58, 0xf6,
    0x27, 0xa0, 0xd4, 0x10, 0x3, 0x38, 0x30, 0x20,
    0x7, 0x89, 0x8e, 0xc8, 0x3, 0xa6, 0x13, 0x68,
    0x80, 0x33, 0xf3, 0xae, 0xb8, 0x6, 0x18, 0xe2,
    0x84, 0x0, 0xe1, 0xf0, 0xf0, 0xf, 0x10, 0x3a,
    0x40, 0x6, 0x50, 0x53, 0x7e, 0x98, 0xaa, 0xc,
    0x3e, 0x23, 0xb9, 0x17, 0x4, 0xe, 0xb8, 0x2a,
    0x84, 0x1, 0xfe,

    /* U+0025 "%" */
    0x0, 0x4f, 0xfa, 0xc4, 0x3, 0xaa, 0x40, 0x3a,
    0x5e, 0xf5, 0xf0, 0x3, 0x1a, 0x40, 0x7, 0x34,
    0x21, 0x71, 0x18, 0x5, 0xd0, 0x20, 0x18, 0xc1,
    0x40, 0x4, 0xa, 0x0, 0x60, 0x60, 0xf, 0x84,
    0x3, 0xc3, 0x12, 0x1, 0xe2, 0x7, 0x0, 0x10,
    0x10, 0x42, 0x21, 0x77, 0xac, 0x80, 0x56, 0x4,
    0x24, 0x90, 0x9a, 0x12, 0xaf, 0x43, 0xc0, 0x16,
    0xdd, 0xed, 0xe1, 0x2e, 0x5e, 0xac, 0x74, 0x4a,
    0x3, 0x7d, 0xcd, 0x24, 0x58, 0x5, 0xc0, 0x0,
    0x9e, 0x0, 0x42, 0x20, 0x4, 0xd8, 0x0, 0x4c,
    0x2, 0x73, 0x0, 0xf3, 0x8a, 0x80, 0x46, 0x1,
    0x39, 0x80, 0x70, 0xc7, 0x80, 0x49, 0x80, 0x11,
    0xe0, 0x7, 0x42, 0x98, 0x5, 0xea, 0xc5, 0x42,
    0xa0, 0x18, 0xda, 0xc0, 0x32, 0x4c, 0x6b, 0x60,
    0x0,

    /* U+0026 "&" */
    0x0, 0x86, 0xbf, 0xd4, 0x20, 0x1f, 0xb1, 0x2a,
    0x56, 0xc0, 0x3e, 0x42, 0xb5, 0x65, 0x40, 0xf,
    0x84, 0x18, 0x0, 0xca, 0x1, 0xf3, 0x82, 0x4,
    0x1c, 0x0, 0x7c, 0x47, 0x58, 0xd8, 0x60, 0x1f,
    0x98, 0x87, 0xcc, 0x2, 0x58, 0x0, 0xe, 0x29,
    0x91, 0x0, 0x35, 0x18, 0x2, 0x8f, 0x30, 0x5a,
    0x40, 0x6, 0xf, 0x2, 0x46, 0x30, 0xc0, 0xc3,
    0x18, 0x34, 0x6, 0x1, 0x0, 0xe, 0x1e, 0x60,
    0x78, 0x0, 0xa0, 0xc2, 0x0, 0x2e, 0x2, 0x30,
    0x8, 0x60, 0x7e, 0x1e, 0x70, 0x18, 0xf6, 0x84,
    0x1e, 0x89, 0xe1, 0x1b, 0xa7, 0x9d, 0xc2,

    /* U+0027 "'" */
    0x3f, 0xb1, 0x0, 0x18, 0x8, 0x80, 0x80, 0x7c,
    0x1c, 0xc0,

    /* U+0028 "(" */
    0x0, 0xfd, 0x34, 0x0, 0x26, 0xe0, 0x5, 0x92,
    0x0, 0x1a, 0xc0, 0xa, 0xe, 0x0, 0xf2, 0x10,
    0x3, 0xb8, 0x2, 0x22, 0x0, 0x4, 0x38, 0x0,
    0x60, 0x60, 0x18, 0xc0, 0x6, 0x2, 0x0, 0x10,
    0xf0, 0x8, 0xcc, 0x1, 0x2a, 0x80, 0x2d, 0x13,
    0x0, 0x20, 0xd8, 0x5, 0x2c, 0x1, 0x30, 0x30,
    0x0, 0x60, 0x40,

    /* U+0029 ")" */
    0x0, 0xf6, 0xa8, 0x4, 0xb6, 0x1, 0x48, 0xb0,
    0x0, 0x56, 0x80, 0x2f, 0x32, 0x0, 0x20, 0x20,
    0x0, 0x45, 0xe0, 0x12, 0xa8, 0x2, 0x11, 0x0,
    0x46, 0x60, 0xf, 0xc6, 0x60, 0x9, 0x98, 0x1,
    0x11, 0x0, 0x4, 0x38, 0x0, 0x40, 0x40, 0x5,
    0x28, 0x81, 0x1f, 0x0, 0x20, 0xd0, 0x2, 0xf0,
    0x0,

    /* U+002A "*" */
    0x0, 0xb8, 0xc0, 0x3c, 0x2c, 0x2, 0x11, 0xf6,
    0x11, 0xd8, 0x11, 0x4c, 0x5, 0x38, 0x0, 0x43,
    0x20, 0x21, 0x0, 0x41, 0xeb, 0xd8, 0x5, 0x18,
    0x11, 0xa0, 0x0,

    /* U+002B "+" */
    0x0, 0xc5, 0xe8, 0x1, 0xf8, 0x40, 0x3f, 0xf8,
    0xc2, 0x33, 0x80, 0x8e, 0x3, 0xee, 0xac, 0x2b,
    0xba, 0x52, 0xbb, 0xa4, 0x22, 0xee, 0x41, 0x44,
    0x94, 0xd, 0x12, 0x10, 0xf, 0xfe, 0xa8,

    /* U+002C "," */
    0x7, 0x50, 0x78, 0xa3, 0x41, 0x5, 0x3e, 0x3,
    0x7, 0x15, 0x98, 0xa0, 0xfd, 0x40,

    /* U+002D "-" */
    0x1, 0x1e, 0x1, 0xee, 0xe1, 0x15, 0xdf, 0x8,

    /* U+002E "." */
    0x1a, 0x70, 0x95, 0x81, 0xb1, 0x41,

    /* U+002F "/" */
    0x0, 0xf7, 0x30, 0x7, 0x20, 0xb8, 0x7, 0x69,
    0x88, 0x7, 0x3d, 0x80, 0x71, 0x8a, 0x80, 0x75,
    0x91, 0x0, 0x39, 0x68, 0x3, 0x88, 0x8a, 0x1,
    0xca, 0x44, 0x0, 0xeb, 0x50, 0xe, 0x13, 0xb0,
    0xe, 0x71, 0x30, 0xe, 0xd7, 0x0, 0xe1, 0x4d,
    0x0, 0xe4, 0x4, 0x0, 0xef, 0x50, 0xf, 0x2f,
    0x80, 0x72, 0x2, 0x80, 0x76, 0xa0, 0x7, 0x80,

    /* U+0030 "0" */
    0x0, 0x3e, 0xff, 0x40, 0x6, 0x98, 0x68, 0x47,
    0xb0, 0x1, 0xb2, 0x5b, 0xd3, 0x22, 0x2, 0x82,
    0x0, 0x28, 0xf, 0x5, 0x3, 0x0, 0x84, 0x94,
    0x8, 0x80, 0x1c, 0xc2, 0x2, 0x20, 0xe, 0x10,
    0x10, 0xf, 0xf0, 0x88, 0x3, 0x84, 0x4, 0x88,
    0x1, 0xcc, 0x20, 0x80, 0x60, 0x10, 0x92, 0x5,
    0x4, 0x0, 0x50, 0x1c, 0x4, 0xe9, 0x8f, 0x6c,
    0xa8, 0x0, 0x89, 0x18, 0x57, 0xa0, 0x0,

    /* U+0031 "1" */
    0x0, 0x24, 0xfe, 0x80, 0x69, 0xb6, 0x0, 0xf4,
    0xf7, 0x0, 0x3e, 0x11, 0x0, 0x7f, 0xff, 0xc0,
    0x3, 0x11, 0x1, 0xc4, 0x18, 0x9d, 0xe0, 0x17,
    0x75, 0x0,

    /* U+0032 "2" */
    0x0, 0x26, 0x7f, 0xb5, 0x80, 0x34, 0xd8, 0x3b,
    0x82, 0x64, 0x1, 0x14, 0x64, 0x43, 0x49, 0x88,
    0x1, 0x6e, 0x1, 0xa8, 0x1c, 0x3, 0xff, 0x8f,
    0xa0, 0xe0, 0x1f, 0xa, 0x99, 0x0, 0x7d, 0x61,
    0xe0, 0x1f, 0x32, 0xb9, 0x80, 0x79, 0x65, 0x20,
    0x3, 0xcb, 0x47, 0x60, 0x1e, 0x6a, 0x3c, 0x0,
    0xf4, 0xc8, 0x2d, 0xdf, 0x80, 0x98, 0x1, 0x11,
    0xe1,

    /* U+0033 "3" */
    0x0, 0x25, 0xff, 0xb6, 0x4, 0x1, 0x16, 0xce,
    0xe1, 0x7c, 0x0, 0x54, 0xec, 0x43, 0x14, 0x94,
    0x9, 0x80, 0x36, 0x1, 0x0, 0x7d, 0x80, 0x80,
    0x18, 0x92, 0x95, 0xcc, 0x2, 0x7d, 0xb5, 0x88,
    0x0, 0x65, 0xa8, 0x48, 0xb0, 0xc, 0x4a, 0xf7,
    0x29, 0x20, 0x1f, 0x30, 0x38, 0x7, 0xf0, 0x8b,
    0x10, 0x3, 0x30, 0x20, 0x2, 0xf2, 0x21, 0x72,
    0x32, 0x39, 0x20, 0xee, 0x56, 0xf2,

    /* U+0034 "4" */
    0x0, 0xf6, 0xfc, 0x0, 0x7d, 0x4, 0x1, 0xf8,
    0xdd, 0x40, 0x3f, 0x70, 0xc8, 0x7, 0xd0, 0x56,
    0x1, 0xf1, 0xba, 0xa8, 0x3, 0xee, 0x1a, 0x0,
    0xfa, 0xa, 0x80, 0x3e, 0x37, 0x56, 0x22, 0x38,
    0x9, 0xd, 0x2, 0xee, 0xd6, 0xd, 0xad, 0x55,
    0xe8, 0x5, 0xa5, 0x35, 0x5e, 0x40, 0x25, 0x20,
    0xf, 0xfe, 0x50,

    /* U+0035 "5" */
    0x0, 0x6f, 0xff, 0x94, 0x2, 0x31, 0x77, 0xf0,
    0x4, 0x2b, 0x11, 0xc4, 0x1, 0x88, 0x3, 0xf1,
    0x0, 0x80, 0x80, 0x78, 0x41, 0x7f, 0xbf, 0xc,
    0x2, 0x11, 0x3d, 0x51, 0x8f, 0xc, 0x0, 0x5d,
    0x4a, 0xa9, 0xa0, 0xf0, 0xf, 0xca, 0x26, 0x1,
    0xfc, 0x60, 0x1f, 0xe2, 0x10, 0x1b, 0x30, 0xd,
    0x20, 0xc0, 0x6d, 0x98, 0x88, 0x6b, 0x1c, 0x1,
    0x6c, 0x83, 0xb8, 0x23, 0x0, 0x0,

    /* U+0036 "6" */
    0x0, 0xc, 0xf7, 0xf4, 0x88, 0x0, 0xbd, 0x91,
    0xdc, 0xd4, 0x0, 0xe1, 0xca, 0x89, 0xea, 0x4,
    0x37, 0x30, 0x8, 0x44, 0x1a, 0x14, 0x1, 0xf2,
    0x81, 0xd7, 0xfb, 0x9c, 0x0, 0x21, 0xe1, 0x54,
    0x28, 0x70, 0xa, 0xe9, 0x55, 0x83, 0x0, 0x1,
    0x50, 0xc, 0xe0, 0x4e, 0x20, 0x1c, 0x20, 0x38,
    0xa, 0x1, 0x88, 0x9, 0xc6, 0x0, 0x22, 0x53,
    0x11, 0x59, 0x6b, 0xc6, 0x7, 0x80, 0x16, 0xda,
    0x1d, 0x74, 0xc0,

    /* U+0037 "7" */
    0xf, 0xff, 0xe2, 0x7, 0x7f, 0x30, 0x19, 0x4,
    0x47, 0x80, 0x1c, 0x1, 0xf1, 0xb4, 0x90, 0x7,
    0xde, 0x4c, 0x1, 0xf2, 0x1d, 0x80, 0x7e, 0xf0,
    0x60, 0xf, 0xc8, 0x80, 0xf, 0xca, 0x18, 0x1,
    0xfb, 0x40, 0xc0, 0x3f, 0x18, 0x30, 0x7, 0xe6,
    0x2, 0x0, 0xfc, 0x40, 0x1f, 0xf0, 0x80, 0x70,

    /* U+0038 "8" */
    0x0, 0xa3, 0x7f, 0xa8, 0x80, 0x35, 0xba, 0x53,
    0x2e, 0x8, 0x0, 0xd1, 0xa5, 0x62, 0xc5, 0x80,
    0xc, 0x1a, 0x1, 0x20, 0x68, 0x1, 0xc0, 0xc0,
    0x3b, 0x40, 0x4, 0xd0, 0x60, 0x5, 0x16, 0x0,
    0xa5, 0x32, 0x96, 0x34, 0x40, 0x29, 0x5b, 0x2b,
    0x2b, 0x0, 0xa1, 0xb1, 0x23, 0x99, 0xe4, 0x0,
    0xea, 0x40, 0x14, 0x9b, 0x8, 0x80, 0xc0, 0x39,
    0x40, 0xc4, 0x9c, 0x40, 0x32, 0x1, 0x4, 0x8f,
    0xc2, 0xbe, 0x94, 0x80, 0x13, 0x51, 0xaa, 0x1a,
    0xd8, 0x0,

    /* U+0039 "9" */
    0x0, 0x15, 0xff, 0xb1, 0x40, 0x31, 0xea, 0xbc,
    0x5, 0x38, 0x5, 0xe1, 0x90, 0xf8, 0xb0, 0x60,
    0x26, 0xa4, 0x1, 0x40, 0x50, 0x4, 0x60, 0x18,
    0x88, 0x80, 0x20, 0x80, 0x18, 0x4c, 0x80, 0xc,
    0x54, 0x42, 0xde, 0x1, 0xa5, 0x97, 0x7a, 0x29,
    0x40, 0x34, 0xf6, 0x63, 0x91, 0x88, 0x3, 0x9,
    0x98, 0x4, 0x98, 0x3, 0xf3, 0x87, 0x0, 0x5,
    0x0, 0x22, 0x81, 0x50, 0x4, 0x5d, 0xa2, 0xb4,
    0x74, 0x2, 0x98, 0x67, 0x45, 0xd3, 0x0, 0x0,

    /* U+003A ":" */
    0x3e, 0xb0, 0xb1, 0x41, 0xa4, 0x81, 0x2b, 0x70,
    0xf, 0xfe, 0x28, 0xd3, 0x84, 0xac, 0xd, 0x8a,
    0x8,

    /* U+003B ";" */
    0x3e, 0xb0, 0xb1, 0x41, 0xa4, 0x81, 0x2b, 0x70,
    0xf, 0xfe, 0x33, 0xa8, 0x3c, 0x51, 0xa0, 0x82,
    0x9f, 0x1, 0x83, 0x8a, 0xcc, 0x50, 0x7e, 0xa0,
    0x0,

    /* U+003C "<" */
    0x0, 0xfc, 0x2c, 0x80, 0x1e, 0x4a, 0xe9, 0x10,
    0x8, 0x5f, 0x6d, 0xe3, 0x94, 0x16, 0xfa, 0x53,
    0x35, 0xc4, 0xe, 0x96, 0xba, 0x4c, 0x3, 0x12,
    0x8d, 0xc9, 0x80, 0x70, 0xd7, 0x4a, 0x66, 0xc1,
    0x0, 0x61, 0x7d, 0xc4, 0x7d, 0xc3, 0x0, 0xe3,
    0x9f, 0x90, 0x60, 0xf, 0xcd, 0x8a,

    /* U+003D "=" */
    0x3f, 0xff, 0xe5, 0x2a, 0xaf, 0xe7, 0x15, 0x5f,
    0xe2, 0x0, 0xff, 0xe0, 0x8, 0xff, 0x1, 0xf7,
    0x7f, 0x29, 0x5d, 0xff, 0x20,

    /* U+003E ">" */
    0x27, 0x10, 0xf, 0xc3, 0x1d, 0x6a, 0x1, 0xe3,
    0xe8, 0x7a, 0xe8, 0x20, 0xc, 0x2f, 0x9a, 0xcc,
    0xdc, 0x50, 0xe, 0x28, 0xeb, 0x2a, 0x50, 0xe,
    0x38, 0xa1, 0x47, 0x0, 0xb, 0xee, 0x33, 0x3a,
    0xc8, 0x6f, 0xa1, 0xef, 0xa0, 0x40, 0x4, 0xd1,
    0xd4, 0x80, 0x1c, 0x7a, 0xe2, 0x1, 0xf0,

    /* U+003F "?" */
    0x0, 0x3e, 0xff, 0x51, 0x0, 0x32, 0x1d, 0xca,
    0xac, 0x0, 0x46, 0xd4, 0x5b, 0xa, 0x82, 0x10,
    0x5, 0xe0, 0x60, 0x1e, 0xd0, 0x70, 0xe, 0x74,
    0x91, 0x0, 0xcd, 0xe, 0xc0, 0x18, 0x65, 0x20,
    0x3, 0x9c, 0x3c, 0x3, 0xc4, 0xca, 0x1, 0xe4,
    0x91, 0x0, 0xf2, 0xd9, 0x80, 0x7a, 0x12, 0x0,
    0x3c, 0xa1, 0xa0, 0x10,

    /* U+0040 "@" */
    0x0, 0xe2, 0x8c, 0xff, 0x76, 0x38, 0x80, 0x7d,
    0x3a, 0x97, 0x6c, 0xa4, 0x9f, 0x40, 0xc, 0x3a,
    0x97, 0x8e, 0x86, 0x91, 0xcf, 0x66, 0x1, 0x60,
    0xe2, 0x0, 0x7d, 0x2b, 0xc0, 0x9, 0x3d, 0x10,
    0xf, 0xeb, 0x25, 0x16, 0x81, 0x0, 0x1e, 0x7f,
    0x37, 0x80, 0x5, 0x31, 0x85, 0x80, 0x7, 0x8f,
    0x71, 0x24, 0x1, 0x19, 0x62, 0x0, 0x5e, 0x76,
    0x8c, 0x6e, 0x1, 0x9d, 0x88, 0x0, 0x66, 0x80,
    0x8, 0xf4, 0x2, 0x17, 0xf, 0x0, 0x28, 0x28,
    0x0, 0x41, 0x0, 0x24, 0xc0, 0xf0, 0xf, 0x90,
    0x8, 0x0, 0xa4, 0xae, 0x60, 0x5, 0x9, 0x4,
    0x80, 0x60, 0x5a, 0x82, 0xf4, 0x10, 0x38, 0x7f,
    0x9f, 0x78, 0xfa, 0x97, 0x5, 0x1b, 0x0, 0x3f,
    0x6e, 0x8a, 0x3b, 0x7d, 0x80, 0x2a, 0x59, 0x0,
    0x9, 0x0, 0x42, 0x40, 0x1c, 0x96, 0xfc, 0xe4,
    0x0, 0x25, 0xa0, 0xf, 0x93, 0xda, 0xb7, 0xfd,
    0xb1, 0xa0, 0x1f, 0x86, 0x37, 0xb7, 0x5f, 0xae,
    0x1, 0xc0,

    /* U+0041 "A" */
    0x0, 0xc5, 0xfe, 0x40, 0xf, 0xe5, 0x1, 0xe0,
    0xf, 0xea, 0x57, 0x50, 0xf, 0xc6, 0x5f, 0xa0,
    0xa0, 0x1f, 0x58, 0x22, 0x3, 0x80, 0x3e, 0x64,
    0x10, 0x54, 0x10, 0xe, 0x41, 0xd0, 0x7, 0x83,
    0x80, 0x76, 0x82, 0x91, 0x1c, 0x28, 0x3, 0x98,
    0x33, 0x76, 0x3, 0x10, 0x9, 0x41, 0xaa, 0xb3,
    0x83, 0x0, 0x5e, 0x10, 0xab, 0xa0, 0x28, 0x0,
    0x2a, 0x62, 0x1, 0xc8, 0x46, 0xe, 0x14, 0x1,
    0xee, 0xb, 0xd, 0x7, 0x0, 0xf2, 0x3, 0x0,

    /* U+0042 "B" */
    0xff, 0xee, 0xc7, 0x0, 0xc3, 0x11, 0x30, 0xc6,
    0x0, 0x46, 0xef, 0x46, 0xa1, 0xa0, 0x7, 0xec,
    0x2, 0x0, 0xfd, 0xa0, 0xa0, 0x3, 0x11, 0x8e,
    0x55, 0x46, 0x0, 0x1e, 0xeb, 0x19, 0x2c, 0x2,
    0x1b, 0xba, 0x9d, 0x79, 0x0, 0x6, 0x89, 0x2c,
    0x78, 0xd0, 0x7, 0xe1, 0x71, 0x30, 0xf, 0xc6,
    0x2, 0x1, 0xf2, 0x28, 0x90, 0x1b, 0xbd, 0x19,
    0x61, 0xa0, 0x1, 0x88, 0x9c, 0x5f, 0x8c, 0x0,

    /* U+0043 "C" */
    0x0, 0x8e, 0xbb, 0xfa, 0x8c, 0x3, 0x46, 0x29,
    0x2a, 0xd8, 0xa0, 0x7, 0x71, 0x6e, 0x55, 0xf3,
    0x20, 0xc, 0xe, 0x10, 0x4, 0x32, 0x20, 0xc1,
    0x22, 0x1, 0xfb, 0x1, 0x0, 0x3f, 0x98, 0x8,
    0x3, 0xff, 0x92, 0xc0, 0x40, 0x1f, 0xc6, 0x8,
    0x1, 0xfd, 0x41, 0x22, 0x1, 0xf8, 0x9c, 0x74,
    0x80, 0x21, 0xa9, 0x0, 0x43, 0x1e, 0xdc, 0xdf,
    0x2f, 0x0, 0x53, 0x68, 0xac, 0xa9, 0x8e, 0x0,

    /* U+0044 "D" */
    0xff, 0xed, 0x92, 0x0, 0xc3, 0x10, 0x71, 0x6d,
    0x70, 0x8, 0xdd, 0xd1, 0x98, 0x18, 0x60, 0xf,
    0x8f, 0x2, 0x0, 0x3f, 0x12, 0x8a, 0x0, 0x7e,
    0xd0, 0x30, 0xf, 0xc4, 0x1e, 0x1, 0xff, 0xc7,
    0x20, 0xf0, 0xf, 0xd8, 0x8, 0x1, 0xf1, 0xa0,
    0x98, 0x7, 0x8f, 0x42, 0xc0, 0x7, 0x10, 0x9c,
    0xc0, 0xc2, 0x80, 0x5, 0xdc, 0xc2, 0xda, 0xe0,
    0x0,

    /* U+0045 "E" */
    0xff, 0xfc, 0xe0, 0x2e, 0xfe, 0x40, 0x38, 0x8f,
    0x18, 0x7, 0xff, 0x1c, 0xa6, 0x78, 0xc0, 0x26,
    0x6e, 0x50, 0x1, 0x7f, 0xf3, 0x0, 0x7f, 0xf6,
    0x8a, 0x67, 0xcc, 0x0, 0x66, 0xf6, 0x80,

    /* U+0046 "F" */
    0xff, 0xfc, 0xe0, 0x2e, 0xfe, 0x40, 0x38, 0x8f,
    0x18, 0x7, 0xff, 0x40, 0xbf, 0xf9, 0xc0, 0x2,
    0xef, 0xc8, 0x0, 0x38, 0x8e, 0x30, 0xf, 0xff,
    0x10,

    /* U+0047 "G" */
    0x0, 0x8a, 0x77, 0xfd, 0x8c, 0x1, 0x9f, 0x58,
    0x55, 0x43, 0x36, 0x0, 0x78, 0x2c, 0xc5, 0x53,
    0x6b, 0x40, 0x60, 0x30, 0xc0, 0x32, 0xb0, 0x30,
    0x38, 0x80, 0x7e, 0xc0, 0xb0, 0xf, 0xe6, 0x2,
    0x0, 0x92, 0x23, 0x10, 0x7, 0xb1, 0xdf, 0x33,
    0x0, 0x80, 0x28, 0xff, 0x48, 0x0, 0xc1, 0x0,
    0x3f, 0xa8, 0x24, 0x40, 0x3f, 0x13, 0x8e, 0x10,
    0x6, 0xe0, 0xa, 0x18, 0xb7, 0x26, 0xb5, 0xc5,
    0x80, 0x13, 0x8a, 0x4c, 0xa3, 0x1c, 0x40,

    /* U+0048 "H" */
    0xfd, 0x0, 0xf2, 0x7c, 0x80, 0x7f, 0xf8, 0x4a,
    0x67, 0xde, 0x1, 0x99, 0xbc, 0x80, 0x11, 0x7f,
    0xfa, 0xc0, 0x3f, 0xff, 0x0,

    /* U+0049 "I" */
    0xfd, 0x0, 0xff, 0xe7, 0x0,

    /* U+004A "J" */
    0x0, 0xf0, 0xfe, 0x0, 0x7f, 0xff, 0xc0, 0x3f,
    0xf8, 0x6, 0xe, 0x39, 0x0, 0x15, 0x6, 0xb,
    0xbb, 0x27, 0x1c, 0x58, 0x2e, 0x5, 0x8d, 0x70,
    0x40,

    /* U+004B "K" */
    0xfd, 0x0, 0xe6, 0xfb, 0x0, 0xf9, 0x24, 0xec,
    0x3, 0xc7, 0x63, 0xa0, 0x1e, 0x1d, 0xc, 0x10,
    0xf, 0x60, 0xd9, 0x0, 0x7a, 0xc9, 0x10, 0x1,
    0xea, 0x41, 0x44, 0x0, 0x71, 0x2a, 0xb0, 0x24,
    0x3, 0xc7, 0x44, 0xe4, 0xe0, 0x18, 0x74, 0x1,
    0x3, 0x4, 0x1, 0x18, 0x80, 0x56, 0x12, 0x1,
    0xf9, 0x51, 0xa, 0x1, 0xfa, 0x42, 0xc0, 0x3f,
    0x13, 0x8c, 0x0,

    /* U+004C "L" */
    0xfd, 0x0, 0xff, 0xff, 0x80, 0x7f, 0xf5, 0xa,
    0x67, 0xc4, 0x0, 0x66, 0xf8,

    /* U+004D "M" */
    0xff, 0x30, 0x7, 0x8f, 0xfc, 0x60, 0xa, 0x0,
    0xf5, 0x0, 0x62, 0x32, 0x0, 0xe7, 0x20, 0x9,
    0x2, 0x80, 0x32, 0x8a, 0x80, 0x46, 0xcc, 0x0,
    0xde, 0x7c, 0x1, 0xa8, 0x50, 0x0, 0x2b, 0x42,
    0x1, 0x9, 0x97, 0x0, 0x1c, 0x1f, 0xc0, 0x3a,
    0x94, 0x42, 0x94, 0x40, 0x3c, 0xc0, 0xe4, 0x7c,
    0x1, 0xf0, 0xa5, 0x28, 0xa0, 0x7, 0xee, 0x39,
    0x60, 0xf, 0xe5, 0x11, 0x50, 0x7, 0xfa, 0xe0,
    0x80, 0x3f, 0xca, 0xe0, 0x1e,

    /* U+004E "N" */
    0xff, 0x18, 0x7, 0x2f, 0xb8, 0x3, 0xc0, 0x3f,
    0x88, 0xd8, 0x3, 0xf2, 0x22, 0x44, 0x3, 0xe3,
    0x90, 0xb0, 0xf, 0x84, 0x99, 0x50, 0x3, 0xce,
    0x10, 0x32, 0x1, 0xf8, 0x60, 0x9c, 0x4, 0x3,
    0xcc, 0x70, 0x20, 0x1f, 0xbc, 0x2d, 0xc0, 0x3e,
    0x36, 0x56, 0x0, 0xfd, 0x23, 0x0, 0x1f, 0xd6,
    0x40, 0x1f, 0xca, 0x60, 0x0,

    /* U+004F "O" */
    0x0, 0x96, 0xfb, 0xfa, 0x8c, 0x3, 0xaa, 0x88,
    0xaa, 0x25, 0xc8, 0x0, 0xa5, 0x4f, 0xae, 0xb3,
    0x49, 0xd8, 0x9, 0x87, 0x4, 0x2, 0x2f, 0x9,
    0xa, 0x9, 0x0, 0xf1, 0x30, 0x29, 0x82, 0x0,
    0x7d, 0x81, 0x8c, 0x4, 0x1, 0xf3, 0x1, 0x80,
    0x7f, 0xf0, 0x58, 0x8, 0x3, 0xe6, 0x3, 0x30,
    0x20, 0x7, 0xde, 0x19, 0x41, 0x22, 0x1, 0xc4,
    0xa2, 0xa4, 0xe3, 0xa2, 0x1, 0x17, 0x84, 0x0,
    0x21, 0x4f, 0xae, 0x6f, 0x49, 0xd8, 0x2, 0xab,
    0x45, 0x65, 0x56, 0x40, 0x0,

    /* U+0050 "P" */
    0xff, 0xee, 0xc7, 0x0, 0x86, 0x22, 0x71, 0x8c,
    0x0, 0x1b, 0xbd, 0x3a, 0xa6, 0xc0, 0x1f, 0x48,
    0x60, 0x7, 0xff, 0x16, 0xc3, 0x40, 0xc8, 0xa4,
    0x97, 0x16, 0x1, 0xdd, 0xad, 0x97, 0xc4, 0x6,
    0xaa, 0xce, 0xa1, 0x0, 0x1a, 0xac, 0x62, 0x1,
    0xff, 0xdf,

    /* U+0051 "Q" */
    0x0, 0x96, 0xfb, 0xfa, 0x8c, 0x3, 0xaa, 0x88,
    0xaa, 0x25, 0xc8, 0x0, 0xa5, 0x4f, 0xae, 0xb3,
    0x49, 0xd8, 0x9, 0x87, 0x4, 0x2, 0x2f, 0x9,
    0xa, 0x9, 0x0, 0xf1, 0x30, 0x29, 0x82, 0x0,
    0x7d, 0x81, 0x8c, 0x4, 0x1, 0xf3, 0x1, 0x80,
    0x7f, 0xf0, 0x58, 0x8, 0x3, 0xe6, 0x3, 0x30,
    0x20, 0x7, 0xd8, 0x19, 0x41, 0x20, 0x1e, 0x16,
    0x15, 0x27, 0x1b, 0x0, 0xc3, 0x81, 0x0, 0x8,
    0x54, 0xe9, 0x8a, 0xe2, 0x76, 0x0, 0xaa, 0xd5,
    0x9d, 0x17, 0x20, 0x3, 0x92, 0xf0, 0xe, 0x8c,
    0x3, 0xf1, 0xb1, 0x62, 0x0, 0x4, 0x3, 0xd2,
    0xe7, 0x7f, 0xec, 0x0, 0xfa, 0x3a, 0x5d, 0xd0,

    /* U+0052 "R" */
    0xff, 0xf6, 0x40, 0x80, 0x43, 0x11, 0x30, 0xbe,
    0x0, 0x46, 0xef, 0x4e, 0xb1, 0x38, 0x7, 0xea,
    0xd, 0x0, 0xfc, 0x20, 0x20, 0x1f, 0xa8, 0xc,
    0x0, 0x64, 0x52, 0x4b, 0x8c, 0x80, 0x7, 0x76,
    0xb6, 0x4c, 0x10, 0x0, 0xd5, 0x1c, 0x12, 0xc8,
    0x2, 0x35, 0x54, 0x22, 0x14, 0x3, 0xf4, 0x85,
    0x80, 0x7e, 0x27, 0x19, 0x0, 0xfd, 0x4, 0xc6,
    0x1, 0xfa, 0x43, 0x80,

    /* U+0053 "S" */
    0x0, 0x97, 0x3f, 0xdd, 0x22, 0x1, 0xa2, 0x8d,
    0x54, 0x4d, 0xc8, 0x0, 0x27, 0x2e, 0xaa, 0x66,
    0xaa, 0x80, 0xe, 0xa, 0x20, 0x11, 0x50, 0x80,
    0x18, 0x10, 0x3, 0xf8, 0xd4, 0xf5, 0x80, 0x3f,
    0x54, 0x9c, 0xfc, 0x90, 0x7, 0x9b, 0xa9, 0x1b,
    0x64, 0x3, 0xe5, 0xbd, 0x36, 0x90, 0xf, 0xc5,
    0x82, 0xc0, 0x1f, 0xe3, 0x0, 0xab, 0x4c, 0x3,
    0x29, 0x18, 0x3, 0xb, 0x36, 0xa7, 0x28, 0x3c,
    0x0, 0xdc, 0xe0, 0xac, 0x2d, 0xc6, 0x0,

    /* U+0054 "T" */
    0x6f, 0xff, 0xf2, 0xa9, 0xdf, 0x0, 0x1d, 0xf3,
    0x1c, 0x46, 0x1, 0x88, 0xc6, 0x1, 0xff, 0xff,
    0x0, 0xff, 0xf6, 0x80,

    /* U+0055 "U" */
    0xf, 0xc0, 0xf, 0x27, 0xb8, 0x7, 0xff, 0xfc,
    0x3, 0xfe, 0x10, 0xf, 0x8, 0x6, 0x30, 0xf,
    0x18, 0x8, 0x20, 0x98, 0x7, 0x68, 0x28, 0x70,
    0x78, 0x80, 0x4c, 0x84, 0x60, 0xa8, 0x7d, 0x53,
    0x92, 0x1c, 0x1, 0x5c, 0x9a, 0xb1, 0x36, 0x98,
    0x0,

    /* U+0056 "V" */
    0xdf, 0x10, 0xf, 0x47, 0xad, 0x3, 0x80, 0x79,
    0x41, 0x54, 0x1a, 0x1, 0xc4, 0x45, 0x2, 0x22,
    0x8, 0x6, 0x50, 0xf0, 0x5, 0x2, 0x0, 0x6b,
    0x5, 0x0, 0x28, 0x78, 0x4, 0x26, 0xa0, 0x11,
    0x1a, 0x80, 0x4e, 0x1e, 0x1, 0xac, 0x14, 0x1,
    0xa0, 0xa0, 0x19, 0x43, 0x0, 0x8, 0xa0, 0x1c,
    0x46, 0xe0, 0xa1, 0xe0, 0x1e, 0xb1, 0x3c, 0x5,
    0x0, 0xf2, 0x85, 0xba, 0x80, 0x7c, 0x46, 0xe3,
    0xe0, 0x1f, 0xac, 0x0, 0xa0, 0x18,

    /* U+0057 "W" */
    0x6f, 0x80, 0xc, 0x5f, 0xa0, 0x1d, 0xbc, 0x8,
    0x6, 0x1, 0x90, 0x8, 0x40, 0x31, 0x28, 0x10,
    0xa8, 0x6, 0xc2, 0x4, 0x0, 0x90, 0x30, 0x0,
    0xa2, 0x40, 0x12, 0xd0, 0xe0, 0x4, 0x60, 0x60,
    0xc, 0x7, 0x0, 0x18, 0x1a, 0xb8, 0x5, 0xa0,
    0x80, 0x3, 0xd, 0x0, 0x20, 0x26, 0x9, 0x0,
    0x10, 0x80, 0x24, 0x3, 0x0, 0x61, 0x82, 0x2,
    0x0, 0x89, 0x0, 0x31, 0x28, 0x1, 0x10, 0x6,
    0x38, 0xa, 0x1e, 0x1, 0x90, 0x48, 0xc2, 0xc0,
    0x8, 0x80, 0x30, 0x50, 0xd, 0xe0, 0xe8, 0x6,
    0x0, 0xc1, 0x2d, 0x3, 0x0, 0xc8, 0x1b, 0x88,
    0x1, 0x20, 0x23, 0x98, 0x7, 0x10, 0x9a, 0xe0,
    0x4, 0x43, 0x84, 0x80, 0x1e, 0x54, 0x14, 0x0,
    0xc8, 0xa1, 0xa0, 0x1e, 0xc0, 0x13, 0x0, 0xde,
    0x0, 0x40, 0x8,

    /* U+0058 "X" */
    0x1f, 0xe0, 0xe, 0x5f, 0x80, 0x18, 0x17, 0x0,
    0xd6, 0x30, 0x0, 0x72, 0x81, 0x0, 0x38, 0xc0,
    0x6, 0x90, 0x80, 0x18, 0x36, 0x0, 0xc8, 0x86,
    0x29, 0xf, 0x0, 0xf4, 0x87, 0x3a, 0x98, 0x7,
    0x89, 0x8c, 0x2c, 0x3, 0xf2, 0x80, 0x8, 0x3,
    0xe6, 0x39, 0xe, 0x0, 0xf0, 0xc1, 0xb4, 0x13,
    0x0, 0x74, 0xc, 0x3, 0x8c, 0x88, 0x4, 0x6c,
    0x88, 0x0, 0x58, 0x58, 0x5, 0xe1, 0x20, 0x12,
    0x9a, 0x98, 0x29, 0xb1, 0x0, 0x6f, 0xe, 0x0,

    /* U+0059 "Y" */
    0xc, 0xf3, 0x0, 0xe8, 0xf6, 0x8, 0x9, 0x0,
    0xe7, 0x26, 0x4, 0x42, 0x90, 0x4, 0xe1, 0x0,
    0x14, 0x4, 0x0, 0x52, 0x4a, 0x1, 0x1a, 0x28,
    0x83, 0xc, 0x0, 0x74, 0x4, 0x85, 0x9a, 0x80,
    0x71, 0xa3, 0xb8, 0xa0, 0x3, 0xe8, 0x8, 0x34,
    0x0, 0xf8, 0xd0, 0x20, 0x3, 0xf8, 0x41, 0xc0,
    0x3f, 0xfd, 0x0,

    /* U+005A "Z" */
    0x4f, 0xff, 0xe0, 0x67, 0x7f, 0x20, 0x20, 0x14,
    0x47, 0x94, 0x28, 0x3, 0xe9, 0x1a, 0x10, 0xf,
    0x23, 0x2a, 0x80, 0x3c, 0x34, 0x36, 0x1, 0xf5,
    0x8d, 0x88, 0x7, 0x95, 0x70, 0x7, 0x86, 0xc6,
    0xc0, 0x3e, 0xa1, 0xa1, 0x0, 0xf3, 0x23, 0x20,
    0x7, 0x86, 0x4a, 0x40, 0x3e, 0xa0, 0x19, 0x9f,
    0x85, 0x0, 0xd9, 0xbe, 0x30,

    /* U+005B "[" */
    0xef, 0xf8, 0x41, 0xff, 0xc2, 0x1e, 0x1, 0xff,
    0xff, 0x0, 0xd1, 0xdc, 0x1f, 0xef, 0xf0, 0x80,

    /* U+005C "\\" */
    0x8c, 0x0, 0xf5, 0x98, 0x80, 0x71, 0x8b, 0x80,
    0x79, 0xf4, 0x3, 0xda, 0x82, 0x1, 0xc8, 0x8,
    0x1, 0xe5, 0xf0, 0xf, 0x7a, 0x80, 0x79, 0x41,
    0x0, 0x3c, 0x9a, 0x1, 0xed, 0x70, 0xf, 0x38,
    0x98, 0x7, 0x9, 0xd8, 0x7, 0xad, 0x40, 0x3c,
    0xa4, 0x40, 0xe, 0x22, 0x28, 0x7, 0x96, 0xc0,
    0x3d, 0x66, 0x20, 0x1c, 0x62, 0xe0,

    /* U+005D "]" */
    0x5f, 0xfa, 0x97, 0xfc, 0x80, 0x1f, 0xff, 0xf0,
    0xf, 0x27, 0x71, 0x1, 0x3f, 0xdd, 0x60,

    /* U+005E "^" */
    0x0, 0x8a, 0xc, 0x3, 0xd0, 0xfe, 0x1, 0xc2,
    0xaa, 0x32, 0x0, 0xcc, 0x16, 0x34, 0x1, 0xa9,
    0x45, 0x98, 0x1, 0x21, 0x70, 0x50, 0xa8, 0x3,
    0x85, 0x0, 0x8e, 0x40, 0x55, 0x80, 0x2a, 0x32,
    0x60, 0xa0, 0x9, 0xc2, 0xc0,

    /* U+005F "_" */
    0xbf, 0xff, 0xee, 0x9c, 0xcf, 0xf0,

    /* U+0060 "`" */
    0x0, 0xfa, 0x70, 0x3, 0x8e, 0x80, 0x29, 0x75,
    0x70, 0xa, 0x1e, 0x4, 0x2, 0x8d, 0x10,

    /* U+0061 "a" */
    0x1, 0x8d, 0xff, 0x59, 0x1, 0x73, 0xbc, 0xa9,
    0x80, 0x53, 0xd5, 0x14, 0xe2, 0xc0, 0xc2, 0x1,
    0x58, 0x78, 0x4, 0x91, 0x7c, 0x6, 0xd, 0xd6,
    0x79, 0x40, 0x6, 0x94, 0xeb, 0x75, 0x0, 0x68,
    0x50, 0x80, 0x73, 0x80, 0x80, 0x56, 0x0, 0xb0,
    0xc7, 0x8d, 0x50, 0x3, 0xb8, 0xe1, 0x6f, 0x4,
    0x0,

    /* U+0062 "b" */
    0x2f, 0xb0, 0xf, 0xfe, 0xf8, 0x80, 0x7f, 0xc5,
    0x5f, 0xec, 0x30, 0xc, 0xfa, 0x2e, 0xa7, 0x86,
    0x1, 0x15, 0xda, 0x2a, 0x81, 0xc0, 0x12, 0x20,
    0x2, 0x52, 0x28, 0x3, 0xf2, 0x3, 0x0, 0x7f,
    0x84, 0x3, 0xf1, 0x80, 0x80, 0x7e, 0x40, 0x40,
    0x3, 0x8, 0x5, 0x2, 0xc0, 0x11, 0xf5, 0x46,
    0x39, 0x40, 0x5, 0x74, 0xee, 0x27, 0xd1, 0x0,

    /* U+0063 "c" */
    0x0, 0x1d, 0xf7, 0xeb, 0x0, 0x1b, 0x11, 0xe,
    0x32, 0x47, 0x23, 0xb5, 0x19, 0xa5, 0x21, 0x64,
    0x1, 0x10, 0x20, 0x28, 0x7, 0x84, 0x40, 0x1f,
    0x8, 0x80, 0x3e, 0x40, 0x50, 0xf, 0x70, 0x40,
    0x80, 0x48, 0x8, 0xe5, 0xf3, 0x17, 0x66, 0x8,
    0xa2, 0x67, 0x74, 0xb0,

    /* U+0064 "d" */
    0x0, 0xf9, 0x3e, 0x40, 0x3f, 0xfb, 0xcb, 0x9f,
    0xd2, 0x20, 0x13, 0xd1, 0xb3, 0x12, 0x80, 0x7,
    0x3, 0xb3, 0x1a, 0xe0, 0x9, 0xb, 0x20, 0xb,
    0x0, 0xe, 0xa, 0x1, 0xf1, 0x80, 0x7f, 0xf1,
    0xd4, 0x10, 0x3, 0xed, 0x8, 0x0, 0xde, 0x0,
    0x63, 0x36, 0xc4, 0xf3, 0x80, 0x58, 0xe6, 0xe9,
    0x38, 0x0,

    /* U+0065 "e" */
    0x0, 0x26, 0x7f, 0xac, 0xc0, 0x27, 0xb1, 0x77,
    0x2e, 0x18, 0x1c, 0x1e, 0xc4, 0x3c, 0x60, 0x24,
    0x38, 0x2, 0x16, 0x41, 0x71, 0x20, 0xd, 0xc0,
    0x44, 0x1f, 0xfe, 0x90, 0x0, 0x8b, 0x33, 0xe3,
    0x41, 0x11, 0x9f, 0x82, 0x43, 0x80, 0x3e, 0x38,
    0x3e, 0x87, 0x8d, 0x80, 0x3, 0xda, 0xbc, 0x32,
    0x48, 0x0,

    /* U+0066 "f" */
    0x0, 0xa3, 0xbf, 0x40, 0x26, 0x72, 0x8a, 0x0,
    0xa8, 0x35, 0xdc, 0x1, 0x8, 0x8, 0x7, 0xfc,
    0xbe, 0x41, 0xfe, 0x40, 0x79, 0x10, 0x99, 0x28,
    0x13, 0x18, 0x33, 0x4, 0x3, 0xff, 0xea,

    /* U+0067 "g" */
    0x1, 0x8e, 0xff, 0xec, 0xc, 0x76, 0xa7, 0x1,
    0x98, 0x62, 0x88, 0x2c, 0x40, 0x49, 0x3c, 0x10,
    0x2, 0x40, 0x30, 0xf0, 0x60, 0x9, 0x80, 0x81,
    0x86, 0xd0, 0x12, 0xc9, 0x40, 0x10, 0x37, 0xf6,
    0xb8, 0x0, 0x29, 0x97, 0x67, 0x58, 0x80, 0x1c,
    0x8, 0x4c, 0x40, 0x33, 0x85, 0x43, 0xbc, 0xc2,
    0x4, 0xa2, 0xf1, 0x14, 0xf3, 0x3a, 0xef, 0xfe,
    0xb0, 0x89, 0x52, 0x0, 0xc8, 0x42, 0xe, 0x1,
    0xc6, 0x4b, 0x25, 0x8c, 0x88, 0x9c, 0x3b, 0x7a,
    0x79, 0xba, 0x59, 0xc1,

    /* U+0068 "h" */
    0x2f, 0xb0, 0xf, 0xfe, 0xd8, 0x80, 0x7f, 0x86,
    0x7b, 0xf0, 0xc0, 0x26, 0xf4, 0x73, 0x36, 0x80,
    0x47, 0x3b, 0x38, 0xa2, 0xa0, 0x4, 0x70, 0xb,
    0xc0, 0x80, 0x3e, 0x10, 0xf0, 0xf, 0xff, 0x80,

    /* U+0069 "i" */
    0x3f, 0xb6, 0x5, 0x55, 0xe0, 0x21, 0x0, 0x45,
    0xf6, 0x1, 0xff, 0xd2,

    /* U+006A "j" */
    0x0, 0x1f, 0xd8, 0x1, 0x41, 0x40, 0xd, 0x78,
    0x1, 0x21, 0x0, 0x7c, 0x5f, 0x60, 0x1f, 0xfe,
    0xf1, 0x0, 0x30, 0x1a, 0xbc, 0x86, 0xfc, 0x1c,
    0x20,

    /* U+006B "k" */
    0x2f, 0xa0, 0xf, 0xff, 0x49, 0x7e, 0x88, 0x7,
    0xbc, 0x3c, 0x40, 0x3a, 0x8a, 0x88, 0x3, 0x9d,
    0x5d, 0x40, 0x39, 0x20, 0x60, 0x3, 0x9a, 0x84,
    0x4c, 0x1, 0xc6, 0x1e, 0x50, 0x20, 0x1d, 0xa3,
    0xc3, 0x60, 0x19, 0x4c, 0xd, 0x54, 0x80, 0x1f,
    0x58, 0x48, 0x7, 0xc3, 0x25, 0x0,

    /* U+006C "l" */
    0x2f, 0xb0, 0xf, 0xff, 0x49, 0x82, 0xa8, 0x5c,
    0x78,

    /* U+006D "m" */
    0x2f, 0x61, 0xaf, 0xf5, 0x8, 0x26, 0x7f, 0x30,
    0x5, 0x9e, 0xcc, 0x25, 0xb7, 0xb6, 0x51, 0x93,
    0x0, 0x2c, 0xe4, 0xe8, 0xad, 0x6d, 0x52, 0x42,
    0x80, 0x8, 0xe0, 0x12, 0x4, 0x90, 0x1, 0xc1,
    0x40, 0x3e, 0x30, 0x70, 0x8, 0x40, 0x40, 0x3f,
    0xff, 0xe0, 0x1f, 0xfc, 0x90,

    /* U+006E "n" */
    0x2f, 0x61, 0x9e, 0xfc, 0x30, 0xb, 0x3d, 0x1c,
    0xcd, 0xa0, 0x12, 0xce, 0xce, 0x28, 0xa8, 0x1,
    0x1c, 0x2, 0xf0, 0x20, 0xf, 0x84, 0x3c, 0x3,
    0xff, 0xe0,

    /* U+006F "o" */
    0x0, 0x25, 0xff, 0xb1, 0x40, 0x33, 0xda, 0xb3,
    0xa, 0xa4, 0x0, 0x70, 0x5f, 0x32, 0xe3, 0x65,
    0x9, 0x9, 0x10, 0xb, 0x82, 0x41, 0x1, 0x0,
    0x31, 0x9, 0x80, 0x88, 0x3, 0xc4, 0x2, 0x30,
    0x7, 0x84, 0x5, 0x1, 0x0, 0x31, 0x10, 0xc2,
    0x42, 0x44, 0x2, 0x90, 0x90, 0x38, 0x2f, 0x98,
    0xd4, 0x65, 0x0, 0x3d, 0xab, 0x38, 0xd4, 0x80,
    0x0,

    /* U+0070 "p" */
    0x2f, 0x62, 0xaf, 0xf6, 0x18, 0x6, 0xad, 0x17,
    0x53, 0xc4, 0x0, 0x8e, 0xed, 0x15, 0x40, 0x90,
    0x9, 0x10, 0x1, 0x29, 0x14, 0x1, 0xf9, 0x1,
    0x80, 0x3f, 0xc2, 0x1, 0xf8, 0xc0, 0x40, 0x3f,
    0x20, 0x20, 0x1, 0x84, 0x2, 0x81, 0x60, 0x8,
    0xba, 0xa3, 0x1c, 0xa0, 0x2, 0x5a, 0x77, 0x13,
    0xe8, 0x80, 0x65, 0xdf, 0xe8, 0x0, 0xe1, 0x0,
    0xff, 0xee, 0x80,

    /* U+0071 "q" */
    0x0, 0x2e, 0x7f, 0x51, 0x7c, 0x83, 0xd1, 0xb3,
    0x1f, 0x40, 0x7, 0x3, 0xb3, 0x1a, 0xe0, 0x9,
    0xb, 0x20, 0xb, 0x0, 0xe, 0xa, 0x1, 0xf1,
    0x80, 0x7f, 0xf1, 0xd4, 0x10, 0x3, 0xed, 0x8,
    0x0, 0xde, 0x0, 0x63, 0x36, 0xc4, 0xf3, 0x0,
    0x58, 0xe6, 0xe9, 0x32, 0x0, 0xd1, 0xdf, 0xae,
    0x1, 0xff, 0xdf,

    /* U+0072 "r" */
    0x2f, 0x61, 0xbf, 0xb0, 0x7, 0x7b, 0x2e, 0x80,
    0x1d, 0x36, 0x98, 0x0, 0x34, 0x1, 0xca, 0x1,
    0xff, 0xe2,

    /* U+0073 "s" */
    0x0, 0x2e, 0x7f, 0xb1, 0x0, 0xb, 0x43, 0x10,
    0xb, 0x10, 0xe0, 0xc7, 0x76, 0x68, 0x80, 0x44,
    0x1, 0x10, 0x2, 0x3, 0x24, 0xc0, 0x31, 0xeb,
    0x33, 0x30, 0x80, 0x11, 0x4f, 0x41, 0x59, 0x80,
    0x61, 0x7a, 0xa, 0x6, 0x10, 0xe, 0x12, 0x9e,
    0x96, 0x7a, 0xa, 0x2d, 0x64, 0x98, 0x5c, 0x20,

    /* U+0074 "t" */
    0x0, 0x4f, 0x80, 0x78, 0xc0, 0x3e, 0x10, 0xe,
    0x7f, 0x40, 0xff, 0x81, 0x64, 0x42, 0x65, 0x40,
    0x4c, 0x60, 0xcc, 0x50, 0xf, 0xfe, 0xfb, 0x1,
    0x0, 0x76, 0x7, 0xbc, 0x80, 0x4e, 0xc7, 0x8,
    0x20,

    /* U+0075 "u" */
    0x5f, 0x80, 0xd, 0x1e, 0xa0, 0x1f, 0xff, 0x1,
    0x1, 0x0, 0xc2, 0x0, 0x60, 0x40, 0x9, 0x58,
    0x0, 0x46, 0x5b, 0x37, 0x4e, 0x1, 0x6a, 0x13,
    0x6, 0xd8, 0x0,

    /* U+0076 "v" */
    0x8f, 0x50, 0xe, 0xcf, 0xb, 0xf, 0x0, 0xc4,
    0x6a, 0x6, 0x4a, 0x1, 0x94, 0x38, 0x1, 0x40,
    0x80, 0x15, 0x8a, 0x0, 0x14, 0x38, 0x0, 0x46,
    0xe0, 0x11, 0x1a, 0x0, 0x14, 0x28, 0x3, 0x50,
    0xa0, 0x58, 0x98, 0x6, 0x70, 0xd1, 0x36, 0x0,
    0xe1, 0x47, 0x70, 0x50, 0x7, 0xb8, 0x60, 0x88,
    0x1, 0xe5, 0x1, 0xa0, 0xc,

    /* U+0077 "w" */
    0x5f, 0x80, 0xd, 0xde, 0x20, 0x12, 0xfb, 0x28,
    0x20, 0x4, 0x62, 0x8, 0x1, 0x60, 0x38, 0x19,
    0x80, 0x24, 0x23, 0xc0, 0x9, 0x8, 0x42, 0xc1,
    0x0, 0x18, 0x8a, 0xe0, 0x1, 0x24, 0x0, 0x20,
    0x60, 0x1, 0x33, 0x2, 0x40, 0x81, 0x80, 0x3,
    0x14, 0x4, 0x4, 0x40, 0x20, 0x60, 0x28, 0x4,
    0x86, 0x18, 0x42, 0x22, 0xd0, 0x43, 0x0, 0xd8,
    0x8, 0x90, 0x1, 0x14, 0x49, 0x0, 0x33, 0x86,
    0x1e, 0x0, 0x34, 0x58, 0x2c, 0x3, 0x9, 0x30,
    0x20, 0x1, 0x2, 0x40, 0xc0, 0x39, 0x4, 0x84,
    0x2, 0x31, 0x40, 0x8,

    /* U+0078 "x" */
    0x2f, 0xd0, 0xd, 0x9e, 0x25, 0x4, 0xe0, 0x5,
    0x38, 0x10, 0x72, 0x81, 0xb, 0x27, 0x0, 0xb8,
    0x2d, 0x86, 0x40, 0x31, 0xb2, 0xca, 0xa0, 0x7,
    0x68, 0x2, 0x40, 0x3d, 0x24, 0x1e, 0x1, 0xd0,
    0x5d, 0x6, 0xc0, 0x11, 0x3a, 0x9b, 0x94, 0x88,
    0x3, 0x82, 0xc0, 0x12, 0x14, 0xc, 0x6e, 0x20,
    0x4, 0x54, 0x50,

    /* U+0079 "y" */
    0x8f, 0x50, 0xe, 0xcf, 0xa, 0xf, 0x0, 0xc2,
    0x6a, 0x4, 0x6a, 0x20, 0x13, 0x87, 0x80, 0x28,
    0x1c, 0x2, 0xd0, 0x50, 0x3, 0x5, 0x0, 0x5,
    0x14, 0x3, 0x31, 0x88, 0x20, 0x70, 0x6, 0xa0,
    0x60, 0xf0, 0x40, 0xc, 0x65, 0x60, 0x8a, 0x1,
    0xea, 0x35, 0x1e, 0x0, 0xf3, 0x5, 0x8a, 0x0,
    0x78, 0x54, 0x50, 0x3, 0xf6, 0x87, 0x0, 0x7e,
    0xb1, 0x40, 0xf, 0x94, 0xe4, 0x3, 0xd1, 0x34,
    0x4e, 0x1, 0xc4, 0xec, 0xb8, 0x1, 0xe0,

    /* U+007A "z" */
    0xb, 0xff, 0xf5, 0x87, 0x44, 0x62, 0xd, 0x5,
    0x77, 0x8c, 0x91, 0x80, 0x3a, 0x82, 0x80, 0x3a,
    0x46, 0x44, 0x3, 0x23, 0x23, 0x0, 0x75, 0xd,
    0x0, 0x74, 0x8d, 0x88, 0x6, 0x46, 0x45, 0x0,
    0xea, 0x2, 0x77, 0xcc, 0x82, 0xd, 0x11, 0xc0,

    /* U+007B "{" */
    0x0, 0xa7, 0xfc, 0x20, 0x5, 0x69, 0xf1, 0x0,
    0x10, 0x30, 0x6, 0xf0, 0xf, 0x78, 0x7, 0x84,
    0x3, 0xc6, 0x2, 0x1, 0xfe, 0x19, 0x11, 0x0,
    0xf, 0x8e, 0x80, 0x23, 0xb2, 0x80, 0xc, 0x96,
    0x60, 0x1c, 0x60, 0x20, 0x18, 0xc0, 0x3c, 0x20,
    0x20, 0x1b, 0xc0, 0x3f, 0xf8, 0x3a, 0x8, 0x1,
    0x95, 0x2f, 0x84, 0x2, 0xbe, 0xf1,

    /* U+007C "|" */
    0xf5, 0x0, 0xff, 0xef, 0x0,

    /* U+007D "}" */
    0x5f, 0xe7, 0x0, 0x2f, 0x3c, 0x8, 0x0, 0x74,
    0x14, 0x2, 0x70, 0xe, 0x70, 0x70, 0xe, 0x10,
    0xe, 0x30, 0xe, 0x30, 0x9, 0x42, 0xc0, 0x21,
    0x96, 0xf0, 0x0, 0xca, 0x60, 0x1, 0x42, 0x4c,
    0x3, 0x18, 0x7, 0x18, 0x7, 0x8, 0x4, 0xe0,
    0xe0, 0x1f, 0xd6, 0xc, 0x9, 0xee, 0xe2, 0x4,
    0xef, 0x80, 0x0,

    /* U+007E "~" */
    0x0, 0xff, 0xe0, 0xe, 0x7f, 0x20, 0x4, 0x80,
    0xc, 0x7b, 0x4b, 0x82, 0x8b, 0x10, 0xab, 0x4a,
    0x97, 0xd7, 0xb1, 0x7, 0x0, 0x9b, 0xb3, 0x90,
    0x0,

    /* U+4E00 "一" */
    0x1a, 0xaf, 0xfe, 0x31, 0x1a, 0xaf, 0xff, 0x18,
    0x4b, 0xff, 0xff, 0x8c, 0x60,

    /* U+4E0A "上" */
    0x0, 0xfc, 0xb4, 0x1, 0xff, 0xc5, 0xc5, 0x0,
    0xff, 0xff, 0x80, 0x7f, 0xf2, 0x1d, 0xfe, 0x30,
    0xf, 0xfa, 0x23, 0xeb, 0x0, 0xff, 0xbf, 0xfe,
    0x80, 0xf, 0xff, 0xf8, 0x7, 0xff, 0xbc, 0x77,
    0x7e, 0x60, 0xdd, 0xfd, 0x80, 0xef, 0xf2, 0xa9,
    0xdf, 0xf2, 0x80,

    /* U+4E0B "下" */
    0x22, 0xff, 0xe3, 0x7, 0x6e, 0xff, 0xf1, 0x42,
    0x2a, 0xbd, 0x20, 0xb5, 0x5f, 0x81, 0x15, 0x7c,
    0xe0, 0x4a, 0xbf, 0x80, 0x3f, 0xfa, 0x22, 0x1,
    0xff, 0xc6, 0x6e, 0x70, 0xf, 0xfe, 0x22, 0x14,
    0x6a, 0x80, 0x7f, 0xf0, 0x8f, 0x28, 0xea, 0xc8,
    0x3, 0xff, 0x84, 0xbe, 0xc9, 0xac, 0x1, 0xff,
    0xc2, 0x19, 0xb1, 0xe0, 0xf, 0xfe, 0x22, 0x7c,
    0x0, 0x7f, 0xf1, 0x44, 0x3, 0xff, 0xfe, 0x1,
    0xff, 0xcb,

    /* U+4E0E "与" */
    0x0, 0xc8, 0x40, 0x1f, 0xfc, 0x3b, 0xa0, 0xf,
    0xfe, 0x11, 0x86, 0x80, 0x7f, 0xf0, 0x94, 0x2b,
    0xff, 0xfd, 0x0, 0x17, 0x8c, 0xcf, 0xfd, 0x60,
    0x12, 0x2b, 0x37, 0xfc, 0x60, 0x11, 0x18, 0x7,
    0xff, 0x9, 0x3, 0x0, 0x3f, 0xf8, 0x58, 0x17,
    0xff, 0xff, 0x60, 0x3, 0x22, 0x67, 0xfe, 0x6,
    0x0, 0x23, 0xb3, 0x7f, 0xc0, 0x60, 0x1f, 0xfc,
    0x22, 0xe, 0xe7, 0xff, 0xfd, 0x0, 0xc0, 0x72,
    0xef, 0xff, 0x60, 0x18, 0x33, 0xc4, 0x7f, 0xc8,
    0x18, 0x24, 0x1, 0xff, 0xc1, 0x14, 0x40, 0x7,
    0xf0, 0xc3, 0xb3, 0x34, 0x38, 0x3, 0xf8, 0x5a,
    0x26, 0x45, 0x8, 0x1, 0xfe, 0xef, 0xfb, 0x9c,
    0x0,

    /* U+4E24 "两" */
    0x57, 0x7f, 0xfe, 0x23, 0x4c, 0x47, 0xff, 0x12,
    0xf3, 0xff, 0x50, 0x6f, 0xfb, 0x3, 0x3f, 0xf6,
    0x80, 0x7f, 0xf1, 0xc8, 0xce, 0x20, 0x63, 0x33,
    0x2, 0x99, 0xc4, 0x0, 0xdc, 0xca, 0x2, 0xf3,
    0x14, 0x13, 0x99, 0x70, 0x4, 0xd9, 0x87, 0xb,
    0xcc, 0x48, 0x56, 0x60, 0xc0, 0x30, 0x99, 0xbc,
    0x10, 0xce, 0x4, 0x33, 0x38, 0x7, 0xdc, 0x2,
    0x0, 0x20, 0x20, 0xf, 0xf2, 0x86, 0x80, 0x34,
    0x38, 0x3, 0xf8, 0x4d, 0x4d, 0xc1, 0x58, 0xe8,
    0x3, 0xf3, 0x5, 0xbd, 0x30, 0x55, 0x15, 0x40,
    0x1e, 0x18, 0x51, 0x8e, 0x83, 0x32, 0x35, 0x80,
    0x7b, 0x42, 0x0, 0x12, 0x3e, 0x0, 0x86, 0x0,
    0xf3, 0x51, 0x0, 0xe, 0xc, 0x0, 0x30, 0x1,
    0xea, 0x50, 0xa, 0x5c, 0x3, 0xff, 0x91, 0xe,
    0xe5, 0x0, 0xff, 0xe1, 0x24, 0x40, 0xe0, 0x0,

    /* U+4E2D "中" */
    0x0, 0xfa, 0x30, 0x3, 0xff, 0x86, 0x46, 0x1,
    0xff, 0xcd, 0x33, 0xf8, 0x40, 0xcf, 0xe1, 0xec,
    0xcf, 0x20, 0x66, 0x7c, 0xc0, 0x99, 0x9c, 0x81,
    0x99, 0xd6, 0x1, 0x9, 0x9f, 0x8, 0x19, 0xf2,
    0x80, 0x7f, 0xfa, 0x99, 0xdf, 0x98, 0x1d, 0xf9,
    0x80, 0x23, 0x88, 0xe3, 0x8, 0x8f, 0x0, 0x4b,
    0xff, 0xca, 0x1f, 0xfd, 0xc0, 0xe, 0x80, 0xf,
    0xfe, 0x0, 0xe3, 0x19, 0x0, 0x7f, 0xf0, 0x4c,
    0x40, 0x3f, 0xff, 0x0,

    /* U+4E91 "云" */
    0x0, 0xff, 0xe4, 0x57, 0xff, 0xff, 0x3, 0x40,
    0x37, 0xc4, 0x7f, 0xf0, 0x2c, 0x3, 0x2b, 0xbf,
    0xff, 0x1, 0x80, 0x3f, 0xfb, 0x4f, 0x33, 0xff,
    0xc4, 0x8a, 0x66, 0xff, 0xe2, 0xef, 0xff, 0x8,
    0x6f, 0xff, 0xee, 0x0, 0xe6, 0x16, 0x20, 0x8,
    0x40, 0x3f, 0x86, 0x6, 0x0, 0x24, 0xe5, 0x0,
    0xfd, 0x63, 0x62, 0x1, 0x21, 0x51, 0x0, 0x79,
    0x15, 0x14, 0x3, 0xbc, 0x38, 0x3, 0x86, 0x86,
    0x80, 0x3c, 0x50, 0x6e, 0x1, 0xb4, 0x60, 0x95,
    0x9e, 0x26, 0xb2, 0x82, 0x8, 0x1, 0x6, 0x13,
    0x95, 0x30, 0xee, 0x67, 0x73, 0x4, 0x80, 0x31,
    0x1e, 0x2a, 0xf7, 0xbf, 0xb2, 0xea, 0x59, 0x10,
    0x9, 0x70, 0xea, 0x84, 0x20, 0x1e, 0x89, 0x40,

    /* U+4EAC "京" */
    0x0, 0xf8, 0xf4, 0xc0, 0x3f, 0xf8, 0x66, 0x6e,
    0x0, 0xfc, 0x4a, 0xbf, 0x21, 0x42, 0xaf, 0x92,
    0xab, 0xf2, 0x83, 0xd5, 0x7d, 0x3b, 0xbf, 0xfc,
    0x4c, 0x12, 0x20, 0x8f, 0xff, 0x0, 0x8, 0x80,
    0x1, 0xcc, 0xff, 0xe0, 0x40, 0x7, 0xa3, 0xbb,
    0xf8, 0x3, 0xf0, 0x8f, 0xf8, 0x3, 0xff, 0x9d,
    0x77, 0xfe, 0x0, 0xf0, 0xab, 0x88, 0xcc, 0x82,
    0x39, 0x70, 0x3, 0xaa, 0xb9, 0x42, 0xab, 0x98,
    0x3, 0x9a, 0xc4, 0x3, 0xe9, 0x90, 0x7, 0x14,
    0x80, 0x80, 0x7d, 0xcc, 0xe0, 0x10, 0xf8, 0xd0,
    0x7, 0xe7, 0x58, 0x40, 0x6, 0x96, 0x88, 0x7,
    0xf5, 0x1d, 0x93, 0x9d, 0x98, 0x2b, 0x30, 0xc0,
    0x3d, 0xa1, 0x6f, 0xa8, 0x0, 0xc9, 0x92, 0xb8,
    0x7, 0xe, 0x48, 0x10, 0x5, 0x3f, 0xee, 0x80,
    0xf, 0x18, 0x0,

    /* U+4EBA "人" */
    0x0, 0xfe, 0xa9, 0x0, 0xff, 0xe3, 0x22, 0x80,
    0x7f, 0xf1, 0x85, 0xc0, 0x3f, 0xf8, 0xee, 0x1,
    0xff, 0xc5, 0x20, 0x20, 0xf, 0xfe, 0x2b, 0x0,
    0x88, 0x3, 0xff, 0x88, 0x40, 0x5, 0x0, 0xff,
    0xe2, 0x60, 0xe, 0x80, 0x7f, 0xf1, 0x10, 0xd1,
    0xc0, 0x3f, 0xf8, 0x68, 0x37, 0xe2, 0x80, 0x1f,
    0xfc, 0x2f, 0x6, 0x51, 0xf0, 0xf, 0xfe, 0x9,
    0xa2, 0x88, 0x4a, 0x20, 0x3, 0xff, 0x81, 0xe1,
    0x0, 0x7, 0x19, 0x0, 0xff, 0x9c, 0xdc, 0x80,
    0x2b, 0x29, 0x0, 0xfe, 0x58, 0x38, 0x0, 0xca,
    0xa6, 0x80, 0xf, 0x9a, 0x87, 0x40, 0x3d, 0x46,
    0xf2, 0x1, 0x86, 0xa4, 0xb0, 0x40, 0x3e, 0xc4,
    0x6c, 0x30, 0x6, 0xaa, 0xb0, 0x80, 0x3f, 0xae,
    0xf, 0x80, 0x1b, 0x74, 0x20, 0x1f, 0xf3, 0xf7,
    0x80,

    /* U+4ECD "仍" */
    0x0, 0xca, 0xc0, 0x1f, 0xfc, 0x58, 0xc3, 0x66,
    0xfe, 0x0, 0xf1, 0x97, 0xdc, 0xcf, 0xe8, 0x0,
    0xf5, 0xa, 0xc7, 0xe0, 0x57, 0xfc, 0x6a, 0x1,
    0xc2, 0xcc, 0x0, 0xe1, 0x0, 0x8c, 0xc0, 0x1d,
    0x1, 0xc0, 0x13, 0x80, 0x62, 0xc, 0x0, 0xc6,
    0xc0, 0x1c, 0x20, 0xe0, 0x7, 0x5, 0x0, 0xdc,
    0x20, 0x1c, 0x60, 0x20, 0xc, 0x6, 0x77, 0x22,
    0x95, 0x80, 0x70, 0x81, 0x0, 0x14, 0x22, 0x2c,
    0x58, 0x50, 0xe, 0xd0, 0xd, 0x9f, 0xf0, 0x78,
    0x38, 0x7, 0x98, 0xc0, 0x3c, 0x20, 0x20, 0x1f,
    0x8d, 0x80, 0x3c, 0x60, 0x60, 0x1f, 0x20, 0x60,
    0x7, 0x84, 0x18, 0x3, 0xee, 0x4, 0x0, 0xf3,
    0x0, 0x80, 0x78, 0x54, 0x88, 0x1, 0xe2, 0x2,
    0x0, 0xf5, 0x85, 0x0, 0x7d, 0x84, 0x1, 0xe6,
    0x51, 0x70, 0x9, 0x59, 0x8e, 0x88, 0x0, 0xf5,
    0x5, 0x80, 0x62, 0x99, 0x41, 0xc0, 0x7, 0xbd,
    0x94, 0x3, 0x3f, 0xfd, 0x82, 0x1, 0xbd, 0x8e,
    0x40, 0x3f, 0xf8, 0x0,

    /* U+4EE3 "代" */
    0x0, 0xff, 0x84, 0x3, 0xff, 0x82, 0x3e, 0xc0,
    0x17, 0x38, 0x25, 0x88, 0x7, 0xe9, 0x7, 0x0,
    0xde, 0xa, 0xfe, 0x40, 0x1e, 0x17, 0x61, 0x0,
    0x84, 0x40, 0x38, 0x58, 0x40, 0x1d, 0x41, 0x0,
    0x18, 0xcc, 0x1, 0x69, 0xb8, 0x6, 0x54, 0x71,
    0x0, 0xc2, 0x20, 0x8, 0x75, 0x40, 0x22, 0xa0,
    0xf, 0x9d, 0x5a, 0x2b, 0x3b, 0xc0, 0x3, 0x82,
    0x0, 0x4a, 0xce, 0xf4, 0x19, 0x77, 0xd0, 0x5,
    0x83, 0x40, 0x1, 0x77, 0xa1, 0x43, 0x7f, 0x6e,
    0x5c, 0x18, 0xa9, 0x0, 0xb, 0xb7, 0x2f, 0xe0,
    0x20, 0x1e, 0x4d, 0x50, 0xf, 0xce, 0xa, 0x1,
    0xf1, 0x0, 0x7f, 0x10, 0x78, 0x7, 0xff, 0x18,
    0xd0, 0x3, 0xff, 0x8c, 0x84, 0x20, 0x1f, 0xfc,
    0x5b, 0x6, 0x0, 0xb1, 0x0, 0x3f, 0xf8, 0x6,
    0x69, 0x0, 0x8c, 0x40, 0x3f, 0xf8, 0x30, 0x36,
    0x6, 0xe, 0x1, 0xff, 0xc1, 0x46, 0x4e, 0xd2,
    0x20, 0x7, 0xff, 0xa, 0x60, 0x6, 0x40, 0x3b,
    0xe0, 0x3, 0xf9, 0xfb, 0xd0, 0x0,

    /* U+4EE4 "令" */
    0x0, 0xfe, 0x19, 0x20, 0xf, 0xfe, 0x20, 0xe3,
    0x8, 0x7, 0xff, 0xc, 0x74, 0x87, 0x88, 0x3,
    0xff, 0x82, 0x78, 0x77, 0x81, 0x88, 0x1, 0xff,
    0x36, 0x1e, 0xa1, 0x61, 0x5c, 0x80, 0x7e, 0x2b,
    0x94, 0xf5, 0x90, 0x1c, 0x76, 0xd5, 0x0, 0xc3,
    0x3a, 0x93, 0x62, 0x4d, 0x60, 0x8, 0xb0, 0xac,
    0x40, 0x7, 0xb2, 0xf3, 0x0, 0x16, 0xd2, 0xc0,
    0x9, 0xae, 0x76, 0x41, 0xba, 0xa1, 0x0, 0xc9,
    0x22, 0x1, 0xa3, 0xb0, 0x80, 0xc9, 0x1d, 0xfc,
    0x3a, 0xef, 0x42, 0x9, 0x80, 0x6d, 0x88, 0xff,
    0x9f, 0xc0, 0x3d, 0x3f, 0xff, 0xd6, 0x9, 0x60,
    0x1f, 0xfc, 0x34, 0xb3, 0xb0, 0xf, 0xf2, 0xe1,
    0x80, 0x12, 0xcf, 0x0, 0x3f, 0xe1, 0x2c, 0x95,
    0xb3, 0xc0, 0xf, 0xfe, 0x2, 0x73, 0x32, 0x8f,
    0x0, 0x3f, 0xf8, 0x73, 0x62, 0x6e, 0x1, 0xff,
    0xc4, 0x4f, 0x38, 0x70, 0xf, 0xfe, 0x20, 0xe3,
    0xb8, 0x3, 0xc0,

    /* U+4EFD "份" */
    0x0, 0xc3, 0x24, 0x1, 0x10, 0x0, 0x54, 0x3,
    0xf9, 0xd8, 0x2, 0x5d, 0x30, 0x5a, 0x20, 0xf,
    0xd6, 0x64, 0x0, 0xf1, 0x30, 0x40, 0xa0, 0xf,
    0x90, 0xa4, 0x0, 0x2a, 0xc0, 0x12, 0xa8, 0x3,
    0xe9, 0x25, 0x0, 0x48, 0x48, 0x5, 0xc4, 0xa0,
    0x1c, 0xc4, 0x80, 0x2, 0x76, 0x10, 0x9, 0xe,
    0xc4, 0x2, 0x29, 0x0, 0xde, 0x30, 0x1, 0xde,
    0x34, 0x1, 0x70, 0x6, 0xb2, 0xa1, 0x0, 0xe3,
    0x84, 0xa0, 0x43, 0x91, 0x3, 0x45, 0xbf, 0xff,
    0xa9, 0xd8, 0x12, 0x98, 0x0, 0x7b, 0x71, 0x2,
    0x18, 0x88, 0xc2, 0x34, 0x0, 0xa0, 0x18, 0x85,
    0xdc, 0x8, 0xef, 0x30, 0x80, 0x80, 0x7f, 0x84,
    0xb4, 0x2, 0x17, 0x0, 0xff, 0xe0, 0x20, 0x18,
    0x4, 0xc2, 0x1, 0xff, 0xc0, 0xe0, 0x40, 0x8,
    0xcc, 0x1, 0xff, 0x22, 0x14, 0x3, 0xf, 0x0,
    0x7f, 0x8a, 0x82, 0x40, 0x23, 0x2, 0x0, 0xfe,
    0x4c, 0x16, 0x31, 0x55, 0x40, 0x20, 0x7, 0xf4,
    0x8a, 0x48, 0x2, 0xa8, 0x8e, 0x20, 0x1f, 0xd2,
    0xb6, 0x0, 0x1f, 0xfa, 0x0, 0x3e, 0xe9, 0x4,
    0xa0, 0xf, 0xfe, 0x0,

    /* U+4F4D "位" */
    0x0, 0xe4, 0x70, 0xc, 0xb8, 0x1, 0xff, 0xc0,
    0x8b, 0x0, 0xcc, 0x6a, 0x1, 0xfe, 0x43, 0x90,
    0xc, 0x63, 0xe0, 0x1f, 0xe8, 0x25, 0x12, 0x2c,
    0xd8, 0x45, 0x80, 0x39, 0x4e, 0xc2, 0xf7, 0x73,
    0xce, 0xee, 0x40, 0x8, 0x6c, 0x1c, 0x26, 0xef,
    0xfc, 0xa0, 0x15, 0x88, 0x4, 0x6a, 0x28, 0x9c,
    0x26, 0x82, 0x0, 0x75, 0x20, 0xc, 0x74, 0x80,
    0x1b, 0xe4, 0x2, 0x18, 0x4b, 0x0, 0xc4, 0x6,
    0x1, 0x9d, 0x40, 0x21, 0x9a, 0x0, 0xf1, 0xe8,
    0x6, 0x23, 0x0, 0xcc, 0x20, 0x1e, 0x67, 0x0,
    0x88, 0x34, 0x3, 0xff, 0x81, 0xa4, 0x1, 0x38,
    0x20, 0x7, 0xff, 0x0, 0x80, 0x80, 0x1a, 0x22,
    0x0, 0xff, 0xe0, 0x38, 0x38, 0x0, 0xd4, 0x3,
    0xff, 0x82, 0x40, 0x40, 0x4, 0xc0, 0xf, 0xfe,
    0x14, 0xb0, 0x18, 0x20, 0x7, 0xf9, 0x22, 0x2e,
    0x98, 0x80, 0x5c, 0x44, 0x1, 0xf1, 0xbb, 0xf9,
    0x1, 0xdf, 0x8, 0x7, 0x9f, 0xff, 0xff, 0x80,
    0x20,

    /* U+4F7F "使" */
    0x0, 0xe5, 0x60, 0xe, 0x84, 0x0, 0xff, 0xaf,
    0x0, 0x39, 0xcc, 0x3, 0xfc, 0xc3, 0x8c, 0xdc,
    0x18, 0xcd, 0xc2, 0x1, 0xa1, 0x3a, 0x67, 0x81,
    0x26, 0x79, 0x40, 0x29, 0x19, 0x8f, 0xfe, 0x8,
    0xff, 0xe4, 0x0, 0x23, 0x1, 0x1, 0x9f, 0x7,
    0x19, 0xe1, 0x0, 0x15, 0x0, 0x6c, 0xce, 0x6,
    0xcc, 0xd2, 0x3, 0xe2, 0xa0, 0x1a, 0x3f, 0xe0,
    0x8f, 0xf8, 0x40, 0xa, 0x56, 0x40, 0x1f, 0xfc,
    0x44, 0xc4, 0x0, 0xff, 0xe3, 0x18, 0x7, 0xa3,
    0xfe, 0x8, 0xff, 0x84, 0x3, 0xfa, 0xa6, 0xed,
    0x20, 0xd7, 0x7a, 0x80, 0x3f, 0x75, 0x22, 0x8,
    0x29, 0x13, 0x10, 0x7, 0xe9, 0x2a, 0xd, 0x3,
    0x0, 0xff, 0xe0, 0x95, 0x2e, 0x33, 0x0, 0x3f,
    0xf8, 0x69, 0x46, 0x1, 0xff, 0xc5, 0x5b, 0x5,
    0x6f, 0x94, 0x0, 0xff, 0x47, 0x51, 0x6d, 0x6b,
    0x32, 0xff, 0x24, 0x80, 0x3c, 0x4b, 0x78, 0x40,
    0x53, 0xf6, 0xe0, 0x44,

    /* U+5148 "先" */
    0x0, 0xfe, 0x95, 0x0, 0xff, 0xe0, 0x37, 0x90,
    0x1, 0xf0, 0x3, 0xff, 0x81, 0xa4, 0x40, 0xf,
    0xfe, 0x18, 0xa0, 0xc4, 0x42, 0xb1, 0x1e, 0x10,
    0xc, 0xc0, 0x6e, 0xf0, 0x1b, 0xbf, 0x88, 0x3,
    0x4a, 0xff, 0xe1, 0x6f, 0xff, 0x18, 0x5, 0x23,
    0x0, 0x1f, 0xfc, 0x57, 0x20, 0xf, 0xfe, 0x24,
    0xc0, 0x7, 0x8c, 0x3, 0xfb, 0xff, 0xf0, 0xaf,
    0xff, 0xd2, 0x13, 0x3c, 0x43, 0x33, 0x28, 0x44,
    0xce, 0xa0, 0x66, 0xe3, 0x46, 0x6b, 0x1, 0x9b,
    0x8c, 0x3, 0x88, 0x74, 0x3, 0xff, 0x88, 0xa0,
    0xa0, 0x1f, 0xfc, 0x31, 0x84, 0x20, 0xf, 0xe7,
    0xb0, 0x8, 0xb0, 0x24, 0x3, 0xfd, 0xcc, 0x3,
    0x1a, 0x56, 0x40, 0x1e, 0x97, 0x7e, 0xc, 0x75,
    0xd4, 0x0, 0xe7, 0x37, 0x88, 0x82, 0x43, 0xf6,
    0x88, 0x3, 0xc3, 0x9f, 0xfb, 0x8c,

    /* U+5165 "入" */
    0x0, 0xf0, 0x80, 0x7f, 0xf1, 0xf7, 0x42, 0x1,
    0xff, 0xc5, 0x92, 0xc1, 0x0, 0xff, 0xe2, 0x2d,
    0x96, 0x80, 0x7f, 0xf1, 0x52, 0x4e, 0x0, 0x3f,
    0xf8, 0xac, 0xe, 0x40, 0x1f, 0xfc, 0x43, 0x0,
    0x48, 0x7, 0xff, 0x12, 0xc1, 0x12, 0x0, 0xff,
    0xe1, 0xa8, 0xd0, 0xc0, 0x7, 0xff, 0x9, 0x9,
    0x86, 0x4d, 0x0, 0x3f, 0xf8, 0x3e, 0x14, 0xe,
    0x30, 0x1, 0xff, 0xc0, 0x34, 0x52, 0x0, 0x49,
    0xa8, 0x7, 0xfd, 0xc1, 0x0, 0x13, 0x8d, 0x88,
    0x7, 0xf4, 0x94, 0x10, 0x6, 0xb1, 0xb0, 0xf,
    0xce, 0xc6, 0xe0, 0x1c, 0xab, 0x40, 0x7, 0xa2,
    0x5, 0xa0, 0x1f, 0x59, 0x3c, 0x80, 0x45, 0x6e,
    0x78, 0x20, 0x1f, 0xf, 0x93, 0x60, 0x87, 0x23,
    0x60, 0x80, 0x7f, 0x16, 0x20, 0x88, 0x33, 0x12,
    0x1, 0xff, 0xc0, 0x1b, 0xf0,

    /* U+516C "公" */
    0x0, 0xe1, 0x0, 0xe1, 0x20, 0xf, 0xfb, 0x38,
    0x3, 0x7f, 0x0, 0x7f, 0x94, 0xa4, 0x3, 0x41,
    0xb0, 0x7, 0xf4, 0xb, 0x80, 0x66, 0x39, 0x10,
    0xf, 0x9c, 0xa0, 0x3, 0xdc, 0x1a, 0x1, 0xe3,
    0x83, 0x60, 0xf, 0x14, 0x1c, 0x80, 0x61, 0xd1,
    0xd0, 0xa, 0xc, 0x2, 0x75, 0x67, 0x0, 0xe,
    0xd, 0x8, 0x1, 0x5e, 0x40, 0x35, 0x1c, 0x40,
    0x20, 0xa5, 0x0, 0x28, 0xb, 0x0, 0xed, 0x25,
    0x19, 0xc6, 0x0, 0x9c, 0xa0, 0x40, 0x38, 0x73,
    0x2, 0x6, 0x1, 0x14, 0x13, 0x80, 0x7c, 0x22,
    0x0, 0xf4, 0x87, 0x0, 0x4f, 0xe6, 0x1, 0xfc,
    0xc8, 0xe6, 0x1, 0x30, 0xe8, 0x80, 0x7c, 0x72,
    0x70, 0x1, 0x86, 0x86, 0x80, 0x3c, 0x3a, 0x3a,
    0x1, 0xc2, 0xca, 0x8c, 0x1, 0x87, 0x4, 0xf7,
    0x37, 0xbf, 0xdd, 0xaa, 0x12, 0x40, 0x10, 0x90,
    0x18, 0xbb, 0xe8, 0x9b, 0xcb, 0xe, 0x0, 0xdb,
    0xfd, 0xb7, 0x53, 0xe, 0xc8, 0x68, 0xe6, 0x60,
    0x8, 0x80, 0x3f, 0xf8, 0x13, 0xa6, 0x0,

    /* U+5171 "共" */
    0x0, 0xe4, 0x80, 0xf, 0x42, 0x0, 0x7f, 0x8d,
    0xc4, 0x3, 0xb, 0x98, 0x7, 0xff, 0x88, 0x9d,
    0xec, 0x9, 0x77, 0xd2, 0x18, 0xef, 0x18, 0x1,
    0xa2, 0x24, 0x7, 0x88, 0xce, 0x9, 0x11, 0x20,
    0x1, 0x3f, 0xe8, 0xe, 0xff, 0xdc, 0x11, 0xff,
    0x38, 0x7, 0xff, 0xc8, 0x8b, 0x78, 0x11, 0x78,
    0x3c, 0x8b, 0x0, 0xee, 0xe7, 0xc, 0xdd, 0xd8,
    0xf, 0xbb, 0x8c, 0x6a, 0xbf, 0xf8, 0xc6, 0xa,
    0xbc, 0x2e, 0xab, 0x98, 0x55, 0x78, 0x3, 0xcd,
    0x72, 0x1, 0xa2, 0xe0, 0x3, 0xfa, 0x25, 0x2c,
    0x3, 0x5b, 0xbb, 0x4, 0x3, 0x86, 0xdd, 0xac,
    0x3, 0xd1, 0x47, 0xe6, 0x1, 0x2f, 0xa4, 0xc8,
    0x3, 0xf2, 0xe0, 0x62, 0x80, 0x1d, 0x35, 0x80,
    0x3f, 0xc7, 0xec, 0x80,

    /* U+5173 "关" */
    0x0, 0x85, 0xc0, 0x3f, 0x4a, 0x0, 0x7c, 0x71,
    0x20, 0x1e, 0x56, 0x30, 0xf, 0x89, 0xd8, 0xc0,
    0x3a, 0x9, 0xc0, 0x3f, 0x40, 0xc8, 0x6, 0x62,
    0x90, 0xf, 0x1c, 0x44, 0x47, 0x11, 0xa4, 0x72,
    0x20, 0xa0, 0x12, 0xbb, 0xc6, 0xce, 0xf8, 0x5,
    0xde, 0xc0, 0x9, 0xbf, 0xfc, 0x63, 0xff, 0xe9,
    0x0, 0xff, 0xee, 0x1b, 0xbf, 0xc4, 0x2e, 0xff,
    0x81, 0x62, 0x3e, 0x10, 0x88, 0xfa, 0x41, 0xbf,
    0xfd, 0x60, 0x5, 0xff, 0xf7, 0x0, 0x7e, 0x80,
    0x65, 0x40, 0xf, 0xfe, 0xb, 0x9b, 0x49, 0xd9,
    0x80, 0x7f, 0xd1, 0x3, 0x90, 0xd1, 0xc4, 0x0,
    0xfc, 0x58, 0xe7, 0xa0, 0x1, 0xc1, 0xb9, 0x10,
    0xc, 0x75, 0xa6, 0xf8, 0x20, 0x11, 0x7a, 0x37,
    0x49, 0x83, 0xe2, 0xb6, 0xc0, 0x7, 0x86, 0xe8,
    0x9b, 0x45, 0xe7, 0xa4, 0x80, 0x3f, 0x97, 0x73,
    0x44,

    /* U+5180 "冀" */
    0x0, 0xff, 0xe6, 0xa7, 0xa8, 0x1f, 0x98, 0x4,
    0xa8, 0x0, 0x7c, 0xcd, 0x20, 0x1c, 0x91, 0x9f,
    0x18, 0x0, 0x58, 0x8d, 0x40, 0x1d, 0x63, 0x3b,
    0xac, 0x40, 0x26, 0x71, 0x3d, 0x0, 0xe8, 0x95,
    0x20, 0xef, 0xe, 0xdd, 0x4e, 0x80, 0x63, 0x2b,
    0xff, 0xcb, 0xa1, 0xfe, 0xcf, 0x99, 0x84, 0xcd,
    0xd7, 0x55, 0x67, 0x30, 0x8, 0x66, 0xff, 0xaa,
    0x33, 0x7e, 0x26, 0x55, 0x62, 0x1, 0xd3, 0x99,
    0x85, 0xb3, 0x30, 0x80, 0x7d, 0x1f, 0xf8, 0x5f,
    0xff, 0x8, 0x7, 0xd1, 0xff, 0x85, 0xff, 0xf0,
    0x80, 0x7d, 0x1f, 0xf8, 0x5f, 0xff, 0x8, 0x7,
    0xbb, 0xe8, 0x3f, 0xfa, 0x3, 0xfd, 0x0, 0x12,
    0xff, 0xd4, 0x1f, 0xfd, 0x1, 0xff, 0x80, 0xb,
    0xdd, 0x40, 0x6f, 0x76, 0x70, 0xee, 0xc0, 0x51,
    0x33, 0x60, 0x54, 0xce, 0x30, 0x99, 0xce, 0x1,
    0xc6, 0xa8, 0x1, 0x9d, 0x40, 0x37, 0x94, 0x42,
    0xfd, 0x14, 0x26, 0x22, 0x75, 0x62, 0xd8, 0x80,
    0x4f, 0x66, 0x2b, 0x70, 0x40, 0x2b, 0xfd, 0x28,
    0xf7, 0xd, 0xd7, 0xdb, 0x10, 0x7, 0xc7, 0x1b,
    0xa5,

    /* U+5199 "写" */
    0x6f, 0xff, 0xfe, 0x23, 0x8, 0x3c, 0x41, 0xe2,
    0x3f, 0x9c, 0x4, 0x1, 0x2e, 0xf7, 0x3b, 0xfe,
    0x90, 0x0, 0x80, 0x44, 0x1e, 0x1, 0xff, 0x37,
    0x88, 0x20, 0x73, 0x37, 0xe0, 0xf7, 0x0, 0xde,
    0xf, 0x33, 0xf8, 0x80, 0x3c, 0x87, 0xff, 0xfc,
    0x60, 0x1c, 0x24, 0x80, 0x1f, 0xfc, 0x34, 0x7,
    0xff, 0xfe, 0xa0, 0xe, 0x69, 0x9f, 0xf0, 0x18,
    0x7, 0x1b, 0x37, 0xf8, 0x38, 0x2, 0x33, 0xff,
    0x84, 0x80, 0x80, 0x5, 0x99, 0xff, 0x3b, 0x3,
    0x0, 0xb, 0x77, 0xfe, 0x63, 0x3, 0x0, 0x88,
    0xbf, 0xe0, 0xb2, 0x0, 0xff, 0x89, 0x98, 0xae,
    0x6a, 0x1, 0xff, 0x14, 0xca, 0xa1, 0x20, 0x3,
    0xff, 0x81, 0xff, 0xac, 0x3, 0x0,

    /* U+51FB "击" */
    0x0, 0xfc, 0xd2, 0x1, 0xff, 0xc4, 0xc7, 0x0,
    0xff, 0xe7, 0x8c, 0x47, 0x9c, 0x62, 0x3c, 0x60,
    0x3, 0x77, 0xf1, 0x3, 0xbf, 0x94, 0x0, 0x5f,
    0xfe, 0x51, 0xff, 0xf3, 0x0, 0x7f, 0xf6, 0x6b,
    0xff, 0xe5, 0x1f, 0xff, 0xb7, 0xa2, 0x3e, 0x30,
    0x88, 0xfc, 0x8e, 0xff, 0x30, 0xbb, 0xfc, 0xa0,
    0xf, 0x80, 0xf, 0xf5, 0xe8, 0x7, 0xff, 0xfc,
    0x0, 0xff, 0xf9, 0x47, 0xff, 0x20, 0x7, 0x44,
    0x7f, 0xf0, 0x8, 0x3, 0x9d, 0xff, 0xf8, 0xc,
    0x1, 0x0,

    /* U+5207 "切" */
    0x0, 0x8c, 0x40, 0x3f, 0xf8, 0xbb, 0x20, 0x11,
    0xa2, 0x7f, 0x10, 0x7, 0xe8, 0xbb, 0xfe, 0x80,
    0xf, 0xd3, 0x98, 0x60, 0xcc, 0xc2, 0x1, 0xf8,
    0xc0, 0xcc, 0x20, 0x67, 0x80, 0xc0, 0x4, 0x2b,
    0x9f, 0x8a, 0x1, 0x8, 0x7, 0x9b, 0xf4, 0xd,
    0x67, 0x5c, 0x0, 0x26, 0x1, 0x84, 0x4b, 0x18,
    0xd, 0x2c, 0x40, 0x11, 0x8, 0x7, 0x8d, 0xcc,
    0x40, 0x3e, 0x66, 0x0, 0x77, 0x80, 0x7f, 0xc4,
    0x40, 0x8, 0x40, 0x3f, 0xf8, 0x4, 0x1a, 0x1,
    0x18, 0x8, 0x7, 0x85, 0xd8, 0x14, 0x10, 0x2,
    0x10, 0x30, 0xc, 0x53, 0xd0, 0x0, 0xa3, 0x10,
    0x9, 0xc0, 0x40, 0xa, 0x2a, 0xf1, 0xec, 0xa5,
    0x40, 0x18, 0x81, 0x80, 0x4, 0x33, 0xce, 0x3,
    0x62, 0xc0, 0x1b, 0x80, 0xc0, 0xd, 0xcc, 0x1,
    0x68, 0xd0, 0x7, 0x18, 0x88, 0x0, 0x20, 0x11,
    0xe9, 0xca, 0x1, 0xc3, 0xc2, 0x20, 0x3, 0xe5,
    0x2a, 0x60, 0x0, 0xbc, 0x39, 0xd8, 0x7, 0xcd,
    0xea, 0x1, 0x17, 0xfd, 0x82, 0x0,

    /* U+5220 "删" */
    0x0, 0xff, 0xe2, 0x98, 0x5, 0xff, 0x91, 0x1f,
    0xf8, 0xc0, 0x22, 0xc3, 0x1, 0x7, 0x90, 0x10,
    0x4, 0xc8, 0x1c, 0x14, 0x40, 0x3d, 0x6c, 0x1,
    0x99, 0x80, 0x15, 0x10, 0x7, 0xff, 0xfc, 0x3,
    0x26, 0x87, 0x60, 0x44, 0x86, 0x60, 0x25, 0x0,
    0x39, 0xd8, 0x1d, 0x41, 0x98, 0xa, 0xa0, 0x67,
    0x0, 0xe3, 0xb0, 0x99, 0x7, 0x78, 0x4c, 0x83,
    0xcc, 0x3, 0xff, 0x80, 0x20, 0x1f, 0xfc, 0x21,
    0x0, 0xc2, 0x1, 0xff, 0x10, 0x18, 0x4, 0x66,
    0x0, 0xf0, 0x80, 0x67, 0x1, 0x0, 0xb9, 0x80,
    0x3b, 0xc8, 0x3, 0x19, 0x0, 0x63, 0x20, 0xf,
    0xfa, 0xdc, 0xd4, 0x0, 0x9e, 0x8a, 0xe, 0x1,
    0xe3, 0x36, 0x5d, 0x19, 0x81, 0x3e, 0x8c, 0xc0,
    0x4a, 0x80, 0x26, 0xad, 0x1f, 0x8c, 0xe5, 0x7f,
    0x80, 0x1, 0xa9, 0x42, 0xa, 0x0, 0xe8, 0x0,
    0xf1, 0xff, 0xac, 0x0,

    /* U+524D "前" */
    0x0, 0x8d, 0x80, 0x3f, 0x3a, 0x80, 0x79, 0xa5,
    0xc0, 0x3c, 0x51, 0xe0, 0x1e, 0x55, 0x41, 0x0,
    0x74, 0x8d, 0x80, 0x4c, 0xd8, 0x82, 0xd9, 0xb4,
    0xa2, 0xbb, 0x35, 0x13, 0x33, 0x83, 0x4c, 0xe6,
    0x4, 0x99, 0xa3, 0xbf, 0xff, 0xf8, 0x57, 0x9c,
    0xd, 0x33, 0xe5, 0x0, 0x18, 0x80, 0x26, 0x40,
    0xd, 0x64, 0x4c, 0xde, 0x0, 0xd6, 0x0, 0xf9,
    0x37, 0x71, 0x0, 0x7f, 0xf0, 0x1c, 0x8b, 0x0,
    0x7f, 0xf0, 0x4f, 0x77, 0x10, 0x7, 0xff, 0x1,
    0x3f, 0xf1, 0x0, 0x7f, 0xf4, 0x93, 0xff, 0x10,
    0x7, 0xff, 0x0, 0xf3, 0x31, 0x0, 0x7f, 0xf0,
    0x1c, 0xcf, 0x0, 0x6e, 0x70, 0xf, 0xe1, 0x44,
    0x18, 0x6, 0x55, 0x31, 0x98, 0x3, 0xd7, 0x60,
    0xe0, 0xb, 0x6a, 0x4e, 0x80, 0x17, 0x60, 0x1f,
    0xf7, 0x20, 0x5, 0x1f, 0xed, 0x30,

    /* U+52A0 "加" */
    0x0, 0xd0, 0x60, 0x1f, 0xfc, 0x41, 0x76, 0x0,
    0xff, 0xe6, 0x12, 0xaf, 0x88, 0x2, 0x30, 0xf,
    0xae, 0xab, 0xca, 0x1f, 0xed, 0xa, 0xff, 0xb0,
    0x0, 0x3b, 0xb8, 0x2, 0x98, 0x70, 0x68, 0x81,
    0x0, 0x62, 0x2c, 0x1, 0x33, 0xd8, 0x6b, 0xbc,
    0x1, 0xff, 0xc3, 0x70, 0x0, 0xb8, 0x7, 0xff,
    0x1, 0xc0, 0x40, 0x3f, 0xf8, 0x84, 0x4, 0x0,
    0x70, 0xf, 0xfe, 0xf, 0x8, 0x6, 0x10, 0xf,
    0xfe, 0x1, 0xa8, 0x4, 0x20, 0x1f, 0xfc, 0x15,
    0x30, 0xc, 0x60, 0x1f, 0xf1, 0x8e, 0x0, 0x44,
    0x20, 0x1f, 0xf5, 0x82, 0x0, 0x6f, 0x0, 0xff,
    0xb, 0xb0, 0x4, 0x60, 0x40, 0x1, 0x77, 0xc0,
    0x14, 0x4, 0xc, 0x43, 0xc1, 0xc0, 0x28, 0x8c,
    0x0, 0x26, 0x91, 0x12, 0xb9, 0x41, 0x0, 0x7,
    0xff, 0x0, 0xb, 0x98, 0x1, 0xbf, 0xce, 0x0,
    0x9e, 0x0, 0xde, 0xe0,

    /* U+52A8 "动" */
    0x0, 0xff, 0xe0, 0x31, 0x80, 0x71, 0x17, 0xc2,
    0x1, 0x4d, 0x80, 0x63, 0xdd, 0xfa, 0x40, 0x3f,
    0x8f, 0x33, 0xe9, 0x0, 0xde, 0x1, 0xc6, 0x7f,
    0x9, 0x14, 0x1c, 0x44, 0x32, 0x0, 0xfe, 0xfd,
    0xd0, 0x36, 0xeb, 0x25, 0x9b, 0xf2, 0xf5, 0xd0,
    0x3d, 0xd8, 0x86, 0x26, 0x7e, 0x83, 0x47, 0xc,
    0x44, 0x0, 0x3b, 0xec, 0x2f, 0xfe, 0xd0, 0x3,
    0x3, 0x80, 0xc, 0xc0, 0xc, 0x4, 0x2, 0x10,
    0x8, 0x80, 0x80, 0x21, 0x0, 0x22, 0x0, 0x1f,
    0x0, 0x17, 0x80, 0x80, 0x4, 0x0, 0x47, 0xc0,
    0xb, 0x60, 0x9, 0x50, 0x3, 0x78, 0x28, 0x28,
    0x1, 0xc1, 0x40, 0x4c, 0xc0, 0x1, 0x1, 0xa,
    0x45, 0x8c, 0xe0, 0xe0, 0x70, 0xb0, 0x1, 0x81,
    0xb1, 0x25, 0x22, 0xd4, 0x20, 0xd9, 0x18, 0x1,
    0x81, 0x81, 0xaf, 0xf2, 0x55, 0xf1, 0x8a, 0xc0,
    0x23, 0x2, 0x69, 0x40, 0xf, 0x41, 0xb3, 0x1d,
    0xd2, 0x42, 0x1, 0xf9, 0x47, 0x43, 0xe2, 0x7,
    0x20, 0x1f, 0xcd, 0xc2, 0x13, 0xfe, 0xd4, 0x0,

    /* U+5319 "匙" */
    0x0, 0xff, 0xe0, 0x31, 0x0, 0x7e, 0xff, 0xfc,
    0x63, 0x2e, 0x1, 0xfd, 0x3f, 0xfb, 0x0, 0x3f,
    0xf8, 0x42, 0x67, 0x98, 0x3, 0xff, 0x85, 0x3d,
    0xda, 0xc0, 0x3e, 0x4d, 0x40, 0xd, 0x7b, 0xbb,
    0x0, 0x39, 0x2e, 0xcc, 0xc0, 0xd, 0x5f, 0xfb,
    0x40, 0x35, 0xd8, 0x72, 0xc8, 0x2, 0xdd, 0xfc,
    0x60, 0x4, 0xea, 0x30, 0xc, 0xae, 0xff, 0x94,
    0x1, 0xe2, 0x1, 0xc3, 0x55, 0xfe, 0x30, 0xf,
    0xc3, 0xff, 0xa0, 0x3f, 0xf1, 0x80, 0x7f, 0xa6,
    0xc0, 0x3f, 0xf8, 0x24, 0xe0, 0x11, 0x8, 0x5,
    0x99, 0x40, 0x7, 0x86, 0x4, 0x0, 0xc2, 0x1,
    0x5d, 0xda, 0x21, 0xea, 0xb4, 0x80, 0x80, 0x9,
    0x10, 0x0, 0x77, 0x94, 0x1d, 0x6a, 0xa5, 0x80,
    0x2, 0x84, 0x5d, 0x80, 0x3d, 0x1f, 0xfc, 0xe0,
    0x9, 0x37, 0xa2, 0xa, 0x86, 0x55, 0xfe, 0x12,
    0x38, 0x5, 0xe9, 0x5, 0x8a, 0xaf, 0xd6, 0x25,
    0xa8, 0x1, 0x35, 0x6f, 0x7f, 0xfe, 0xe0,

    /* U+5355 "单" */
    0x0, 0xe8, 0x20, 0xf, 0xc, 0x90, 0x7, 0xe4,
    0xf1, 0x0, 0xe8, 0x61, 0x0, 0xfd, 0xc5, 0x60,
    0x18, 0x99, 0x86, 0x1, 0xe5, 0x53, 0xa3, 0xaa,
    0xef, 0xf, 0x55, 0x0, 0x75, 0x54, 0x85, 0x55,
    0x88, 0x26, 0xa8, 0x20, 0x1d, 0x3f, 0xf8, 0x5b,
    0xff, 0x40, 0x7, 0xff, 0x3a, 0x7f, 0xf0, 0xb7,
    0xfe, 0x80, 0xf, 0x9a, 0xef, 0x2, 0x5d, 0xe6,
    0x0, 0xfb, 0xd1, 0x30, 0x92, 0x26, 0xe0, 0xf,
    0xb1, 0x57, 0xa, 0xaf, 0x68, 0x7, 0x85, 0x2e,
    0xf0, 0x1d, 0xde, 0x41, 0x0, 0xee, 0xef, 0xb,
    0x77, 0x78, 0x40, 0xc, 0xdf, 0x85, 0x59, 0xbe,
    0x50, 0x99, 0xfc, 0x7, 0x33, 0xf5, 0x87, 0xff,
    0xe1, 0x6f, 0xff, 0xb8, 0x3, 0xff, 0xda,

    /* U+53CB "友" */
    0x0, 0xf0, 0xeb, 0x0, 0x7f, 0xf1, 0x88, 0x3,
    0xff, 0x8c, 0x40, 0x60, 0x1f, 0xfc, 0x2, 0x77,
    0xd4, 0x18, 0xef, 0xfc, 0xc0, 0x4, 0x88, 0xcc,
    0xd, 0x11, 0xfe, 0x0, 0x37, 0xfe, 0x70, 0xff,
    0xff, 0x70, 0x7, 0xc6, 0x40, 0x1f, 0xfc, 0x64,
    0x15, 0x5f, 0x98, 0x40, 0x3f, 0x18, 0x1d, 0x57,
    0xd3, 0x0, 0x1f, 0x90, 0x1, 0x5d, 0xdd, 0x1,
    0xa0, 0x1f, 0xa8, 0xd2, 0x44, 0x7a, 0x89, 0x0,
    0x3e, 0x32, 0xb8, 0x37, 0x0, 0x9c, 0xa0, 0x3,
    0xf4, 0x83, 0x1b, 0xc2, 0x1, 0xc2, 0x28, 0x7,
    0xc6, 0xac, 0x21, 0x9, 0x6d, 0xa5, 0x40, 0x1f,
    0xb8, 0x60, 0x2, 0xb2, 0x91, 0xf1, 0x0, 0xfa,
    0x4a, 0x4, 0x0, 0x34, 0x42, 0x1e, 0xa0, 0x1e,
    0x96, 0x56, 0x3, 0xae, 0x58, 0xeb, 0xa, 0xd8,
    0x30, 0xb, 0x56, 0x83, 0x71, 0x1f, 0x9c, 0x13,
    0x69, 0x9f, 0x38, 0x41, 0x28, 0x1, 0x15, 0xd0,
    0x20, 0x19, 0x6f, 0xaa, 0xc4,

    /* U+53CC "双" */
    0x3, 0x44, 0xf1, 0x82, 0x27, 0xe0, 0xb, 0xae,
    0xfd, 0x81, 0x77, 0xf9, 0x80, 0x1f, 0x99, 0xc6,
    0x40, 0xe1, 0x99, 0xa4, 0x8, 0x0, 0x46, 0x7c,
    0x4c, 0x18, 0x2, 0x67, 0x0, 0x14, 0x0, 0x2e,
    0x1, 0x8, 0x8c, 0x14, 0x1c, 0x2, 0xf1, 0x10,
    0x1, 0x22, 0x0, 0x5, 0xd, 0x1, 0x16, 0x0,
    0x4e, 0x80, 0x12, 0xbb, 0x94, 0x30, 0x10, 0x0,
    0x88, 0x0, 0x10, 0xe0, 0x6, 0x83, 0xa2, 0x52,
    0x10, 0x6, 0x10, 0x85, 0x3, 0x80, 0x76, 0x8f,
    0x92, 0x80, 0x4e, 0xe, 0xc, 0x82, 0x1, 0xc3,
    0x64, 0x14, 0x1, 0x9, 0xd3, 0x8f, 0x80, 0x7c,
    0xa0, 0x6, 0x0, 0xd4, 0x70, 0x68, 0x1, 0xf3,
    0x0, 0x28, 0x40, 0x26, 0x0, 0x78, 0x7, 0xc3,
    0x5, 0x43, 0x0, 0x12, 0x80, 0x1c, 0x3, 0xeb,
    0x19, 0x53, 0x62, 0x4, 0xa3, 0x2a, 0x10, 0xe,
    0x65, 0x64, 0x8, 0x62, 0x4b, 0x2d, 0xe1, 0xd1,
    0x0, 0x96, 0x4e, 0x40, 0x9, 0x31, 0x65, 0x82,
    0x74, 0x78, 0x60, 0x54, 0x5a, 0x1, 0xa9, 0xd7,
    0x44, 0x0, 0xb4, 0x58, 0x25, 0x78, 0x20, 0x1a,
    0xed, 0x40, 0x1c, 0xbb, 0x62,

    /* U+53D1 "发" */
    0x0, 0xc2, 0x1, 0xb1, 0xc0, 0x25, 0x0, 0xfe,
    0xaf, 0x0, 0x9, 0xf0, 0x0, 0xea, 0x80, 0x1f,
    0xa, 0x30, 0x1, 0x43, 0x80, 0x7, 0x4b, 0x0,
    0x1e, 0x60, 0xa0, 0x1, 0x81, 0x80, 0x4b, 0xa,
    0x1, 0xc3, 0x24, 0x6, 0x6c, 0x0, 0x19, 0xe4,
    0x93, 0x20, 0x9, 0xc4, 0xb3, 0x24, 0xb, 0xcc,
    0xeb, 0xc8, 0x0, 0x9e, 0xb3, 0x29, 0x6, 0xcc,
    0xfd, 0x0, 0x10, 0xa9, 0x9d, 0xe1, 0x46, 0x7f,
    0x88, 0x3, 0xf3, 0x82, 0x3b, 0xf4, 0x20, 0x7,
    0xf3, 0x88, 0x44, 0x79, 0xfc, 0x3, 0xfa, 0x40,
    0xbf, 0xfa, 0x43, 0x80, 0x3f, 0x48, 0xc1, 0x40,
    0x6, 0x82, 0x50, 0xf, 0x95, 0x91, 0xe1, 0xd0,
    0x1, 0x43, 0xc0, 0x1f, 0x25, 0xd, 0x3, 0xa5,
    0x9c, 0xac, 0x18, 0x7, 0x96, 0xc7, 0x4, 0x1,
    0x67, 0x8c, 0xee, 0x0, 0xf4, 0xd0, 0xe1, 0x0,
    0x48, 0x20, 0x3, 0x20, 0xf, 0x2a, 0x79, 0x0,
    0x17, 0x2c, 0x72, 0x53, 0x69, 0x0, 0x36, 0x58,
    0x84, 0xf5, 0xd, 0x61, 0xb7, 0x3a, 0x5f, 0xd8,
    0x80, 0x77, 0xb6, 0x6a, 0x80, 0x43, 0x1d, 0x6d,
    0x82,

    /* U+53D6 "取" */
    0xd, 0xdf, 0xe0, 0xf, 0xf9, 0xc, 0xc8, 0x91,
    0x2, 0x3b, 0xfe, 0x30, 0x4, 0xaa, 0xa6, 0x61,
    0x49, 0xa8, 0x8f, 0x90, 0x3, 0xfe, 0xd3, 0x7f,
    0xfb, 0x80, 0x80, 0x32, 0x77, 0x42, 0x1, 0x31,
    0x80, 0x4a, 0xe, 0x1, 0x8a, 0x22, 0x0, 0xd8,
    0xa0, 0x16, 0x1, 0x0, 0x66, 0x6c, 0x20, 0x12,
    0x89, 0x0, 0x11, 0x0, 0x1f, 0xfc, 0x13, 0x4,
    0x1, 0x3c, 0x0, 0xe6, 0x55, 0x80, 0x39, 0x34,
    0x1c, 0x18, 0x3, 0x8a, 0xaa, 0x10, 0xd, 0xa8,
    0x34, 0x62, 0x1, 0xc9, 0xff, 0x8, 0x6, 0x70,
    0xb3, 0x90, 0xf, 0xfe, 0x18, 0xaa, 0x85, 0x40,
    0x3f, 0x9, 0x82, 0x5a, 0x0, 0x30, 0x1c, 0x3,
    0xb, 0xb2, 0x77, 0x30, 0x4c, 0x58, 0x6, 0x1,
    0x84, 0x3, 0x41, 0xa3, 0x56, 0xb, 0xd1, 0x6,
    0x8d, 0x8e, 0x80, 0x43, 0xdc, 0xb8, 0x53, 0x0,
    0xd6, 0x76, 0x96, 0x76, 0x1, 0x8, 0x7, 0xc3,
    0x89, 0x48, 0xb, 0x29, 0xa2, 0x1, 0xfc, 0x21,
    0x6a, 0x1, 0x35, 0xa8, 0x80, 0x7d, 0xd2, 0x18,
    0x80, 0x1c, 0x90, 0x0,

    /* U+53EF "可" */
    0x46, 0x6f, 0xfe, 0x28, 0x7c, 0xcf, 0xff, 0x14,
    0x6b, 0xbb, 0xff, 0x82, 0x9, 0xdc, 0x11, 0xff,
    0xe3, 0x80, 0x7f, 0xf2, 0xa7, 0xff, 0xe8, 0x0,
    0xff, 0x18, 0xc4, 0x70, 0x8, 0x7, 0xfc, 0x6e,
    0xfc, 0x20, 0x1f, 0xff, 0x92, 0xff, 0xe1, 0x0,
    0xff, 0xe0, 0xb, 0xbf, 0xb4, 0x3, 0xfe, 0x38,
    0x8f, 0x20, 0x7, 0xfa, 0xb0, 0x3, 0xff, 0x8c,
    0x20, 0x1f, 0xfc, 0xd9, 0x88, 0x48, 0x98, 0x7,
    0xff, 0x4, 0x9d, 0xcc, 0x76, 0x1, 0xff, 0xc1,
    0xbf, 0xfb, 0x8, 0x2,

    /* U+53F8 "司" */
    0x17, 0x7f, 0xfe, 0x14, 0x29, 0x44, 0x7f, 0xf0,
    0x9e, 0x4f, 0xff, 0xff, 0x84, 0x60, 0x1f, 0xfc,
    0x61, 0xff, 0xff, 0xb8, 0x3, 0xd, 0x57, 0xfd,
    0x60, 0x1c, 0xab, 0xff, 0xc0, 0x0, 0xf2, 0xb3,
    0x7e, 0x30, 0xf, 0xa2, 0x67, 0xf5, 0x0, 0x7e,
    0x5f, 0xff, 0x8, 0x7, 0xff, 0x7d, 0x9b, 0xe1,
    0x0, 0xfe, 0x39, 0x9f, 0x0, 0x80, 0x7e, 0x5f,
    0xff, 0xa0, 0x3, 0xe8, 0xe0, 0xf, 0x8a, 0x66,
    0x27, 0x0, 0x2a, 0x0, 0x7c, 0x4c, 0xd1, 0xf8,
    0x7, 0xff, 0x3, 0xfe, 0xd4,

    /* U+5409 "吉" */
    0x0, 0xfd, 0x6e, 0x1, 0xff, 0xc4, 0x4e, 0x0,
    0xff, 0xe7, 0x6f, 0xff, 0xc0, 0xdf, 0xff, 0x4c,
    0x4c, 0xfc, 0x7, 0x33, 0xf5, 0x2b, 0x37, 0xc0,
    0xac, 0xdf, 0x18, 0x7, 0xff, 0x1d, 0xee, 0xfc,
    0xf, 0x77, 0xe6, 0x0, 0xfe, 0x45, 0x0, 0xfe,
    0x7b, 0xbf, 0xfe, 0x13, 0x0, 0x7f, 0xf2, 0x63,
    0xff, 0xff, 0x81, 0x20, 0x1e, 0x99, 0xff, 0x1,
    0x80, 0x79, 0x9b, 0xfc, 0x1, 0xff, 0xe0, 0x66,
    0xff, 0x0, 0x7e, 0x99, 0xff, 0x0, 0x7e, 0xff,
    0xff, 0x0, 0x60,

    /* U+540E "后" */
    0x0, 0xff, 0xe1, 0x1b, 0x40, 0x7, 0xc2, 0x46,
    0xad, 0x15, 0x9d, 0xf9, 0x2c, 0xe0, 0x1d, 0x9d,
    0xb9, 0x52, 0xac, 0xd4, 0xe7, 0x71, 0xc0, 0x3c,
    0x59, 0xbf, 0xed, 0xca, 0x86, 0x31, 0x0, 0xfc,
    0x26, 0x40, 0x1f, 0xfc, 0x51, 0x44, 0xff, 0xe1,
    0x8, 0x6, 0x2b, 0xbf, 0xfe, 0x12, 0x80, 0x62,
    0xcc, 0xff, 0xe1, 0x20, 0x6, 0x63, 0x3f, 0xfe,
    0x10, 0x6, 0x10, 0xf, 0xfe, 0x39, 0x88, 0x47,
    0xff, 0xfb, 0x0, 0x38, 0x48, 0x2, 0x88, 0xfc,
    0x42, 0x1, 0x8c, 0x38, 0x2, 0x77, 0xfc, 0xc0,
    0x1c, 0xa0, 0xa0, 0x1f, 0xfc, 0x5c, 0x3, 0x0,
    0xff, 0xe2, 0xa, 0x98, 0x7, 0xff, 0x16, 0x42,
    0x80, 0x37, 0xff, 0xe4, 0x0, 0xcc, 0xe, 0x1,
    0xa2, 0x3f, 0x10, 0x6, 0xa8, 0x10, 0xc, 0xef,
    0xf9, 0x80, 0x32, 0x38, 0x5, 0x1e, 0x1, 0xfa,
    0xf4, 0x0,

    /* U+56DE "回" */
    0x8f, 0xff, 0xfe, 0x23, 0x0, 0x1d, 0xff, 0xf8,
    0x2c, 0x1, 0xa2, 0x3f, 0xf8, 0x34, 0x1, 0xff,
    0xcd, 0x55, 0xf8, 0xc0, 0x3f, 0x8a, 0xab, 0xf0,
    0x7, 0xfd, 0x7f, 0xf8, 0x40, 0x3f, 0xfe, 0xda,
    0xcd, 0x84, 0x3, 0xfc, 0x60, 0xd3, 0x38, 0x4,
    0x3, 0xf8, 0x7f, 0xfe, 0x80, 0xf, 0xfe, 0xff,
    0xff, 0xff, 0x7, 0x0, 0x34, 0x47, 0xff, 0x5,
    0x80, 0x33, 0xbf, 0xff, 0x6, 0x80, 0x0,

    /* U+5728 "在" */
    0x0, 0xf8, 0x98, 0x40, 0x3f, 0xf8, 0x8b, 0x26,
    0x1, 0xff, 0xc4, 0xa3, 0x20, 0xf, 0xf2, 0x3b,
    0xe8, 0x20, 0x77, 0xff, 0x6, 0xc4, 0x67, 0x3,
    0x88, 0xfe, 0x90, 0x9f, 0xfb, 0x1, 0xff, 0xf6,
    0x77, 0xfe, 0xe0, 0xe, 0xf1, 0x90, 0xd, 0x8c,
    0x1, 0xfc, 0xc7, 0x2, 0x1, 0xff, 0xc2, 0x39,
    0x36, 0x0, 0xff, 0xe1, 0xf, 0x5, 0x1, 0xaa,
    0xcc, 0x1a, 0xab, 0x80, 0x5, 0x84, 0x1, 0x5d,
    0x55, 0x20, 0xb5, 0x58, 0x1, 0x87, 0x60, 0x14,
    0x7f, 0xdc, 0x11, 0xff, 0x80, 0x17, 0x8a, 0x1,
    0xf0, 0x80, 0x7e, 0x52, 0x0, 0xff, 0xf8, 0x88,
    0xe2, 0xf, 0x11, 0xe0, 0xf, 0x2f, 0x76, 0xd0,
    0x7e, 0xed, 0xe0,

    /* U+578B "型" */
    0x0, 0xff, 0xe2, 0x2d, 0x0, 0x6f, 0xff, 0xe0,
    0x3a, 0x0, 0x6a, 0x0, 0x6a, 0x90, 0x7a, 0x70,
    0x8a, 0x7, 0x51, 0x0, 0xf9, 0x5c, 0x31, 0x6c,
    0x11, 0x40, 0x3f, 0xfa, 0x53, 0xde, 0x15, 0xda,
    0x1b, 0xcc, 0x1, 0xfd, 0xb2, 0xe0, 0xd2, 0xe0,
    0xd2, 0xa0, 0x1f, 0xc8, 0xe2, 0x10, 0xf4, 0x16,
    0xe6, 0x1, 0xfe, 0x16, 0x60, 0x7, 0xc9, 0xe2,
    0x1, 0xe1, 0xd0, 0x80, 0xf, 0xc4, 0xca, 0x60,
    0x19, 0x8b, 0x44, 0x0, 0x29, 0x72, 0x0, 0x29,
    0xa6, 0x90, 0x9, 0xf8, 0xc0, 0x22, 0xb2, 0x70,
    0xb, 0xfd, 0xae, 0x1, 0xcc, 0xdf, 0xb, 0x37,
    0x80, 0x3d, 0x33, 0xe3, 0x9, 0x9e, 0x80, 0xf,
    0x7f, 0xf9, 0x47, 0xff, 0xb8, 0x3, 0xff, 0x99,
    0x77, 0xf9, 0x6, 0xef, 0xf0, 0x7, 0xf9, 0x50,
    0x3, 0xf8,

    /* U+586B "填" */
    0x0, 0xa1, 0x0, 0x3e, 0xa8, 0x0, 0xfe, 0x6c,
    0x0, 0xf9, 0x44, 0x3, 0xff, 0x82, 0x9f, 0xf8,
    0x1b, 0xff, 0x68, 0x7, 0xe5, 0xbb, 0xa0, 0x2a,
    0xef, 0x70, 0x7, 0xe1, 0x56, 0x67, 0x8b, 0xb3,
    0x48, 0x60, 0x59, 0x81, 0x6c, 0x90, 0x9d, 0xc6,
    0xc, 0xcb, 0x58, 0x0, 0x6a, 0xa0, 0x25, 0xe0,
    0x1, 0x77, 0x78, 0x3, 0xc, 0xc8, 0x52, 0x5c,
    0x0, 0x5d, 0xde, 0x0, 0xff, 0xe0, 0x97, 0x77,
    0x80, 0x3f, 0xf8, 0x25, 0xdd, 0xe0, 0xf, 0xfe,
    0x9, 0x77, 0x78, 0x3, 0xff, 0x82, 0x5d, 0xde,
    0x0, 0xfc, 0x55, 0x40, 0x1, 0x77, 0x78, 0x3,
    0x85, 0xc5, 0x54, 0xe, 0x66, 0x77, 0xf0, 0x63,
    0x89, 0x74, 0x14, 0xff, 0x53, 0x1d, 0x57, 0x89,
    0xe8, 0xc9, 0xaf, 0x58, 0x13, 0x75, 0xc0, 0xbb,
    0xa7, 0x1e, 0xdd, 0x10, 0x4a, 0x0, 0x61, 0x9c,
    0xa, 0x0, 0x43, 0xe4, 0x80, 0x7e, 0x3f, 0x68,
    0xd2, 0x0, 0x15, 0xcb, 0x58, 0x7, 0xc7, 0x1c,
    0xe0, 0x1e, 0x6c, 0x90,

    /* U+5904 "处" */
    0x0, 0xce, 0xc0, 0x1e, 0x8b, 0x0, 0xff, 0x4e,
    0x80, 0x78, 0xd4, 0x3, 0xf8, 0x44, 0x60, 0x1f,
    0xfc, 0x54, 0x4, 0xaa, 0xa4, 0x3, 0xff, 0x83,
    0x80, 0x6, 0x62, 0x30, 0x7, 0xff, 0x5, 0x11,
    0x99, 0x28, 0x80, 0x43, 0x40, 0x1f, 0x19, 0x18,
    0x4, 0xca, 0x1, 0x96, 0x80, 0x3d, 0x40, 0x40,
    0x1, 0x2c, 0x0, 0x86, 0x96, 0x0, 0x30, 0xb1,
    0x28, 0x1, 0x1, 0x0, 0x32, 0xbb, 0x94, 0x2,
    0xb0, 0xf0, 0x50, 0xf1, 0x30, 0xe, 0x83, 0xa2,
    0x0, 0x64, 0x92, 0x70, 0xab, 0x80, 0x7d, 0xa0,
    0xa0, 0x6, 0x60, 0x7a, 0x50, 0x58, 0x7, 0xc3,
    0xce, 0x1, 0xc8, 0x68, 0x82, 0x0, 0xfc, 0x20,
    0x1f, 0x38, 0x7, 0xff, 0x1a, 0x10, 0xd2, 0xc4,
    0x0, 0x20, 0x1f, 0xe7, 0x72, 0x64, 0xa7, 0xb8,
    0xd7, 0x0, 0x7c, 0x35, 0x9, 0x60, 0xd8, 0x51,
    0xdb, 0x73, 0x11, 0x84, 0x5e, 0xad, 0x60, 0x11,
    0xe6, 0x1d, 0x9a, 0x77, 0x94, 0x45, 0x57, 0x20,
    0x1e, 0x38, 0xbd, 0xff, 0xda, 0x0,

    /* U+5907 "备" */
    0x0, 0xfa, 0xdc, 0x3, 0xff, 0x8b, 0x48, 0x62,
    0x3e, 0x0, 0xff, 0x4a, 0x85, 0xf7, 0x7b, 0x40,
    0x3e, 0x1b, 0x62, 0xcc, 0xeb, 0x20, 0x80, 0xf,
    0x2f, 0xa3, 0x94, 0x11, 0x98, 0x60, 0xa9, 0x40,
    0x38, 0xad, 0x7a, 0x2d, 0x7d, 0xa3, 0x4b, 0x14,
    0x3, 0xc5, 0xf6, 0x20, 0x9a, 0x32, 0xe3, 0xa6,
    0x1, 0xf8, 0x40, 0xdf, 0x30, 0x2c, 0xc1, 0xcd,
    0x95, 0x10, 0x8, 0xa7, 0x3f, 0x21, 0xeb, 0xa6,
    0x5f, 0x4e, 0xea, 0xef, 0xc2, 0x22, 0xba, 0x35,
    0x70, 0x2a, 0xe0, 0xfb, 0x87, 0x75, 0x90, 0x65,
    0x93, 0x55, 0x7f, 0xa0, 0x21, 0xc0, 0x3d, 0xff,
    0x85, 0xbf, 0xed, 0x0, 0xff, 0xe9, 0x7f, 0xe1,
    0x6f, 0xfb, 0x40, 0x3f, 0xd7, 0x78, 0x12, 0xee,
    0x90, 0xf, 0xf2, 0x26, 0x12, 0x44, 0xc0, 0x1f,
    0xe9, 0x9c, 0x29, 0x33, 0x40, 0x7, 0xf8, 0x8b,
    0x23, 0x11, 0x4c, 0x1, 0xfe, 0xbb, 0xfe, 0xe0,
    0xf, 0xd3, 0xe0, 0x1f, 0xc5, 0xf0, 0x1, 0x0,

    /* U+5B50 "子" */
    0x0, 0x3b, 0xff, 0xf0, 0x54, 0x3, 0xa2, 0x3f,
    0xf8, 0x34, 0x40, 0x1b, 0xff, 0xfd, 0x20, 0x38,
    0x40, 0x1f, 0xfc, 0x1, 0xa9, 0x4f, 0x30, 0xf,
    0xfe, 0x3, 0x7a, 0xcd, 0x88, 0x7, 0xff, 0x2,
    0xa5, 0xf9, 0x80, 0x3f, 0xf8, 0x63, 0x22, 0x1,
    0xff, 0xce, 0xef, 0xff, 0x94, 0x7f, 0xff, 0xb,
    0x3b, 0xfc, 0x40, 0xef, 0xf8, 0x22, 0x3f, 0x38,
    0xc4, 0x7e, 0x10, 0xf, 0xff, 0xf8, 0x7, 0xff,
    0x31, 0x5d, 0xf0, 0x7, 0xff, 0xe, 0x22, 0xb,
    0x0, 0xff, 0xe0, 0xaf, 0xfd, 0xaa, 0x1, 0xfc,

    /* U+5B57 "字" */
    0x0, 0xf8, 0xe4, 0x40, 0x3f, 0xf8, 0x62, 0xd6,
    0x1, 0xf8, 0xe2, 0x3d, 0x44, 0xb1, 0x1f, 0x1a,
    0xbb, 0xfc, 0x40, 0xef, 0xf2, 0x0, 0x3b, 0xff,
    0xff, 0x81, 0xc0, 0x1f, 0xfc, 0x82, 0x51, 0x2f,
    0xff, 0xf2, 0x8a, 0x9a, 0x50, 0x1c, 0xcf, 0xc8,
    0x4, 0x81, 0x48, 0x1, 0xb, 0x37, 0x3f, 0xa3,
    0x68, 0x80, 0x7f, 0xcf, 0xe9, 0x72, 0x1, 0xff,
    0xc1, 0x95, 0xd4, 0x0, 0xf6, 0x7f, 0xfc, 0x29,
    0xff, 0xf3, 0xcc, 0x47, 0xc0, 0x51, 0x1f, 0x22,
    0xbb, 0xfc, 0x2e, 0xff, 0x8c, 0x3, 0xff, 0xde,
    0xec, 0xe2, 0x1, 0xff, 0xc2, 0xc9, 0x82, 0x90,
    0xf, 0xfe, 0xd, 0xff, 0xb4, 0xc0, 0x3f, 0x0,

    /* U+5B81 "宁" */
    0x0, 0xf8, 0xb5, 0x0, 0x3f, 0xf8, 0x64, 0x12,
    0x1, 0xff, 0xc4, 0xb1, 0x10, 0x7, 0xef, 0xff,
    0xa4, 0xfb, 0xff, 0xc2, 0x0, 0x47, 0x7f, 0xfe,
    0x2, 0x0, 0x6c, 0x88, 0xff, 0xe0, 0x60, 0x4,
    0x22, 0x0, 0xff, 0xe0, 0x8, 0x80, 0x1c, 0xc0,
    0x1f, 0xfc, 0x6, 0xe1, 0x6a, 0xaf, 0xfe, 0x22,
    0xf3, 0xbf, 0xca, 0x8e, 0xff, 0x1c, 0x6e, 0xfc,
    0x2f, 0xbb, 0xf3, 0x0, 0x7f, 0xff, 0xc0, 0x3f,
    0xf8, 0xe9, 0xf, 0x2, 0x1, 0xff, 0xc2, 0x78,
    0x72, 0xa0, 0xf, 0xfe, 0x2, 0x7f, 0xda, 0x60,
    0x1f, 0x80,

    /* U+5B8C "完" */
    0x0, 0xfc, 0xf8, 0x1, 0xff, 0xc6, 0x33, 0x38,
    0x7, 0xf8, 0xdd, 0xfc, 0x61, 0x2e, 0xff, 0x0,
    0x4b, 0x11, 0xf0, 0xc, 0x47, 0xc2, 0x1, 0xbb,
    0xff, 0xff, 0x81, 0x0, 0x1f, 0xfc, 0xfb, 0xff,
    0xff, 0x10, 0x7, 0x37, 0x8f, 0xcc, 0xff, 0x89,
    0xfc, 0x40, 0x39, 0x19, 0xbf, 0xc0, 0x1e, 0x56,
    0x6f, 0xfe, 0x22, 0x80, 0x2e, 0x67, 0xff, 0x89,
    0x0, 0xe, 0xff, 0xc4, 0x9f, 0xf2, 0x1f, 0xff,
    0x68, 0x7, 0xc4, 0x40, 0xf, 0xfe, 0x29, 0x7,
    0x80, 0x7f, 0xf1, 0x6c, 0x10, 0x3, 0xf9, 0xa4,
    0x3, 0x99, 0xa2, 0x0, 0xfe, 0xf6, 0x0, 0x96,
    0xe5, 0x24, 0x3, 0x89, 0x9b, 0x20, 0x80, 0x32,
    0x9e, 0xac, 0x3, 0xbc, 0x26, 0x71, 0xd8, 0x3,
    0xb9, 0x8a, 0x1, 0xe4, 0xef, 0xfd, 0xca, 0x0,

    /* U+5B9A "定" */
    0x0, 0xfc, 0x56, 0x60, 0x1f, 0xfc, 0x52, 0x58,
    0x0, 0xff, 0x13, 0xbf, 0xc6, 0x90, 0xef, 0xe3,
    0x0, 0x3c, 0x47, 0xc4, 0xf, 0x11, 0xe4, 0x0,
    0xdb, 0xff, 0xff, 0xc0, 0xe0, 0xf, 0xfe, 0x68,
    0x9b, 0xd5, 0x7f, 0xa4, 0x4, 0x40, 0x5, 0xe1,
    0xe7, 0x7c, 0xaa, 0x77, 0xca, 0x3c, 0xc0, 0x1d,
    0x3b, 0xb8, 0xcd, 0xbb, 0xb0, 0x3, 0xf2, 0xb8,
    0x7, 0xff, 0x1b, 0xe8, 0x3, 0xff, 0x8c, 0x8e,
    0x1, 0x8f, 0xff, 0xac, 0x3, 0xc4, 0x22, 0x0,
    0xc3, 0x11, 0xdc, 0x1, 0xe5, 0x4, 0x30, 0x8,
    0x9d, 0xf9, 0x40, 0x3d, 0x28, 0x8d, 0x20, 0xf,
    0xfe, 0x14, 0xc, 0x51, 0xeb, 0x88, 0x7, 0xfc,
    0xae, 0xc6, 0x38, 0xb0, 0x47, 0x51, 0x1f, 0x8,
    0x41, 0xc8, 0x0, 0x6b, 0x5d, 0x1d, 0xfe, 0x61,
    0xc, 0xc0, 0x7, 0x14, 0x5e, 0xff, 0xfb, 0x80,

    /* U+5BB6 "家" */
    0x0, 0xf9, 0x70, 0x80, 0x3f, 0xf8, 0x8e, 0x72,
    0x1, 0xfc, 0xbf, 0xfe, 0xd0, 0x4f, 0xff, 0x9c,
    0x2, 0x8a, 0xaf, 0xfe, 0x4, 0x80, 0x72, 0xaf,
    0xff, 0x5, 0xc0, 0x3d, 0xbf, 0xff, 0xea, 0x0,
    0xcb, 0xa5, 0x13, 0x32, 0x2, 0x4c, 0xee, 0x1d,
    0x70, 0x1, 0x2, 0xb2, 0xea, 0x2d, 0xb3, 0x63,
    0x31, 0x0, 0x61, 0x6c, 0xc0, 0xaa, 0x10, 0x5,
    0x31, 0x20, 0x11, 0x67, 0x4a, 0xed, 0x40, 0xc8,
    0x16, 0x34, 0x50, 0x4, 0x49, 0x3f, 0x24, 0xfa,
    0x48, 0xf8, 0x78, 0xe0, 0x1d, 0xc, 0xd, 0xd3,
    0x5a, 0x30, 0xa0, 0x1f, 0x8e, 0x7e, 0x27, 0x95,
    0x4, 0xec, 0x64, 0x3, 0x8b, 0x12, 0x39, 0xc2,
    0x2c, 0x4c, 0x21, 0x50, 0x3, 0x16, 0xe9, 0xc1,
    0x79, 0xaa, 0x40, 0xc, 0x74, 0x40, 0x18, 0x81,
    0x76, 0x9f, 0xd7, 0xc0, 0x2e, 0xf, 0x20, 0x2,
    0x4f, 0x53, 0xec, 0x88, 0x29, 0x80, 0xb, 0x4f,
    0x5c, 0x0, 0xed, 0xb4, 0x6c, 0xb4, 0x54, 0x1,
    0x1e, 0x1d, 0x82, 0x74, 0x10, 0x2, 0x69, 0x21,
    0x80, 0x31, 0x66, 0x0, 0x3c, 0x3f, 0xee, 0x70,
    0xf, 0xe0,

    /* U+5C11 "少" */
    0x0, 0xfe, 0xf6, 0x0, 0xff, 0xe3, 0x88, 0x7,
    0xff, 0x55, 0xdc, 0x1, 0xf9, 0x9c, 0x3, 0xf4,
    0x70, 0x7, 0xe1, 0x83, 0x0, 0xf3, 0x85, 0x80,
    0x7e, 0x73, 0xe0, 0xf, 0x4a, 0x90, 0x7, 0xf7,
    0x93, 0x80, 0x68, 0x18, 0x0, 0xff, 0x1b, 0x40,
    0x80, 0xd, 0xdc, 0x40, 0x1f, 0xf4, 0x5, 0x80,
    0x28, 0xa0, 0x3, 0xff, 0x80, 0x2e, 0x1, 0x4e,
    0x0, 0x7f, 0xf0, 0x18, 0x62, 0x80, 0x21, 0x0,
    0xff, 0xa6, 0x4a, 0x1, 0xff, 0xc0, 0x95, 0x0,
    0x4b, 0x42, 0x0, 0x7f, 0xf0, 0x18, 0x89, 0x6d,
    0xe, 0x1, 0xff, 0xc1, 0x18, 0xd5, 0xa7, 0x0,
    0xff, 0x85, 0x6f, 0x9d, 0xbd, 0x40, 0x3e, 0x24,
    0x69, 0xde, 0xa6, 0x8e, 0x91, 0x0, 0xf8, 0x76,
    0xe5, 0xda, 0x37, 0x4e, 0x20, 0x1f, 0xc3, 0x76,
    0xee, 0x5b, 0x90, 0x7, 0xff, 0x0,

    /* U+5DDD "川" */
    0x0, 0x90, 0x80, 0x3f, 0xe5, 0x30, 0xa, 0xac,
    0x3, 0x47, 0x0, 0x75, 0xc8, 0x7, 0xf0, 0x88,
    0x3, 0xff, 0xfe, 0x1, 0xff, 0xcd, 0x10, 0xf,
    0xfe, 0xb0, 0x80, 0x80, 0x7f, 0xf0, 0xcc, 0x38,
    0x3, 0xff, 0x86, 0x80, 0x40, 0x1f, 0xfc, 0x3c,
    0x4, 0x0, 0xff, 0xe1, 0xa, 0x98, 0x7, 0xff,
    0xe, 0x42, 0x80, 0x3b, 0xd0, 0x3, 0xe3, 0x72,
    0x60, 0xe, 0x6b, 0x0, 0xf8, 0x8e, 0x40, 0x3f,
    0xf8, 0x63, 0x88, 0x1, 0xff, 0xc1, 0xea,

    /* U+5DF2 "已" */
    0x88, 0xff, 0xe1, 0x30, 0x4, 0xce, 0xff, 0xfc,
    0x1d, 0x0, 0xbb, 0xff, 0xff, 0x80, 0x40, 0x1c,
    0x64, 0x1, 0xff, 0xc4, 0xe8, 0x0, 0xff, 0xf4,
    0xaf, 0xff, 0xf8, 0x80, 0x3c, 0x4e, 0xff, 0xe1,
    0x0, 0xf3, 0xc4, 0x7f, 0xa7, 0x40, 0x3f, 0xf8,
    0x8e, 0xc0, 0x1f, 0xfc, 0x61, 0x10, 0x7, 0xff,
    0x11, 0x38, 0xc0, 0x3f, 0xf8, 0x7a, 0x4, 0x0,
    0x10, 0xf, 0xfe, 0x2, 0x90, 0x82, 0x22, 0xe1,
    0xdf, 0xf4, 0x61, 0x50, 0x2, 0x59, 0x8f, 0x11,
    0xf9, 0xc5, 0xdc, 0x0,

    /* U+5F00 "开" */
    0x18, 0x8f, 0xfe, 0x21, 0x81, 0xbb, 0xff, 0xf1,
    0x14, 0xb, 0xfe, 0xe0, 0x8f, 0xfe, 0x6, 0xff,
    0x98, 0x3, 0xff, 0xfe, 0x0, 0x55, 0xce, 0x1a,
    0xab, 0xc0, 0x4a, 0xb8, 0x2e, 0xaa, 0x90, 0x5a,
    0xae, 0x4, 0xaa, 0xc1, 0xfd, 0xd5, 0x85, 0x77,
    0x70, 0x37, 0x76, 0x1, 0x1c, 0x40, 0xc2, 0x3c,
    0x0, 0x11, 0xc0, 0x1d, 0xe0, 0x60, 0x1f, 0xfc,
    0x47, 0x40, 0xf, 0xfe, 0x23, 0x8f, 0x0, 0x7f,
    0xf0, 0xca, 0x9, 0x40, 0x3f, 0xf8, 0x45, 0x81,
    0xc0, 0x1f, 0xfc, 0x25, 0xd1, 0xb3, 0x0, 0xff,
    0xe1, 0x31, 0x62, 0x0, 0x7f, 0xf0, 0xcf, 0x4c,
    0x3, 0xfb, 0xe4, 0x3, 0x80,

    /* U+6001 "态" */
    0x0, 0xfe, 0xab, 0x0, 0xff, 0xe3, 0x38, 0x7,
    0xff, 0x1c, 0x8c, 0x3, 0xfd, 0xbf, 0xff, 0x3,
    0xff, 0xfe, 0x0, 0x44, 0xcf, 0x8c, 0x4, 0x53,
    0x3f, 0x0, 0x15, 0x9b, 0x9c, 0xd6, 0x4, 0x99,
    0xbc, 0x1, 0xfa, 0xc2, 0x18, 0xe8, 0x40, 0x3f,
    0xf8, 0x10, 0xb0, 0x41, 0xc1, 0x84, 0x1, 0xfc,
    0x36, 0xe9, 0x74, 0x25, 0xa7, 0x8a, 0x1, 0xe3,
    0x9e, 0x49, 0xb8, 0x4f, 0x43, 0xc2, 0xad, 0x61,
    0x0, 0x5e, 0x33, 0xf3, 0x2, 0x79, 0x40, 0x16,
    0x48, 0x4e, 0x80, 0x22, 0xfe, 0x4, 0x0, 0xd9,
    0xd8, 0x1, 0x36, 0x63, 0x40, 0x6, 0x98, 0x71,
    0x80, 0xe3, 0x84, 0x1, 0x65, 0x18, 0x80, 0x4a,
    0x62, 0x22, 0x1, 0xd3, 0xc1, 0x0, 0x42, 0x20,
    0x3, 0x79, 0x10, 0x3, 0xe, 0x19, 0x3, 0x30,
    0xe4, 0x2, 0x15, 0xa0, 0xf, 0xe, 0x98, 0x45,
    0x49, 0x20, 0x2, 0xc1, 0x80, 0x44, 0xca, 0xbc,
    0xe3, 0xaa, 0x1c, 0x0, 0x8a, 0x10, 0xa3, 0x9a,
    0xae, 0x84, 0x50, 0xa8, 0x0,

    /* U+6210 "成" */
    0x0, 0xff, 0x16, 0x20, 0xc0, 0x80, 0x7f, 0xf0,
    0xcc, 0x88, 0xbc, 0xe0, 0x1f, 0xfc, 0x13, 0x0,
    0x1e, 0xc4, 0x24, 0x3, 0x1b, 0xb3, 0x7c, 0x18,
    0xcc, 0x15, 0x16, 0x0, 0x92, 0x26, 0x7d, 0x0,
    0xb3, 0x32, 0xbc, 0x80, 0x76, 0xf7, 0x78, 0x57,
    0xbb, 0xc0, 0x1c, 0x62, 0x3e, 0x31, 0x1c, 0x40,
    0x20, 0x1c, 0x89, 0x94, 0x81, 0x98, 0x0, 0x1c,
    0x80, 0xf, 0x55, 0xdd, 0x48, 0x4, 0x40, 0x3,
    0x85, 0x0, 0x7b, 0x7b, 0x9a, 0x1, 0x78, 0x10,
    0x59, 0x98, 0x3, 0x78, 0x10, 0x88, 0xc0, 0xc1,
    0x41, 0xd8, 0xa0, 0x3, 0x84, 0x3, 0xf1, 0x87,
    0x42, 0x20, 0x3, 0x8c, 0x80, 0x23, 0x1, 0x0,
    0x22, 0x6, 0x40, 0x3c, 0xec, 0x1, 0x30, 0x38,
    0x0, 0x42, 0x8, 0x4, 0x80, 0x2, 0x46, 0x50,
    0xf0, 0x4, 0x10, 0xa1, 0x80, 0x5, 0xd1, 0x7,
    0xc, 0x25, 0xa1, 0x90, 0xa7, 0x79, 0x14, 0x8,
    0x4, 0x2c, 0x50, 0x37, 0x63, 0xf5, 0x98, 0x81,
    0x55, 0x2d, 0x0, 0x42, 0x0, 0x38, 0x4f, 0x18,
    0x1, 0x8a, 0xa3, 0x80, 0x1d, 0x60, 0xe, 0x4d,
    0x30, 0x8, 0x6b, 0xf8, 0xc0,

    /* U+6211 "我" */
    0x0, 0xf8, 0x59, 0x2, 0x24, 0x0, 0x40, 0x1f,
    0x1b, 0x56, 0xf4, 0xc8, 0x11, 0x1, 0x3a, 0x60,
    0x1a, 0x3f, 0x25, 0x4a, 0x77, 0x40, 0xe0, 0x9,
    0x3c, 0x30, 0xa, 0xa9, 0xbe, 0xc2, 0xc4, 0x0,
    0x10, 0xb, 0xf, 0x48, 0x0, 0x4a, 0x40, 0x1f,
    0x19, 0x80, 0x2d, 0x43, 0x0, 0xff, 0xe0, 0x8,
    0x80, 0x21, 0xa1, 0x0, 0x6f, 0xfc, 0xc3, 0xff,
    0x9c, 0x3f, 0xfb, 0x80, 0x17, 0x11, 0x18, 0x44,
    0x65, 0x6, 0x88, 0xd2, 0x0, 0x67, 0x79, 0x45,
    0xdf, 0x48, 0x6b, 0xb9, 0x15, 0xc0, 0x3f, 0xf8,
    0x4, 0x6, 0x0, 0xd9, 0x0, 0xfc, 0x28, 0xf6,
    0xe2, 0x1c, 0x12, 0x32, 0x1, 0x89, 0xa5, 0xc2,
    0xe0, 0x8, 0xd, 0x15, 0x9c, 0x80, 0x2f, 0xd9,
    0x60, 0x6, 0x7d, 0xa8, 0x21, 0x51, 0xc0, 0x6,
    0x78, 0xcf, 0x71, 0x30, 0xd, 0xa0, 0x5a, 0x1,
    0xd0, 0xe6, 0x1, 0xf1, 0xd8, 0x38, 0x80, 0x30,
    0x80, 0x3f, 0xcf, 0x86, 0x8a, 0x20, 0x3, 0x10,
    0xf, 0xc7, 0x90, 0xbb, 0x21, 0x60, 0x60, 0x40,
    0x5, 0x77, 0x28, 0x2, 0x8a, 0x68, 0x9, 0xd6,
    0xa0, 0x44, 0x0, 0x28, 0x81, 0x40, 0x4f, 0xb0,
    0x5, 0xc, 0xa9, 0x60, 0x13, 0xff, 0xb9, 0x80,
    0x2, 0x1, 0xd3, 0xfe, 0x50,

    /* U+624D "才" */
    0x0, 0xff, 0xe0, 0x52, 0x80, 0x7f, 0xf1, 0x5,
    0x74, 0x3, 0xff, 0xc0, 0x93, 0x3f, 0xd0, 0xb,
    0x33, 0xa0, 0xd, 0x9b, 0xfc, 0x4, 0xcd, 0x94,
    0x1f, 0xff, 0xee, 0x11, 0x3, 0xff, 0xed, 0x0,
    0xfe, 0xb1, 0xb0, 0xf, 0xfe, 0x1c, 0x2c, 0x20,
    0x7, 0xff, 0x9, 0x9d, 0x5c, 0x3, 0xff, 0x84,
    0xd2, 0x94, 0x1, 0xff, 0xc2, 0x89, 0x4b, 0x0,
    0xff, 0xe0, 0x8d, 0xba, 0xd8, 0x7, 0xff, 0x5,
    0x3d, 0x1e, 0x80, 0x3f, 0xf8, 0x35, 0x61, 0x50,
    0x1, 0xff, 0xc2, 0xe5, 0xf5, 0x0, 0xff, 0xe1,
    0xa5, 0x8, 0x6, 0x68, 0x88, 0x3, 0xff, 0x86,
    0x2e, 0xe6, 0x4a, 0x0, 0xff, 0xe0, 0xbf, 0xfd,
    0x64, 0x1, 0xc0,

    /* U+6253 "打" */
    0x0, 0xde, 0xe0, 0x1f, 0xfc, 0xa1, 0x22, 0xff,
    0x0, 0x7f, 0x5e, 0xef, 0xf8, 0xc0, 0x3f, 0x45,
    0xdf, 0x2, 0x5d, 0xc6, 0x1f, 0xf0, 0x47, 0xf8,
    0x51, 0x38, 0x5, 0x12, 0x0, 0x3b, 0xc0, 0x8e,
    0xe2, 0x0, 0xff, 0xe0, 0x44, 0x41, 0x91, 0x1,
    0x0, 0xff, 0xed, 0x21, 0x0, 0x7f, 0xf0, 0x8c,
    0x27, 0xed, 0xc0, 0x3f, 0xe1, 0xae, 0xc0, 0x38,
    0xd5, 0x0, 0xff, 0x85, 0x9e, 0x82, 0x9c, 0x80,
    0x3f, 0xf8, 0x39, 0x2a, 0x1, 0xff, 0xff, 0x0,
    0x13, 0x38, 0x8, 0x6, 0x68, 0x88, 0xc, 0x3,
    0xd3, 0x6, 0xe0, 0x1c, 0xef, 0x15, 0x0, 0x71,
    0x7f, 0xb0, 0x40, 0x33, 0x77, 0xfb, 0x4c, 0x3,
    0x0,

    /* U+6267 "执" */
    0x0, 0x96, 0x40, 0x39, 0x68, 0x3, 0xfe, 0xd6,
    0x0, 0xe2, 0x50, 0xf, 0xff, 0x2b, 0xb8, 0xc1,
    0xdc, 0x6a, 0xad, 0x5, 0x59, 0xcc, 0x3, 0x44,
    0x10, 0x22, 0x17, 0x54, 0x50, 0xaa, 0xa2, 0xc0,
    0x37, 0xf9, 0xc3, 0xfd, 0x1f, 0xe7, 0x1f, 0xf8,
    0x3, 0xff, 0x93, 0xe0, 0x1f, 0xfc, 0x12, 0x20,
    0x7, 0xff, 0x5, 0x69, 0x7e, 0x19, 0xc0, 0x3f,
    0x89, 0x94, 0x29, 0xdd, 0xe, 0x62, 0x1, 0xf8,
    0xf6, 0x48, 0x37, 0x44, 0xf8, 0xb, 0x62, 0x1,
    0xe3, 0x8d, 0x70, 0x20, 0x9, 0x42, 0x17, 0x94,
    0x3, 0xce, 0x40, 0x1e, 0xa2, 0x7f, 0x30, 0xf,
    0xfe, 0x11, 0x9a, 0xc0, 0x71, 0x47, 0xc0, 0x3f,
    0xee, 0x16, 0x0, 0xc6, 0x21, 0xa4, 0x1, 0xf5,
    0x95, 0x0, 0x73, 0x90, 0x90, 0x1, 0x18, 0xc4,
    0xb1, 0x21, 0x0, 0x3b, 0x12, 0xc0, 0x80, 0xa5,
    0x64, 0xc2, 0x9c, 0x3, 0xcc, 0x8b, 0x0, 0x6,
    0xfe, 0x71, 0xc5, 0x0, 0xfd, 0x7e, 0xe0,

    /* U+62E9 "择" */
    0x0, 0x9b, 0xc0, 0x3f, 0xf8, 0xc2, 0x1, 0x17,
    0xff, 0xf6, 0x80, 0x7f, 0x14, 0x98, 0xcc, 0xe7,
    0x7, 0x0, 0xff, 0x37, 0x8, 0x99, 0xa4, 0x1b,
    0x0, 0xf, 0xfa, 0x3, 0xfc, 0xa0, 0x53, 0xc,
    0x38, 0x7a, 0x20, 0x1, 0x88, 0x20, 0x44, 0x1c,
    0x0, 0xd1, 0x3e, 0x58, 0x60, 0x19, 0xdd, 0x80,
    0xee, 0x20, 0x0, 0xf0, 0x9, 0xb8, 0x7, 0xff,
    0x0, 0xe7, 0x9e, 0x70, 0x6f, 0x18, 0x40, 0x3f,
    0x56, 0x24, 0x73, 0x8e, 0x50, 0x4f, 0x10, 0x7,
    0x57, 0xfa, 0xf5, 0xc2, 0x30, 0x17, 0x36, 0xc8,
    0x5e, 0xe0, 0x1e, 0x10, 0x19, 0xa5, 0x16, 0x6c,
    0x80, 0x8, 0x74, 0xd, 0x71, 0xd9, 0x98, 0xc2,
    0x66, 0xe0, 0x0, 0xf6, 0x60, 0x3, 0x4f, 0xfc,
    0xc3, 0xff, 0x50, 0x4, 0x20, 0x1e, 0x11, 0xc0,
    0x23, 0xe0, 0xf, 0xd5, 0xdd, 0x98, 0x3b, 0xb8,
    0x80, 0x3e, 0x9b, 0xbc, 0x81, 0x77, 0xc4, 0x6,
    0xd8, 0x1, 0x1a, 0x26, 0x21, 0x44, 0xe0, 0x3,
    0x4a, 0xb8, 0x7, 0xff, 0x11, 0x7f, 0xa0, 0x3,
    0xe8, 0xf0, 0xf, 0x0,

    /* U+6307 "指" */
    0x0, 0x93, 0xc8, 0x0, 0x5c, 0x80, 0x1f, 0xfc,
    0x1, 0x0, 0xc2, 0x20, 0xe, 0x4a, 0x40, 0xf,
    0xfe, 0x9, 0xb5, 0x7d, 0xbe, 0x0, 0x7f, 0xf0,
    0x2f, 0x2c, 0x27, 0x75, 0x0, 0x1, 0xff, 0x50,
    0x6f, 0xb8, 0x2, 0x3b, 0x69, 0x88, 0x6, 0x88,
    0x62, 0xa, 0xf, 0x8, 0x0, 0x31, 0x0, 0xe3,
    0x51, 0x7, 0x77, 0x85, 0x39, 0x88, 0x69, 0x9f,
    0xac, 0x8, 0x3, 0xf1, 0x2b, 0x66, 0x79, 0x9c,
    0x40, 0x3e, 0x10, 0xaf, 0xdd, 0xf7, 0xc0, 0x7,
    0xa3, 0x68, 0xc, 0xc2, 0x3e, 0x31, 0x1, 0x7b,
    0xa0, 0x44, 0x79, 0xe6, 0x7f, 0x30, 0x1c, 0x3a,
    0x6, 0x4a, 0x0, 0x2f, 0xbb, 0xc0, 0x11, 0x76,
    0x70, 0x7, 0x9c, 0x47, 0xc0, 0x18, 0x40, 0x3f,
    0x67, 0xff, 0x80, 0x3f, 0xf8, 0x31, 0x77, 0xe0,
    0xf, 0xfe, 0xa, 0x27, 0xc0, 0x18, 0x93, 0x40,
    0x3d, 0x6c, 0xde, 0x0, 0xc9, 0x6e, 0x84, 0x1,
    0x9a, 0xef, 0xc0, 0x19, 0xbb, 0xec, 0x2, 0x3e,
    0xe6, 0xef, 0xbd, 0xc0,

    /* U+6309 "按" */
    0x0, 0xff, 0xe5, 0xbf, 0x80, 0x7d, 0xd2, 0x1,
    0xff, 0xc6, 0x57, 0x0, 0xff, 0xe0, 0x93, 0x36,
    0x1, 0x76, 0x69, 0x40, 0x3f, 0x3c, 0xc4, 0x4a,
    0x33, 0x10, 0x9b, 0x2, 0xff, 0x40, 0x7f, 0x88,
    0x3f, 0xbf, 0x3b, 0xb3, 0x80, 0xe, 0x20, 0x81,
    0x10, 0x10, 0x9, 0xb4, 0x40, 0x3c, 0x2e, 0xec,
    0x7, 0x72, 0xa8, 0x42, 0x8c, 0x40, 0x2d, 0x70,
    0xf, 0xc7, 0x40, 0x65, 0x40, 0x19, 0x64, 0x3,
    0xf6, 0xf7, 0x30, 0x23, 0xbb, 0xc4, 0x1, 0xe3,
    0x49, 0x60, 0x39, 0x98, 0x86, 0x64, 0x60, 0x17,
    0x7, 0x67, 0x3f, 0x7, 0xbb, 0xc0, 0x4e, 0xe1,
    0x2a, 0xf6, 0x4, 0xb7, 0xb, 0x33, 0x0, 0x4,
    0xd4, 0x3, 0x22, 0xa8, 0x29, 0x1, 0x8a, 0xc0,
    0x26, 0xa, 0x0, 0x8b, 0xab, 0x40, 0x32, 0x9c,
    0x51, 0xc, 0xa1, 0x0, 0x7f, 0xc7, 0x94, 0xfb,
    0x83, 0x20, 0x1f, 0xfc, 0x25, 0xf1, 0x20, 0x50,
    0xf, 0xfe, 0x8, 0xbe, 0xc, 0xac, 0x69, 0x80,
    0x48, 0xba, 0x1, 0x2d, 0xf4, 0x27, 0x35, 0x59,
    0xe4, 0x0, 0x32, 0x91, 0xc0, 0x26, 0x7d, 0xa1,
    0x0, 0x27, 0xa8, 0x5, 0x1f, 0xd0, 0x0, 0x5d,
    0x82, 0x0, 0xe1, 0xa8, 0x0,

    /* U+6362 "换" */
    0x0, 0x9e, 0xc0, 0x39, 0x2c, 0xc0, 0x3f, 0xdc,
    0xa0, 0x1d, 0xa, 0x40, 0x1, 0x0, 0xff, 0xe0,
    0xb1, 0x8f, 0x7f, 0xbb, 0x0, 0x3f, 0xe3, 0x95,
    0xcc, 0xa0, 0x2c, 0x3, 0x56, 0x38, 0xe4, 0x96,
    0x9d, 0x19, 0xd4, 0x6e, 0x1, 0x8d, 0x8c, 0x18,
    0x30, 0x45, 0x77, 0x69, 0x5, 0xb8, 0x5, 0x34,
    0x83, 0x53, 0x40, 0xd9, 0x87, 0x28, 0xb5, 0xd0,
    0xf, 0xe4, 0x13, 0x77, 0x20, 0xbb, 0x8c, 0x3,
    0xff, 0x9e, 0x33, 0x40, 0x1c, 0x20, 0x1f, 0x96,
    0x98, 0x13, 0x40, 0x38, 0xc8, 0x3, 0xea, 0x42,
    0xd, 0x3c, 0x16, 0xcc, 0x29, 0xe6, 0x9, 0x30,
    0x1, 0xbc, 0x82, 0xe, 0x8e, 0xc8, 0xc0, 0x4,
    0x43, 0xb2, 0x0, 0x8, 0x3, 0x1c, 0x46, 0x1,
    0xf, 0x88, 0xc0, 0x1f, 0xf2, 0xaa, 0xe2, 0x6,
    0x1, 0xff, 0xc1, 0x5a, 0x55, 0x39, 0xe9, 0x0,
    0x7f, 0xd1, 0x4b, 0x40, 0xd, 0x3c, 0x40, 0x8,
    0xdd, 0x40, 0xd, 0xcf, 0x14, 0x1, 0xe, 0x15,
    0xd0, 0x80, 0x20, 0xa0, 0x35, 0x35, 0xc0, 0x38,
    0x72, 0x4, 0x40, 0x7f, 0xcc, 0x17, 0x44, 0x1,
    0xf9, 0xec, 0x0,

    /* U+6539 "改" */
    0x0, 0xff, 0x15, 0x90, 0x7, 0x8d, 0x9b, 0xc6,
    0x0, 0x44, 0x18, 0x7, 0xae, 0x67, 0xd4, 0x0,
    0xc2, 0x10, 0xf, 0x47, 0x77, 0x8, 0x4, 0xae,
    0x23, 0xe0, 0x0, 0x8f, 0x0, 0x48, 0xb, 0xdd,
    0xe0, 0xf, 0xf7, 0x5, 0xde, 0x4, 0xb0, 0xf,
    0xe1, 0x50, 0x54, 0x43, 0x6, 0x20, 0x14, 0x47,
    0x8, 0x40, 0x1, 0xc0, 0xe, 0x8, 0x0, 0x67,
    0x7e, 0x2, 0x66, 0x26, 0x0, 0x30, 0xc, 0x3,
    0x67, 0xfe, 0x82, 0x8c, 0x50, 0x3, 0xa0, 0x7,
    0xf8, 0xf4, 0x58, 0x14, 0xc7, 0x80, 0x3f, 0xf8,
    0x22, 0x93, 0x20, 0x50, 0xf, 0xfe, 0x17, 0x9a,
    0xb8, 0x7, 0xf8, 0xd0, 0x2, 0x40, 0x4, 0x80,
    0x7c, 0x51, 0xd9, 0xa0, 0x15, 0x0, 0x2c, 0x3,
    0x8, 0x6e, 0x9d, 0x2e, 0x40, 0x14, 0xaf, 0xb,
    0x20, 0x17, 0x1, 0xc7, 0x52, 0x1, 0xea, 0xbc,
    0x3b, 0x32, 0xc4, 0x3a, 0xb5, 0xc4, 0x0, 0xd8,
    0x55, 0x0, 0x9, 0x74, 0xf1, 0x55, 0x0, 0x73,
    0xb7, 0x28, 0x6, 0x8c, 0xa1,

    /* U+6570 "数" */
    0x0, 0x10, 0x3, 0x18, 0x4, 0x80, 0xa, 0xe0,
    0x1f, 0xe, 0xa0, 0x10, 0x85, 0xf0, 0x3, 0xec,
    0x3, 0xe1, 0x78, 0x0, 0x8d, 0x78, 0x0, 0xea,
    0x1, 0xf0, 0xe2, 0x88, 0xbd, 0xa0, 0xc4, 0xb,
    0x0, 0x3c, 0x3d, 0x6d, 0xc0, 0xf5, 0x1d, 0x8,
    0x15, 0xff, 0xb8, 0x7, 0x76, 0x30, 0x3, 0xee,
    0xa3, 0x42, 0x22, 0x4, 0x80, 0x1, 0x12, 0xc8,
    0x15, 0xb8, 0x5, 0xc1, 0x9d, 0xc1, 0xac, 0x0,
    0x2c, 0x7d, 0x1d, 0xf7, 0x95, 0x10, 0x40, 0x30,
    0x50, 0x0, 0xe0, 0xe1, 0x98, 0x6, 0xea, 0xd,
    0x30, 0x14, 0xc, 0x0, 0x3b, 0xa2, 0x5a, 0x70,
    0x1, 0x12, 0x31, 0xc3, 0x10, 0x3, 0x91, 0x17,
    0x88, 0x85, 0x1e, 0x45, 0x14, 0x5d, 0x0, 0xd3,
    0x76, 0x14, 0xbb, 0x54, 0x8, 0x11, 0xd0, 0x38,
    0x6, 0xaf, 0x26, 0xff, 0x68, 0x70, 0x5, 0x42,
    0xa2, 0x1, 0xce, 0x5a, 0x0, 0xe3, 0x40, 0x8,
    0x40, 0x3f, 0x1a, 0xdd, 0xa8, 0xb8, 0x2, 0x38,
    0x25, 0x40, 0xe, 0x4a, 0xc4, 0x52, 0x0, 0x8b,
    0x4b, 0x4e, 0x88, 0x3, 0xc, 0x61, 0xd0, 0x70,
    0x2e, 0x9e, 0x6, 0x86, 0x18, 0x2, 0xf9, 0x67,
    0x17, 0x36, 0xa8, 0x98, 0x20, 0x38, 0x18, 0x21,
    0xd7, 0xac, 0x1, 0xf, 0xcd, 0x88, 0x4, 0x5f,
    0x62,

    /* U+65B0 "新" */
    0x0, 0xff, 0xe6, 0x3f, 0x0, 0x7f, 0x95, 0x80,
    0x3c, 0xc2, 0xe0, 0x18, 0x96, 0x33, 0xea, 0x84,
    0x0, 0xbe, 0xe7, 0x84, 0x77, 0x41, 0x34, 0x88,
    0xae, 0xc2, 0x0, 0x7c, 0xad, 0xd5, 0x1d, 0x2c,
    0x0, 0xb9, 0xa, 0x20, 0x19, 0x12, 0x75, 0x58,
    0x14, 0x3, 0xff, 0x80, 0x62, 0x80, 0x27, 0xc0,
    0x1f, 0xfc, 0x5, 0x51, 0x7a, 0xd8, 0xa, 0x90,
    0x32, 0x27, 0x80, 0x6e, 0xc4, 0xf4, 0xa3, 0x76,
    0x70, 0x3b, 0xbf, 0x10, 0xf7, 0x60, 0x9e, 0xe9,
    0x41, 0x37, 0x4c, 0x1b, 0xa2, 0x0, 0xff, 0xe0,
    0x9, 0x10, 0x40, 0x88, 0x0, 0xff, 0xc1, 0x3f,
    0xf1, 0x38, 0x7, 0xf4, 0xce, 0x5, 0x99, 0x88,
    0x48, 0x3, 0xf3, 0x7, 0xb0, 0x60, 0x89, 0x80,
    0xbc, 0x3, 0xfa, 0xc4, 0x2, 0x38, 0x22, 0x1,
    0x80, 0x7e, 0x72, 0x90, 0x9, 0x11, 0x8, 0x8,
    0x1, 0xfa, 0xa4, 0x40, 0x37, 0xe6, 0xa0, 0x7,
    0xf6, 0xb1, 0xa0, 0x4, 0x84, 0x9e, 0x1, 0xff,
    0x25, 0x92, 0x0, 0x5, 0x50, 0x3, 0xf0,

    /* U+6635 "昵" */
    0x37, 0x66, 0x90, 0x1b, 0xb7, 0x7f, 0x30, 0x5c,
    0x4c, 0xd0, 0x2, 0x2a, 0xaf, 0x8b, 0x80, 0x5,
    0xfe, 0x60, 0xc, 0xef, 0xf0, 0x80, 0x7f, 0xf4,
    0xa2, 0x3e, 0x10, 0xf, 0xf9, 0x9b, 0xe1, 0xf0,
    0x1, 0xb3, 0x14, 0x3, 0x76, 0x57, 0x77, 0x38,
    0x0, 0x66, 0x46, 0x1, 0x8, 0x55, 0x0, 0x3f,
    0x17, 0xf9, 0x80, 0x1e, 0x1, 0xf1, 0x59, 0x80,
    0x7e, 0x13, 0x0, 0xe7, 0xd5, 0x70, 0xf, 0xc6,
    0xc0, 0x1, 0x6e, 0x87, 0xe4, 0x0, 0xfc, 0xe4,
    0x1, 0x43, 0x74, 0x0, 0x63, 0x77, 0x28, 0x9,
    0x78, 0x5, 0xd0, 0x20, 0x1c, 0x33, 0x22, 0x67,
    0x7, 0x0, 0x8, 0x7, 0x20, 0x0, 0xbb, 0xaa,
    0xb4, 0x10, 0xf, 0x86, 0xcf, 0x2c, 0x2, 0x72,
    0x80, 0x7, 0x8b, 0x2a, 0xd0, 0x4, 0x8c, 0x1,
    0x73, 0x18, 0x1, 0x4a, 0x6a, 0xa6, 0x71, 0x0,
    0xe9, 0x90, 0x4, 0x5b, 0xff, 0xd0, 0x0,

    /* U+663E "显" */
    0x0, 0xa3, 0xff, 0xff, 0x81, 0x20, 0x1f, 0xb3,
    0x3f, 0xc0, 0x1f, 0xc2, 0x67, 0xfe, 0x10, 0xf,
    0xc2, 0xab, 0xfe, 0x10, 0xf, 0xe8, 0x8f, 0xf0,
    0x7, 0xf0, 0xee, 0xff, 0x84, 0x3, 0xf0, 0xa2,
    0x7f, 0x84, 0x3, 0xfa, 0xef, 0xfc, 0x1, 0xfa,
    0x3f, 0xec, 0xef, 0xf6, 0xe7, 0xfd, 0x20, 0x1e,
    0x30, 0xb, 0x58, 0x1, 0x5a, 0x1, 0x28, 0x80,
    0x63, 0xc4, 0x0, 0xff, 0x1d, 0x38, 0x6, 0x36,
    0x90, 0xf, 0xf7, 0x23, 0x0, 0x74, 0x13, 0x80,
    0x7e, 0x93, 0xa0, 0xf, 0xb, 0xe0, 0x7, 0xc2,
    0xfa, 0x20, 0x1f, 0x45, 0x80, 0x7c, 0x3c, 0x60,
    0x18, 0xb3, 0x3c, 0x33, 0x98, 0x61, 0xcc, 0xf1,
    0x99, 0x9b, 0xca, 0x8c, 0xc4, 0x56, 0x6f, 0x8,

    /* U+664B "晋" */
    0x0, 0x19, 0xff, 0xf0, 0xc8, 0x2, 0xcc, 0xff,
    0xe1, 0xf0, 0x5, 0xb5, 0x9b, 0x80, 0xfb, 0xa0,
    0x5d, 0xd5, 0xe6, 0x80, 0x45, 0x76, 0x23, 0xf,
    0x22, 0x9, 0x91, 0x3f, 0xc2, 0x1, 0x99, 0xc4,
    0x3, 0xf1, 0xa4, 0x80, 0x74, 0x83, 0x0, 0x7e,
    0x82, 0x50, 0xe, 0x18, 0x40, 0xf, 0xc7, 0x20,
    0x1b, 0xfe, 0x8c, 0xf0, 0x8f, 0xf0, 0xb7, 0xbd,
    0xff, 0xa4, 0x22, 0x3f, 0xf8, 0xba, 0xe, 0xe6,
    0x44, 0xff, 0xe0, 0x33, 0xa0, 0x5, 0x39, 0x9f,
    0xfc, 0x8, 0x0, 0xfb, 0x77, 0xfc, 0x1, 0xfc,
    0x45, 0xfe, 0x0, 0xfe, 0xff, 0xff, 0x0, 0x7f,
    0x66, 0x7f, 0x80, 0x3f, 0x8c, 0xff, 0xc0, 0x1f,
    0xdd, 0xdf, 0xe0, 0xf, 0xe8, 0x8f, 0xf0, 0x7,
    0xf3, 0x37, 0xf8, 0x3, 0xe8, 0xe0, 0xf, 0xf7,
    0xc8, 0x0,

    /* U+6709 "有" */
    0x0, 0xf8, 0xe8, 0x80, 0x3f, 0xf8, 0x96, 0xa4,
    0x1, 0xfe, 0x13, 0x3e, 0x63, 0x3f, 0xf8, 0x23,
    0x33, 0x84, 0xf3, 0x3f, 0xb4, 0x23, 0x33, 0x9,
    0xe6, 0x7f, 0xb4, 0x4, 0xce, 0x61, 0x83, 0x3f,
    0xf8, 0x3, 0xd, 0x89, 0x33, 0x7c, 0xe4, 0x1,
    0xeb, 0x11, 0x4c, 0xfe, 0x85, 0x0, 0xe7, 0x50,
    0x6f, 0xff, 0xc0, 0x1e, 0x78, 0x61, 0x1, 0x1f,
    0xc0, 0x1d, 0x30, 0xb2, 0xd, 0xdd, 0xf8, 0x3,
    0xb9, 0xe8, 0x0, 0xb9, 0x9f, 0x58, 0x7, 0x3c,
    0x0, 0x46, 0x7f, 0x90, 0x3, 0xfc, 0xdd, 0xdf,
    0x80, 0x3f, 0xc7, 0x11, 0xf8, 0x3, 0xfc, 0xac,
    0xdf, 0x80, 0x3f, 0xfa, 0xc4, 0xee, 0x80, 0x10,
    0xf, 0xfe, 0x9, 0x44, 0x19, 0x1c, 0x0,

    /* U+670B "朋" */
    0x0, 0x3f, 0xf7, 0x5f, 0x60, 0xa, 0xfe, 0xeb,
    0xfc, 0x80, 0xf, 0x9, 0x98, 0x9c, 0x0, 0x25,
    0x33, 0x38, 0x8, 0x4, 0x2e, 0xf8, 0x3, 0x33,
    0xbd, 0x40, 0x1f, 0xfc, 0xd3, 0x38, 0x40, 0x33,
    0x99, 0xcc, 0x1, 0xc3, 0x99, 0x20, 0x6, 0x3c,
    0xca, 0xc0, 0x38, 0x77, 0x64, 0x0, 0xc7, 0xbb,
    0x58, 0x7, 0x88, 0xa1, 0x0, 0xce, 0x45, 0x30,
    0x7, 0xff, 0x8, 0x40, 0x3f, 0x8, 0x3b, 0xe0,
    0x9, 0xd9, 0xde, 0xa0, 0xc, 0x63, 0x33, 0x10,
    0x4, 0x47, 0x33, 0x38, 0x6, 0x65, 0xee, 0x94,
    0x2, 0x19, 0xee, 0xb4, 0x3, 0x11, 0x0, 0x3c,
    0x80, 0xa0, 0x1f, 0x8, 0xb0, 0x3, 0xd8, 0x6,
    0x1, 0xf3, 0x82, 0x0, 0x79, 0x94, 0x3, 0xf5,
    0x20, 0x1, 0x54, 0xcf, 0x3, 0x20, 0x6, 0x65,
    0x0, 0x91, 0x20, 0x1, 0xf4, 0x5a, 0xaa, 0x30,
    0x6, 0xcb, 0xa2, 0xb, 0x8c, 0x1, 0x5f, 0xcd,
    0xb4, 0x1, 0x5f, 0xfa, 0xc0,

    /* U+672A "未" */
    0x0, 0xfe, 0xb8, 0x0, 0xff, 0xe3, 0x29, 0x0,
    0x7f, 0xf4, 0xce, 0x23, 0xc2, 0xf1, 0x1e, 0x30,
    0xc, 0xae, 0xfe, 0x2, 0x77, 0xf3, 0x0, 0x66,
    0xff, 0xf0, 0xaf, 0xff, 0x94, 0x3, 0xff, 0xbe,
    0xf1, 0x1f, 0xb, 0xc4, 0x7c, 0xc0, 0xa, 0x77,
    0xf8, 0x9, 0xdf, 0xed, 0x0, 0x6f, 0xff, 0x60,
    0x4, 0x5d, 0xff, 0xd6, 0x1, 0xf0, 0xe9, 0x1,
    0x9a, 0x80, 0x3f, 0xf8, 0x3, 0x81, 0xe2, 0xd4,
    0x94, 0x1, 0xfe, 0x1c, 0x2d, 0x20, 0x2, 0x4a,
    0xd0, 0x7, 0xe4, 0xf2, 0xc3, 0x0, 0xcd, 0x2b,
    0x84, 0x1, 0xd1, 0x67, 0xa6, 0x1, 0xe6, 0xa3,
    0xd6, 0x0, 0x17, 0x3a, 0xe1, 0x0, 0x7e, 0x5d,
    0x29, 0xc0, 0x26, 0xaa, 0x8, 0x7, 0xf8, 0xb6,
    0x24, 0x1, 0xa, 0x1, 0xff, 0xc2, 0x75, 0x0,

    /* U+672C "本" */
    0x0, 0xfe, 0xb8, 0x0, 0xff, 0xe3, 0x29, 0x0,
    0x7f, 0xf9, 0x9e, 0x67, 0xe1, 0x79, 0x9f, 0x94,
    0x1, 0x6c, 0xdf, 0x1, 0x33, 0x7d, 0x80, 0xc,
    0xff, 0xdc, 0xe, 0x2a, 0x4b, 0xff, 0xd2, 0x1,
    0xf4, 0x85, 0x0, 0x2d, 0x4c, 0x3, 0xfe, 0x17,
    0x62, 0x0, 0x30, 0xc0, 0x7, 0xfd, 0x41, 0x0,
    0x1a, 0x11, 0x80, 0x3f, 0x99, 0x24, 0x40, 0x33,
    0x1c, 0x90, 0x7, 0xc7, 0x28, 0xc0, 0x1e, 0xe0,
    0xc1, 0x0, 0xe3, 0xc1, 0xa0, 0xf, 0x8a, 0xc7,
    0x4, 0x2, 0x5c, 0x16, 0x89, 0x98, 0x5e, 0x66,
    0xd6, 0x2f, 0x40, 0x1a, 0x1c, 0x16, 0x6c, 0x4,
    0xcd, 0xb6, 0x86, 0x0, 0x73, 0xca, 0x7f, 0xf0,
    0xaf, 0xfe, 0x45, 0xcd, 0x0, 0x18, 0x80, 0x7f,
    0xf0, 0x8c, 0x40, 0x3f, 0xfb, 0xa0,

    /* U+673A "机" */
    0x0, 0xcd, 0x60, 0x1f, 0xfc, 0x6e, 0x50, 0xc,
    0xce, 0xfc, 0xa0, 0x1f, 0xfc, 0x18, 0x8f, 0x48,
    0x7, 0xff, 0x9, 0xbf, 0xe4, 0x0, 0xe6, 0x77,
    0x20, 0xbb, 0x98, 0x3, 0xff, 0x81, 0x51, 0x3,
    0x8, 0x85, 0x80, 0x7f, 0xf0, 0x33, 0xfc, 0x22,
    0xff, 0x68, 0x7, 0xff, 0x8, 0xc4, 0x40, 0x1f,
    0xfc, 0x5a, 0x0, 0x58, 0x7, 0xff, 0xc, 0x59,
    0x1, 0xac, 0x0, 0x22, 0x0, 0xff, 0x49, 0x98,
    0x7d, 0x24, 0x1, 0xe0, 0x1f, 0xc4, 0xf2, 0x0,
    0x2a, 0x12, 0x1, 0x0, 0xfe, 0xe3, 0x50, 0x9,
    0x61, 0xc1, 0x40, 0x3f, 0x11, 0xf8, 0x7, 0xbc,
    0xc, 0x3, 0xc8, 0xe5, 0x86, 0x1, 0xc2, 0xa6,
    0x1, 0xf0, 0xd8, 0x18, 0x7, 0xa0, 0x28, 0x3,
    0xe3, 0x0, 0xfc, 0x8c, 0x2c, 0x1, 0x84, 0x9b,
    0x58, 0x3, 0xee, 0x8, 0x0, 0xee, 0x9, 0x5e,
    0x0, 0xfa, 0xd5, 0x80, 0x39, 0x3b, 0xf9, 0x0,
    0x34, 0x70, 0xd, 0x0, 0x7f, 0xc0,

    /* U+6761 "条" */
    0x0, 0xfa, 0xa4, 0x3, 0xff, 0x8b, 0xb, 0x80,
    0x1f, 0xfc, 0x47, 0x70, 0x57, 0xff, 0x90, 0x3,
    0xf4, 0xc0, 0x4d, 0x56, 0x90, 0x24, 0x0, 0xf1,
    0xe3, 0x38, 0xd2, 0x2a, 0x92, 0xc7, 0xc0, 0x3c,
    0x98, 0x39, 0x18, 0x3e, 0xad, 0xe1, 0x84, 0x1,
    0xe4, 0xbd, 0x30, 0x2c, 0x3a, 0x93, 0xd2, 0x0,
    0xfc, 0x80, 0x3, 0x8f, 0x24, 0x32, 0xd8, 0x30,
    0xe, 0x15, 0x8b, 0xfc, 0x66, 0x6d, 0x66, 0x11,
    0xb3, 0xee, 0x18, 0x1, 0x4c, 0x11, 0x9d, 0x5,
    0xf2, 0x73, 0xd9, 0x0, 0xdc, 0x3, 0xfd, 0x6e,
    0x60, 0x1f, 0x8d, 0xef, 0xa0, 0x2, 0x3f, 0xff,
    0xb, 0x7f, 0xf6, 0x80, 0x71, 0x4c, 0xf8, 0xe,
    0x67, 0xa0, 0x3, 0x85, 0x99, 0xd8, 0xcc, 0x15,
    0x64, 0xa5, 0x65, 0x0, 0xfa, 0x5f, 0xc0, 0x38,
    0x97, 0x14, 0x3, 0xc5, 0x8d, 0x6a, 0x1, 0xe9,
    0x7a, 0x60, 0xe, 0xf1, 0xd4, 0x4, 0x40, 0x80,
    0x68, 0x79, 0x20, 0xd, 0x9a, 0x40, 0xe, 0xb1,
    0xd0, 0xd, 0x18, 0x40, 0x18, 0x40, 0x35, 0x7f,
    0x20, 0x7, 0x18, 0x4,

    /* U+6842 "桂" */
    0x0, 0x8b, 0x8, 0x3, 0xcd, 0x40, 0x1f, 0xc2,
    0x60, 0x1f, 0x7a, 0x0, 0x7f, 0xf0, 0xc4, 0x63,
    0x11, 0xe0, 0xf, 0xf5, 0xf7, 0x4a, 0x1d, 0xd8,
    0x2, 0xcf, 0xc0, 0xdf, 0x88, 0x5d, 0xc8, 0x17,
    0x78, 0x2, 0x98, 0x40, 0x78, 0xc3, 0x44, 0x88,
    0x51, 0x30, 0x4, 0xae, 0x21, 0xae, 0x80, 0x1f,
    0xfc, 0x34, 0xb, 0x15, 0xcc, 0xce, 0x39, 0x9c,
    0x1, 0x20, 0x81, 0x58, 0xb3, 0x64, 0x56, 0x6e,
    0x0, 0xb9, 0x2, 0x14, 0x2a, 0xb7, 0x95, 0x57,
    0x0, 0x9, 0x74, 0x1a, 0x14, 0x3, 0x63, 0x0,
    0x7d, 0x66, 0xa0, 0x7, 0x14, 0x4c, 0x42, 0x89,
    0x84, 0xd, 0xa4, 0x3, 0xd, 0xde, 0x40, 0xbb,
    0xc8, 0x0, 0x35, 0x0, 0xc3, 0xbb, 0x94, 0x37,
    0x72, 0x81, 0xe8, 0x7, 0x88, 0xb1, 0x89, 0x16,
    0x0, 0x84, 0x3, 0xff, 0x98, 0xbb, 0xbc, 0xe3,
    0xbb, 0xc4, 0x1, 0xe6, 0x44, 0xe7, 0x64, 0x4e,
    0x30, 0xf, 0x1c, 0xcf, 0xff, 0x0, 0x40,

    /* U+6848 "案" */
    0x0, 0xfc, 0x36, 0x80, 0x1f, 0xe1, 0x44, 0xf2,
    0xb5, 0x22, 0x7c, 0x60, 0x5, 0xbb, 0xf8, 0x86,
    0xef, 0xe9, 0x0, 0xdb, 0xff, 0x9e, 0x7f, 0xfe,
    0x20, 0x9, 0x98, 0x60, 0x13, 0x39, 0x0, 0x7d,
    0x5e, 0x0, 0xb6, 0xef, 0xfa, 0x42, 0xff, 0xfe,
    0x8b, 0x0, 0x5d, 0xe8, 0x7, 0xbb, 0xe1, 0x2b,
    0xbb, 0x40, 0x4, 0x88, 0x69, 0x88, 0x22, 0x6f,
    0x1e, 0x44, 0x8c, 0x3, 0xa4, 0x23, 0xae, 0x1f,
    0x97, 0xc, 0x3, 0xfa, 0xfb, 0x1d, 0x1e, 0x4,
    0x25, 0x88, 0x3, 0x92, 0xaf, 0x7f, 0x1d, 0x67,
    0xb9, 0x67, 0x7b, 0xd2, 0x40, 0x6, 0x33, 0x5e,
    0x77, 0x2b, 0x30, 0x2b, 0x3b, 0xa9, 0xe2, 0x0,
    0x3f, 0xf0, 0x2b, 0xb3, 0x46, 0xcd, 0x90, 0x44,
    0xa0, 0x8, 0x8f, 0xa4, 0xc6, 0x62, 0x3d, 0x60,
    0xd, 0xee, 0xe7, 0x2, 0x12, 0x5f, 0xee, 0xe0,
    0xf, 0x2e, 0xbe, 0x39, 0xe3, 0xf3, 0x80, 0x7e,
    0x6d, 0xa7, 0xf3, 0x0, 0xe, 0x44, 0x39, 0xc4,
    0x0, 0x37, 0xf2, 0xd9, 0x42, 0x1, 0xcf, 0xcd,
    0x1d, 0x84, 0x3a, 0xfb, 0x66, 0x1, 0xf8, 0x63,
    0xe5, 0x48,

    /* U+6863 "档" */
    0x0, 0x87, 0xc, 0x3, 0xcb, 0x40, 0x1f, 0x8c,
    0xce, 0x0, 0x21, 0x0, 0x6a, 0x0, 0x4a, 0x20,
    0x1f, 0xba, 0xc0, 0x3c, 0x54, 0xe0, 0x1f, 0xa5,
    0x44, 0x3, 0xa8, 0x58, 0x1d, 0xd4, 0x1c, 0xec,
    0xa3, 0x20, 0x1c, 0xcc, 0x0, 0x44, 0x1c, 0x16,
    0x28, 0x1d, 0x40, 0x33, 0xc, 0x80, 0x3f, 0xce,
    0x13, 0xf8, 0x17, 0x20, 0x18, 0xe8, 0x40, 0x32,
    0x4, 0x8, 0xaa, 0x3a, 0x94, 0x6b, 0xfd, 0x48,
    0x0, 0x13, 0x0, 0x50, 0x3b, 0xe0, 0x27, 0x79,
    0x4c, 0x0, 0xc4, 0x10, 0x8d, 0xbb, 0xfc, 0x1,
    0xa9, 0x40, 0x9f, 0x80, 0x3f, 0xf8, 0xa, 0x56,
    0x0, 0x99, 0x2b, 0x37, 0xe0, 0xa, 0x18, 0x40,
    0x2, 0x11, 0x33, 0xf8, 0x0, 0xa5, 0x60, 0x1d,
    0xbf, 0xff, 0x80, 0xb, 0x24, 0x1, 0xff, 0xc5,
    0x60, 0xe, 0x24, 0x4f, 0xe0, 0xf, 0xe8, 0xbb,
    0xfe, 0x0, 0xfe, 0xbc, 0xcf, 0xe0, 0xf, 0xe1,
    0x33, 0xfe, 0xf7,

    /* U+6B65 "步" */
    0x0, 0xfe, 0x57, 0x0, 0xff, 0xe0, 0x19, 0x0,
    0x59, 0x60, 0x1f, 0xfc, 0xd, 0xb0, 0xc, 0x4e,
    0xfc, 0xc0, 0x1f, 0xfc, 0x1, 0x88, 0xf0, 0x7,
    0xff, 0x0, 0xff, 0xfb, 0x80, 0x3f, 0xf9, 0x53,
    0x54, 0x14, 0xaa, 0x90, 0xaa, 0xbe, 0x70, 0x31,
    0x12, 0x30, 0x8c, 0x40, 0x23, 0xf7, 0x85, 0x5d,
    0xd3, 0x2b, 0xb0, 0xa5, 0xdf, 0xd0, 0x1, 0xd9,
    0xc0, 0x1f, 0xab, 0x40, 0x3d, 0x63, 0xc0, 0x1f,
    0x22, 0xa0, 0x7, 0x52, 0x51, 0x0, 0x78, 0xac,
    0xa4, 0x2, 0x1b, 0x58, 0x50, 0xf, 0x1e, 0xf,
    0x80, 0x61, 0x9, 0x70, 0xf, 0x36, 0x6, 0x90,
    0x7, 0x5b, 0x0, 0x75, 0xbc, 0xa7, 0x98, 0x7,
    0xf8, 0x9f, 0x68, 0xe6, 0xc4, 0x3, 0xe3, 0x69,
    0xdd, 0x40, 0xcf, 0x30, 0x7, 0xec, 0xc4, 0xb3,
    0x23, 0x71, 0x80, 0x3f, 0xdf, 0x5b, 0xf6, 0xe4,
    0x1, 0xff, 0x0,

    /* U+6BCD "母" */
    0x0, 0xd3, 0xff, 0xff, 0x70, 0x7, 0x88, 0x66,
    0x7f, 0x8c, 0x3, 0xe5, 0x26, 0x60, 0x1, 0x9b,
    0xc0, 0x1f, 0xa, 0x80, 0x3a, 0x70, 0x80, 0x31,
    0x80, 0x71, 0x7, 0x0, 0x23, 0x43, 0x54, 0x0,
    0x22, 0x0, 0xe7, 0x3, 0x0, 0x8b, 0x19, 0x80,
    0x7, 0x0, 0xce, 0xee, 0xd, 0x77, 0xee, 0x47,
    0x71, 0xb, 0xb0, 0xc4, 0x10, 0x1a, 0x23, 0xf8,
    0x4a, 0x2c, 0x7f, 0xc6, 0x5f, 0xf7, 0x7f, 0xf8,
    0x5b, 0xf4, 0x2, 0x37, 0x0, 0x47, 0x40, 0x7,
    0x8, 0x80, 0x31, 0x1, 0x0, 0x22, 0x9b, 0x4c,
    0x0, 0x21, 0xe0, 0x19, 0x83, 0x40, 0x25, 0xf6,
    0xc1, 0x3, 0x1, 0x0, 0xc6, 0xc, 0x23, 0x82,
    0xa8, 0x2, 0xe0, 0x62, 0x1, 0x60, 0x67, 0x77,
    0xab, 0xb9, 0x41, 0x5c, 0x20, 0x8, 0xab, 0xbf,
    0xf2, 0x5, 0xd8, 0x40, 0x6, 0xa8, 0x9f, 0xe6,
    0x34, 0x40, 0x7, 0xfc, 0xaa, 0x48, 0x2b, 0x0,
    0xff, 0xe0, 0xe5, 0x5b, 0xab, 0x80, 0x7f, 0xf0,
    0x67, 0xfe, 0xa0, 0xc,

    /* U+6CA1 "没" */
    0x0, 0x28, 0x7, 0x88, 0x47, 0x10, 0x7, 0x8e,
    0xb9, 0x40, 0x24, 0xde, 0xed, 0xb2, 0x1, 0xc7,
    0xab, 0x54, 0x0, 0xd1, 0x55, 0x0, 0x7e, 0x2b,
    0xaf, 0x0, 0xca, 0xb8, 0x40, 0x3f, 0x95, 0x40,
    0x3, 0x2, 0x0, 0xff, 0xe2, 0xd1, 0x80, 0x7f,
    0x8b, 0xe4, 0x40, 0x2a, 0x28, 0x0, 0xc4, 0xdf,
    0xed, 0x2, 0x86, 0xe8, 0x1d, 0x58, 0x40, 0xd,
    0xd0, 0xee, 0xa0, 0x3, 0xf2, 0x90, 0xd5, 0xb8,
    0x7, 0x13, 0xc4, 0x1c, 0x2, 0x1a, 0xa0, 0x15,
    0xff, 0xff, 0x28, 0x7, 0xe7, 0x50, 0x78, 0x8e,
    0x30, 0x70, 0xf, 0x43, 0x95, 0x89, 0x3b, 0xe5,
    0x35, 0x20, 0xe, 0x17, 0xf0, 0x18, 0x56, 0x0,
    0xf, 0x8d, 0x80, 0x7a, 0x2, 0x40, 0xc, 0xb2,
    0xa3, 0xa5, 0xa2, 0x1, 0xc4, 0xce, 0x20, 0x15,
    0x25, 0x79, 0xd9, 0x80, 0x7a, 0x46, 0x40, 0x31,
    0x8, 0x8, 0xc0, 0x1e, 0x54, 0x91, 0x1, 0x6b,
    0xd5, 0x8a, 0x3a, 0xd7, 0x20, 0xb, 0x49, 0xc2,
    0x3a, 0x5a, 0x3d, 0xd7, 0x64, 0x63, 0x70, 0x1,
    0x18, 0x0, 0x98, 0xdd, 0x38, 0x6, 0x6c, 0xd9,
    0xf0,

    /* U+6CAA "沪" */
    0x0, 0x30, 0x80, 0x78, 0x64, 0xc0, 0x3c, 0x31,
    0xd0, 0x1, 0xc2, 0xba, 0x20, 0x1c, 0x3c, 0xcf,
    0xa0, 0x1d, 0xa1, 0x40, 0x1f, 0x4e, 0x58, 0x13,
    0x2a, 0x91, 0x4, 0xab, 0x20, 0x6, 0x36, 0xa,
    0x9a, 0xa9, 0x5a, 0xaa, 0x90, 0x10, 0xf, 0xbb,
    0xbe, 0x50, 0x2e, 0xb2, 0x0, 0xe1, 0x1f, 0x80,
    0x5, 0x4b, 0xb2, 0x1, 0xff, 0xc2, 0x5e, 0x70,
    0xe, 0x22, 0xf8, 0x40, 0x34, 0x48, 0x6, 0xdd,
    0xf9, 0x0, 0x3f, 0xd9, 0x9f, 0x20, 0x7, 0x5a,
    0x81, 0x9, 0x9f, 0xdd, 0x40, 0x11, 0xa1, 0x83,
    0x10, 0x7, 0xca, 0xe0, 0x14, 0xb, 0x1, 0xa8,
    0x7, 0xfc, 0x69, 0x20, 0x61, 0x80, 0x1f, 0xf4,
    0xb, 0x84, 0x82, 0x0, 0x7f, 0x91, 0x12, 0x4,
    0xaa, 0x10, 0xf, 0xf1, 0xb, 0x84, 0x84, 0x0,
    0x7f, 0xcd, 0xc0, 0xa, 0xb2, 0x0, 0xff, 0x0,

    /* U+6D25 "津" */
    0x0, 0xff, 0xe4, 0xb1, 0x0, 0x7d, 0xd2, 0x1,
    0xfa, 0xf5, 0x80, 0x3f, 0xf8, 0x9a, 0xb3, 0x23,
    0xee, 0xc2, 0xdd, 0xd9, 0x40, 0x35, 0x47, 0x95,
    0xde, 0x4, 0xbb, 0x84, 0xc0, 0x39, 0xd8, 0x55,
    0x70, 0x92, 0xac, 0x1, 0x8c, 0x2, 0x6f, 0xfe,
    0x16, 0xff, 0x82, 0x78, 0xf2, 0x80, 0x9, 0x33,
    0xc0, 0x73, 0x30, 0x2d, 0x9c, 0x2e, 0x9, 0x33,
    0x70, 0xab, 0x34, 0x18, 0xa0, 0xf4, 0x72, 0x2,
    0xcd, 0x85, 0x59, 0xa0, 0xe, 0x5c, 0x80, 0x5b,
    0xbc, 0x7, 0x77, 0x11, 0x80, 0x63, 0x0, 0x26,
    0xee, 0x16, 0xdd, 0xca, 0x1, 0x87, 0x8e, 0x7f,
    0xf0, 0xb7, 0xfe, 0xc0, 0xc, 0xc2, 0x57, 0x7c,
    0x9, 0x77, 0xbc, 0x3, 0x4a, 0x9, 0x22, 0x61,
    0x24, 0x4c, 0x60, 0x12, 0x8f, 0xcf, 0xff, 0xb,
    0x7f, 0xf5, 0x80, 0x20, 0x92, 0xab, 0xc0, 0x95,
    0x5d, 0xe0, 0xa5, 0x60, 0x6a, 0xbc, 0x24, 0xab,
    0xc8, 0x18, 0x2c, 0x1, 0xff, 0xc4, 0x9d, 0x0,
    0xff, 0xe2, 0x0,

    /* U+6D59 "浙" */
    0x0, 0x39, 0x0, 0x47, 0xa2, 0x1, 0xe4, 0x90,
    0x8, 0xab, 0x60, 0x0, 0xe4, 0x60, 0x12, 0x4f,
    0x5a, 0x18, 0x0, 0xb5, 0xdd, 0x0, 0x1e, 0x9b,
    0x56, 0xcd, 0x30, 0xd, 0x17, 0x20, 0x1f, 0x16,
    0x41, 0x80, 0x7c, 0x91, 0xf6, 0x1b, 0xec, 0x1,
    0xfc, 0x40, 0x16, 0xc2, 0x83, 0xc2, 0x80, 0x7f,
    0x66, 0xa8, 0x23, 0xf0, 0x53, 0x98, 0x1b, 0x37,
    0x8, 0x63, 0x55, 0x0, 0x3f, 0xc, 0xcf, 0x10,
    0x15, 0xd7, 0x80, 0x70, 0x88, 0xb, 0xf8, 0x2b,
    0xcc, 0x2, 0x55, 0x0, 0x4, 0x3f, 0xa4, 0x3,
    0xff, 0x82, 0xf9, 0x40, 0x33, 0x0, 0x20, 0x1f,
    0xc9, 0x58, 0xc, 0x1c, 0xc0, 0x4e, 0x1, 0xfd,
    0xc9, 0x79, 0xa0, 0x19, 0x88, 0x3, 0xf0, 0xab,
    0x0, 0x7c, 0x5e, 0x1, 0xf9, 0x82, 0x40, 0x3c,
    0x80, 0xa0, 0x1f, 0xa5, 0x4, 0x3, 0xde, 0x26,
    0x1, 0xf3, 0xf, 0x82, 0x3f, 0x1, 0xa2, 0x24,
    0x3, 0xf7, 0x12, 0x0, 0x21, 0x18, 0x4c, 0x5c,
    0x3, 0xf4, 0x68, 0x1, 0x3f, 0xa4, 0x1f, 0x0,
    0x3f, 0x0,

    /* U+6D88 "消" */
    0x0, 0x20, 0x7, 0xf5, 0xa8, 0x7, 0x86, 0xb9,
    0x40, 0x15, 0x20, 0x12, 0x68, 0x0, 0xb9, 0x0,
    0x7d, 0x6a, 0x43, 0x19, 0x0, 0x3d, 0x0, 0xa0,
    0x1, 0xb8, 0xe0, 0x63, 0x90, 0xe, 0x35, 0x81,
    0x0, 0xce, 0xe0, 0x4, 0x91, 0x0, 0x34, 0x9b,
    0x0, 0x7f, 0x2f, 0x10, 0x6, 0xac, 0x0, 0xf,
    0x59, 0x0, 0x4f, 0xfd, 0xfe, 0x7, 0xff, 0xb0,
    0x6, 0x17, 0x58, 0x3, 0x4c, 0xfc, 0x40, 0x13,
    0x7a, 0x58, 0x6, 0x66, 0xfc, 0x1, 0x86, 0xf0,
    0x3, 0x2a, 0xfc, 0xe0, 0x1e, 0x10, 0xd, 0x55,
    0xf1, 0x80, 0x79, 0x94, 0x2, 0xff, 0xf9, 0x0,
    0x3d, 0x18, 0x1, 0x8, 0xfc, 0x1, 0xe8, 0x18,
    0x0, 0xbb, 0xbe, 0x40, 0xc, 0x4e, 0xe1, 0x0,
    0xb3, 0x3e, 0x30, 0xd, 0x21, 0x20, 0x18, 0xcf,
    0xe7, 0x0, 0x95, 0x20, 0x40, 0x3f, 0x13, 0x2b,
    0x0, 0x4c, 0xae, 0x1, 0xfc, 0x33, 0x47, 0x40,
    0x3, 0xa0, 0xf, 0xf1, 0xff, 0xb9, 0x80,

    /* U+6E05 "清" */
    0x0, 0x18, 0x7, 0xe6, 0xc0, 0xf, 0x87, 0x79,
    0x0, 0x8c, 0xf7, 0x99, 0xf8, 0x0, 0x3e, 0x96,
    0xf7, 0x99, 0x98, 0x33, 0x39, 0x0, 0x3, 0x52,
    0xd3, 0xff, 0x9c, 0x3f, 0xf9, 0x0, 0x33, 0x9,
    0x7f, 0xe7, 0xf, 0xfd, 0x60, 0x1, 0x0, 0xc5,
    0xbb, 0x98, 0x37, 0x75, 0x0, 0xfe, 0x18, 0x12,
    0xbb, 0xe3, 0x7, 0x7c, 0x8a, 0x34, 0x58, 0xed,
    0x33, 0xcc, 0x73, 0x3e, 0x4, 0xe5, 0x4, 0xcc,
    0xff, 0xe0, 0x80, 0x54, 0xe0, 0xc, 0xff, 0xfe,
    0x60, 0xf, 0xe5, 0xdd, 0xf8, 0x3, 0xea, 0x30,
    0x0, 0x80, 0x7f, 0xf0, 0x49, 0x50, 0x0, 0x9b,
    0xbf, 0x0, 0x7a, 0xc1, 0x80, 0xb, 0xff, 0xf0,
    0x7, 0xb, 0x28, 0x80, 0x17, 0xbb, 0xe0, 0xe,
    0x90, 0x80, 0x9, 0x37, 0x7e, 0x0, 0xc2, 0xe8,
    0x40, 0x10, 0x99, 0xfc, 0x1, 0x98, 0x3c, 0x3,
    0xf8, 0xd5, 0x40, 0x19, 0xe1, 0x0, 0x3f, 0x96,
    0xec, 0x8e, 0x0,

    /* U+6E1D "渝" */
    0x0, 0x30, 0x80, 0x7c, 0x58, 0x80, 0x1f, 0x14,
    0x7a, 0x80, 0x71, 0x61, 0x98, 0x3, 0xe2, 0xf5,
    0xa7, 0x0, 0x97, 0xe, 0x21, 0x22, 0x1, 0xe1,
    0xb8, 0x60, 0x1a, 0xa2, 0xeb, 0xe2, 0x7b, 0x88,
    0x7, 0x9c, 0x23, 0x96, 0x6c, 0x0, 0x7b, 0x31,
    0xd4, 0x20, 0x20, 0x14, 0xbb, 0x24, 0xff, 0xf4,
    0x6b, 0x98, 0x8b, 0xec, 0x82, 0x3a, 0x65, 0x77,
    0xf1, 0xdc, 0x80, 0xd2, 0xeb, 0x81, 0x4d, 0xee,
    0xb9, 0xd1, 0x36, 0x0, 0x49, 0xca, 0x0, 0x66,
    0x22, 0x4a, 0xc3, 0xe2, 0x1, 0xf5, 0x38, 0x5,
    0xbb, 0x0, 0xc, 0x3, 0xff, 0x85, 0x33, 0x0,
    0x7f, 0xf0, 0xe, 0x0, 0x3f, 0xf8, 0xd2, 0xc0,
    0x14, 0xcc, 0x1, 0xff, 0xa, 0xb0, 0x5, 0x77,
    0x0, 0x7f, 0xd0, 0x12, 0x1, 0x6e, 0xc0, 0x1f,
    0xe1, 0x66, 0x8, 0x4, 0xcd, 0x0, 0xa, 0xc4,
    0x3, 0xa0, 0x2c, 0x3, 0x89, 0x80, 0x26, 0x5d,
    0x0, 0xda, 0xe4, 0x1, 0xc3, 0x6, 0x80, 0xf4,
    0xce, 0x0,

    /* U+6E58 "湘" */
    0x0, 0x28, 0x80, 0x6b, 0x60, 0xf, 0xf0, 0xdf,
    0x38, 0x4, 0xa2, 0x0, 0xaf, 0xfe, 0x70, 0x1e,
    0x68, 0x70, 0xf, 0x9, 0x4c, 0xc0, 0x1d, 0x34,
    0xe0, 0x1f, 0x33, 0x60, 0xf, 0x2a, 0x33, 0x7,
    0x19, 0x40, 0x3f, 0x8, 0x5, 0xd3, 0x20, 0x49,
    0x90, 0x0, 0x46, 0x0, 0xbf, 0x54, 0x2b, 0xb0,
    0x1f, 0xb0, 0x13, 0xba, 0x0, 0xb4, 0x6a, 0x40,
    0x50, 0x3c, 0x40, 0x7, 0x77, 0x0, 0x47, 0x93,
    0x80, 0xc, 0xa, 0x10, 0x3, 0xa2, 0x40, 0x1c,
    0xca, 0x2, 0x80, 0x5a, 0x20, 0x1f, 0xfc, 0x16,
    0x31, 0x71, 0xa0, 0x0, 0x8c, 0x1, 0xce, 0x81,
    0x56, 0x1f, 0xc6, 0x9, 0xdd, 0x0, 0x74, 0xe3,
    0x13, 0x0, 0xe, 0x0, 0xee, 0xe0, 0xc, 0xa3,
    0xb0, 0xc2, 0x1, 0xce, 0x89, 0x0, 0x6e, 0x27,
    0x38, 0x0, 0xff, 0xe0, 0x8a, 0x29, 0x68, 0x80,
    0x7c, 0x23, 0x0, 0x52, 0x14, 0x1, 0xfc, 0x9d,
    0xd0, 0x5, 0xca, 0x40, 0x1f, 0xc7, 0x55, 0x0,
    0x4d, 0x40, 0x1f, 0xc2, 0xca, 0xb7, 0xb8,

    /* U+6EE1 "满" */
    0x1, 0x10, 0x7, 0x35, 0x80, 0x56, 0xc0, 0x1d,
    0x5e, 0xa0, 0x46, 0x6f, 0x43, 0x39, 0x7c, 0xcc,
    0x40, 0xa, 0x4a, 0xa7, 0xe6, 0x18, 0x33, 0x21,
    0x6c, 0xc8, 0x0, 0x35, 0x3f, 0x9d, 0xc7, 0xe,
    0xe8, 0x5b, 0xb9, 0xe0, 0x19, 0x94, 0x46, 0xd6,
    0x11, 0x9f, 0x4, 0x60, 0xf, 0x55, 0xdb, 0x8a,
    0xee, 0x2e, 0xbb, 0x85, 0x60, 0x2, 0x32, 0x29,
    0x98, 0x42, 0x84, 0x58, 0x75, 0xf4, 0xc2, 0x67,
    0x3a, 0xcc, 0x82, 0x67, 0x4, 0x60, 0x78, 0x1b,
    0xbe, 0x37, 0xa0, 0x77, 0x8c, 0x0, 0x7b, 0xa0,
    0xb8, 0x99, 0x12, 0x4b, 0x4, 0xca, 0x2c, 0x3,
    0x8, 0x0, 0x7b, 0x83, 0x5d, 0x27, 0xdc, 0x10,
    0xe, 0x84, 0x0, 0x88, 0x40, 0x1e, 0x22, 0x0,
    0xf1, 0x39, 0x80, 0x4a, 0x14, 0x68, 0x54, 0x1,
    0xe8, 0x6, 0x0, 0xa6, 0x21, 0x45, 0x88, 0xc0,
    0x18, 0xd6, 0x4, 0x1, 0x46, 0xee, 0x56, 0x38,
    0x30, 0xd, 0xe2, 0xe0, 0x15, 0xf8, 0xb, 0x40,
    0x3a, 0x80, 0x4a, 0x70, 0x1, 0x84, 0x80, 0x68,
    0x40, 0x44, 0x1, 0x2c, 0xb0, 0x7, 0xf8, 0x7f,
    0xc7, 0x60,

    /* U+724C "牌" */
    0x0, 0x20, 0x2, 0x50, 0x3, 0x9e, 0x0, 0x3e,
    0x3b, 0x20, 0x62, 0x0, 0xe8, 0x10, 0xf, 0xfe,
    0x12, 0xe6, 0x34, 0x13, 0x33, 0x20, 0x7, 0xf1,
    0x1d, 0x5b, 0x95, 0xd5, 0xc, 0x40, 0x3f, 0xc2,
    0xcc, 0xb0, 0x66, 0x80, 0x3d, 0x70, 0x1b, 0x0,
    0x3b, 0xae, 0xc, 0xdd, 0x0, 0x79, 0x14, 0x99,
    0x40, 0x11, 0xa, 0x8, 0x88, 0x3, 0xdf, 0xbb,
    0x80, 0x55, 0x44, 0xa, 0xb0, 0x7, 0xff, 0x0,
    0x59, 0x9c, 0x2c, 0xd0, 0x7, 0xc2, 0x30, 0x11,
    0x2e, 0x10, 0xee, 0xe2, 0x10, 0xd, 0xbd, 0xd1,
    0x2e, 0xf8, 0x1e, 0xd2, 0x6e, 0x90, 0x0, 0xe1,
    0x79, 0x0, 0x13, 0xea, 0xe0, 0x6a, 0x80, 0x70,
    0x82, 0x19, 0x0, 0xb, 0x2a, 0xc0, 0x3f, 0x8c,
    0x40, 0x30, 0xea, 0x57, 0xfc, 0xa7, 0xff, 0x10,
    0x71, 0x0, 0x61, 0xaa, 0xf1, 0x95, 0x54, 0x40,
    0x6c, 0x1, 0xca, 0xbe, 0x61, 0x55, 0x80, 0xb,
    0xa0, 0x1f, 0xfc, 0x52, 0x14, 0x0, 0xff, 0xe2,
    0xb1, 0x18, 0x7, 0xff, 0x15, 0x34, 0x2, 0x5f,
    0x20, 0xf, 0x56, 0x0, 0x60,

    /* U+72B6 "状" */
    0x0, 0xe6, 0x20, 0xc, 0x2a, 0x20, 0x1f, 0xe1,
    0x94, 0x0, 0xc5, 0x4a, 0x10, 0x60, 0x1f, 0xfc,
    0x62, 0xd1, 0x0, 0xa6, 0x0, 0x3f, 0xf8, 0x14,
    0x7a, 0x1, 0x63, 0xb0, 0x7, 0xff, 0x3, 0x88,
    0x80, 0x5, 0x69, 0x50, 0xf, 0xf8, 0xf8, 0x80,
    0x29, 0x23, 0x0, 0x6f, 0xfd, 0x81, 0x7f, 0xfc,
    0x1, 0xb5, 0x80, 0x14, 0xef, 0x20, 0x1b, 0xbf,
    0x0, 0x7e, 0x78, 0x8b, 0x41, 0xe2, 0x38, 0x3,
    0x94, 0x3, 0xdc, 0x8, 0x1, 0xfc, 0x96, 0x1,
    0xe4, 0x10, 0x40, 0xf, 0x96, 0xcc, 0x3, 0xc6,
    0xc7, 0xc0, 0x1e, 0x6a, 0x4d, 0x0, 0xe5, 0xc,
    0xa5, 0x10, 0xc, 0x52, 0x96, 0x1, 0xe9, 0x24,
    0x70, 0x80, 0xc, 0x55, 0x60, 0x1e, 0x53, 0xb0,
    0x17, 0x63, 0x0, 0xca, 0x1, 0xe1, 0xb2, 0x60,
    0x4, 0xf, 0x8, 0x7, 0xfb, 0x47, 0x80, 0x35,
    0x16, 0x88, 0x7, 0xdd, 0x87, 0x46, 0x1, 0x92,
    0x4f, 0xc8, 0x3, 0xde, 0xf4, 0xa0, 0x1e, 0x6a,
    0x42,

    /* U+7406 "理" */
    0x7, 0x7f, 0xe, 0x77, 0x7f, 0x30, 0x2, 0x23,
    0xc4, 0x45, 0x99, 0x20, 0xcc, 0xc2, 0x20, 0x7,
    0xf9, 0xc7, 0xfc, 0x61, 0x8e, 0xef, 0x7, 0x78,
    0x3, 0xff, 0xa9, 0x1f, 0xea, 0xf, 0xf8, 0x3,
    0xff, 0x80, 0xd9, 0x88, 0xc, 0xc8, 0x3, 0x45,
    0x28, 0xd4, 0x80, 0x38, 0xcc, 0x40, 0x67, 0x0,
    0x61, 0x11, 0x80, 0x90, 0x3, 0x8c, 0xc4, 0x6,
    0x70, 0x6, 0x9b, 0x61, 0xbb, 0x0, 0x1b, 0x31,
    0x1, 0x99, 0x0, 0x7f, 0xdf, 0xdd, 0x38, 0x6f,
    0x74, 0xe0, 0x1f, 0xc2, 0x3b, 0xc0, 0xc4, 0x60,
    0xf, 0xf3, 0x36, 0xc0, 0x66, 0xc8, 0x1, 0xc2,
    0xd4, 0x53, 0x39, 0x2, 0x26, 0x6f, 0x0, 0x1c,
    0x28, 0x4b, 0xf, 0xfe, 0x80, 0xef, 0xfa, 0xc0,
    0x71, 0x9e, 0xbb, 0xc, 0x3, 0xff, 0x80, 0x39,
    0xd4, 0xa2, 0xb5, 0x5d, 0x61, 0x75, 0x59, 0x0,
    0xc0, 0x31, 0xb3, 0x70, 0x1b, 0x37, 0x8,

    /* U+743C "琼" */
    0x0, 0xff, 0xe0, 0x3c, 0x80, 0x7c, 0xce, 0xfc,
    0x40, 0x1c, 0xc4, 0x1, 0xe9, 0x88, 0xe7, 0x56,
    0x6b, 0xc2, 0x59, 0xb0, 0x3, 0xfc, 0xc3, 0xfe,
    0x59, 0x9c, 0xe0, 0x93, 0x38, 0x3, 0x8, 0x6,
    0xcf, 0xff, 0xf0, 0x7, 0xf9, 0x57, 0xf8, 0x3,
    0xfe, 0xaa, 0xfe, 0x0, 0x91, 0xd0, 0x5d, 0x80,
    0x28, 0xff, 0xe8, 0x0, 0xdd, 0x6, 0x11, 0x60,
    0x1f, 0xfc, 0x2a, 0xf7, 0x1f, 0xd0, 0xb, 0x91,
    0x3b, 0x80, 0x3f, 0xf8, 0x2d, 0x77, 0xcc, 0x1,
    0xff, 0xc0, 0xff, 0xac, 0x33, 0xfe, 0x0, 0xff,
    0x9b, 0x84, 0x2, 0x3d, 0x10, 0xf, 0xc, 0xf4,
    0xc, 0x20, 0x80, 0x46, 0x16, 0x1, 0x46, 0x38,
    0x23, 0xdd, 0x82, 0xc0, 0x3a, 0x55, 0x0, 0xc,
    0xf3, 0xba, 0x94, 0x5b, 0x10, 0xe, 0x44, 0x48,
    0x3, 0xad, 0x88, 0x0, 0x4e, 0xa8, 0x8c, 0x1,
    0x0, 0x42, 0x80, 0x7e, 0x58, 0xe, 0xb7, 0x42,
    0x0, 0x1c, 0x0, 0x7f, 0xd5, 0xfe, 0xb0, 0xf,
    0x0,

    /* U+7518 "甘" */
    0x0, 0xcd, 0x60, 0x1f, 0x3d, 0x0, 0x7e, 0xe4,
    0x0, 0xfb, 0x54, 0x3, 0xff, 0xbc, 0x9f, 0xf3,
    0x87, 0xff, 0xca, 0x1f, 0xf4, 0xb3, 0xbc, 0x60,
    0xef, 0xf1, 0x3, 0xbd, 0x85, 0x11, 0x20, 0x44,
    0x7c, 0xe1, 0x11, 0x28, 0x7, 0xff, 0x80, 0xc8,
    0xbc, 0x20, 0x1f, 0xf6, 0x6e, 0xf9, 0x0, 0x3f,
    0xea, 0xaf, 0x8c, 0x3, 0xfe, 0x55, 0xf9, 0x80,
    0x3f, 0xfc, 0xa8, 0x67, 0xe1, 0x0, 0xff, 0xaf,
    0x33, 0xc8, 0x1, 0xff, 0x5e, 0x67, 0x90, 0x3,
    0xfe, 0x43, 0x3f, 0x11, 0x0, 0x30,

    /* U+7528 "用" */
    0x0, 0x99, 0xdf, 0xff, 0x82, 0xa0, 0x15, 0xc4,
    0x7f, 0xf0, 0x80, 0x32, 0xff, 0xe6, 0xf, 0xfe,
    0x50, 0xf, 0xfe, 0xea, 0xff, 0xe6, 0xf, 0xfe,
    0x50, 0xe, 0x38, 0x8c, 0x61, 0x11, 0xc4, 0x1,
    0xcc, 0xef, 0x94, 0x1d, 0xfc, 0x1, 0x8c, 0xc0,
    0x1f, 0xfc, 0x51, 0x0, 0xff, 0xe2, 0xb, 0xff,
    0xe6, 0xf, 0xfe, 0x50, 0x8, 0x81, 0x62, 0x31,
    0x84, 0x47, 0x10, 0x4, 0xe1, 0xe, 0xf9, 0x41,
    0xdf, 0xc0, 0x17, 0x89, 0x0, 0x7f, 0xf0, 0x85,
    0x5c, 0x3, 0xff, 0x87, 0x61, 0x60, 0x1f, 0x85,
    0x9a, 0x71, 0x13, 0x41, 0x0, 0x70, 0x88, 0x6,
    0x66, 0x39, 0x1c, 0x70, 0xf, 0x47, 0x0, 0x3f,
    0xee, 0x50,

    /* U+7535 "电" */
    0x0, 0xfb, 0x5c, 0x3, 0xff, 0x88, 0x5e, 0x1,
    0xff, 0xcf, 0x8f, 0xff, 0x3, 0xff, 0xf9, 0x80,
    0x2, 0xe, 0xfc, 0x6, 0xef, 0x98, 0x4, 0x3,
    0x44, 0x70, 0x24, 0x47, 0x0, 0x7f, 0xf3, 0x1d,
    0xf8, 0x11, 0xdf, 0x48, 0x7, 0xa2, 0x38, 0xe,
    0x23, 0x38, 0x7, 0xbf, 0xf8, 0x1f, 0xff, 0x70,
    0x7, 0xff, 0x31, 0x13, 0x80, 0x91, 0x38, 0x3,
    0xd7, 0x7c, 0xb, 0x77, 0xa8, 0x3, 0xd9, 0x9c,
    0xb, 0x99, 0xe5, 0x20, 0xa9, 0x33, 0xe0, 0x23,
    0x3f, 0xe, 0xa1, 0xb0, 0x7, 0x84, 0x3, 0xca,
    0xe, 0x1, 0xf1, 0x34, 0xc4, 0x78, 0x4c, 0x3,
    0xe9, 0x26, 0x77, 0xe3, 0xa0,

    /* U+7684 "的" */
    0x0, 0x8e, 0x4, 0x3, 0xc, 0x90, 0x7, 0xea,
    0x71, 0x0, 0xce, 0xc0, 0x1f, 0xc8, 0xa0, 0x1d,
    0xa4, 0x40, 0xe, 0x27, 0x62, 0x36, 0x61, 0x80,
    0xa0, 0xbb, 0xf2, 0x22, 0x24, 0x1a, 0x65, 0x40,
    0xc0, 0x53, 0x3a, 0x34, 0x1, 0xff, 0x88, 0x1,
    0x2b, 0xdd, 0xc2, 0x20, 0xf, 0xd0, 0x30, 0x1,
    0xef, 0x0, 0xf8, 0xd5, 0x88, 0x3, 0x84, 0x3,
    0xf1, 0xec, 0xca, 0x80, 0x38, 0x40, 0x1f, 0xf8,
    0x80, 0x2d, 0x57, 0x0, 0xc6, 0x0, 0xbb, 0xc4,
    0x1, 0x23, 0xc1, 0x80, 0x80, 0x64, 0x4c, 0x1,
    0xd0, 0x5c, 0x6, 0x2, 0x1, 0xff, 0xc0, 0xe3,
    0x26, 0x7, 0x0, 0xff, 0xe0, 0x1f, 0x10, 0x81,
    0x0, 0x7f, 0xf0, 0xc8, 0x4, 0x1, 0xff, 0x88,
    0x3, 0xf6, 0x10, 0x5, 0x33, 0xd4, 0x1, 0x2b,
    0x2b, 0xa2, 0x80, 0x4c, 0xdc, 0x60, 0x11, 0x4d,
    0x42, 0x48, 0x37, 0x80, 0x7f, 0x3f, 0xfd, 0x62,
    0x0,

    /* U+7696 "皖" */
    0x0, 0x9d, 0x0, 0x3c, 0xa8, 0x1, 0xf8, 0x63,
    0x0, 0x3d, 0x94, 0x20, 0x1f, 0x20, 0x50, 0x0,
    0x47, 0x50, 0xc8, 0x8e, 0x3, 0x79, 0x14, 0x62,
    0xee, 0xd8, 0xf, 0xdd, 0x81, 0x20, 0x82, 0x25,
    0x1, 0xf3, 0x3e, 0x60, 0xd, 0xdd, 0x0, 0x5c,
    0x67, 0xf7, 0x0, 0x7f, 0x67, 0x77, 0xf6, 0x0,
    0x7e, 0x3b, 0x88, 0xfa, 0x8c, 0x2, 0xcc, 0x80,
    0x23, 0x66, 0xf8, 0xc0, 0x32, 0xac, 0x0, 0x45,
    0x5f, 0xf0, 0x80, 0x26, 0x60, 0x5, 0x57, 0xfc,
    0xa0, 0x1f, 0x77, 0xf8, 0x27, 0xdc, 0x7f, 0xe4,
    0x0, 0xfe, 0x30, 0x20, 0xf, 0xe3, 0x38, 0x3,
    0x20, 0x28, 0x7, 0xf6, 0x64, 0x1, 0xa9, 0x4,
    0x3, 0x8c, 0x2, 0xee, 0xcc, 0x14, 0x50, 0x1,
    0xed, 0x72, 0x31, 0x1c, 0x98, 0xb2, 0x60, 0x10,
    0xaa, 0x84, 0x97, 0x0, 0x21, 0xa0, 0xc6, 0x0,
    0xac, 0x6a, 0x84, 0x80, 0x1c, 0x3f, 0x86, 0x1,
    0x8f, 0xbf, 0xda, 0x20,

    /* U+76D6 "盖" */
    0x0, 0xe8, 0x60, 0xf, 0x2d, 0x0, 0x7f, 0xd2,
    0x40, 0x1d, 0x0, 0x1f, 0x88, 0xcd, 0x81, 0x66,
    0x7a, 0xb, 0xcc, 0xc4, 0x1, 0xbf, 0x31, 0x60,
    0xd9, 0x99, 0xc2, 0xb3, 0x1c, 0x1, 0xb7, 0xff,
    0xc4, 0x4f, 0xff, 0x60, 0x7, 0x11, 0x9f, 0x80,
    0xcf, 0xc0, 0x1e, 0xec, 0xce, 0x12, 0xcc, 0xed,
    0x0, 0xf6, 0x7f, 0xf1, 0x13, 0xff, 0xb8, 0x3,
    0xff, 0x99, 0x5f, 0xff, 0x11, 0x3f, 0xfe, 0xa0,
    0x4, 0x66, 0x7f, 0xf1, 0x20, 0x0, 0x46, 0xcd,
    0xff, 0xc2, 0x32, 0x0, 0xd5, 0x5f, 0xfc, 0x20,
    0xf, 0xa3, 0xfc, 0x31, 0xfe, 0x81, 0xff, 0x48,
    0x7, 0xff, 0x84, 0x44, 0x1e, 0x23, 0x78, 0x8b,
    0xc4, 0x70, 0x10, 0x80, 0xf7, 0x1, 0xfb, 0x80,
    0xfd, 0xc7, 0xe, 0xe4, 0x6, 0xf1, 0x0,

    /* U+7701 "省" */
    0x0, 0xfe, 0xa6, 0x0, 0xff, 0xe0, 0xb1, 0x80,
    0x17, 0x80, 0x5, 0x0, 0x1f, 0x92, 0x54, 0x3,
    0xc2, 0xda, 0x20, 0x1c, 0x34, 0x6c, 0x1, 0xe3,
    0xc3, 0xf2, 0x0, 0xda, 0x1c, 0x1, 0xf4, 0x7d,
    0x6, 0x10, 0xe, 0x1d, 0x10, 0x7, 0xd, 0xbd,
    0x26, 0x4, 0x0, 0x1a, 0xd0, 0x3, 0x97, 0x96,
    0xdc, 0xb, 0x28, 0x6, 0x90, 0x0, 0x2b, 0x40,
    0x71, 0xc8, 0x1, 0x10, 0x0, 0x4d, 0xa7, 0x7a,
    0x95, 0xac, 0xd1, 0x31, 0x0, 0x59, 0x89, 0x72,
    0x11, 0x9e, 0xea, 0xb5, 0xd0, 0x5, 0x9b, 0xf2,
    0x1d, 0xdf, 0xc0, 0x1c, 0x24, 0x1, 0x7f, 0xff,
    0x0, 0x7f, 0xb7, 0x7f, 0x80, 0x3f, 0xfa, 0x3b,
    0xbf, 0xc0, 0x1f, 0xef, 0xff, 0xe0, 0xf, 0xf2,
    0xaf, 0xf0, 0x7, 0xfa, 0x23, 0xf8, 0x3, 0xf3,
    0xf6, 0xef, 0xf7, 0xc0, 0x0,

    /* U+786E "确" */
    0x0, 0xff, 0x15, 0x88, 0x7, 0xd5, 0x77, 0xd2,
    0x0, 0xb5, 0x32, 0x21, 0x80, 0x63, 0x16, 0x41,
    0x18, 0x5, 0x87, 0x76, 0xc8, 0x0, 0xa6, 0x9c,
    0xea, 0x90, 0x16, 0x5b, 0xb3, 0x5, 0x0, 0x72,
    0x20, 0x2, 0x55, 0x49, 0x10, 0x1a, 0x48, 0x3,
    0x10, 0xe0, 0x0, 0xe8, 0x3e, 0xed, 0x81, 0xb7,
    0x65, 0x0, 0x20, 0x20, 0x3, 0x80, 0x4, 0x41,
    0x12, 0x91, 0x13, 0x40, 0x14, 0x33, 0x3a, 0x2,
    0x65, 0x1, 0x13, 0x20, 0x8, 0x8c, 0x15, 0x4c,
    0xc1, 0x3, 0x33, 0x3, 0x99, 0x80, 0x28, 0x5,
    0xcd, 0x0, 0xd9, 0x8b, 0xa, 0xcc, 0x0, 0x9,
    0x40, 0x3f, 0x7f, 0xb4, 0x33, 0xfc, 0x0, 0x24,
    0x60, 0xf, 0xf8, 0x40, 0x3a, 0xc0, 0x3c, 0x20,
    0xcc, 0x50, 0x56, 0x60, 0x7, 0xfb, 0x82, 0x65,
    0x1, 0x13, 0x20, 0xe, 0x74, 0x40, 0x1, 0x5b,
    0xfd, 0xa1, 0xbf, 0xe0, 0xe, 0x3b, 0xa0, 0x13,
    0xd0, 0xf, 0xfe, 0x2, 0x77, 0x4a, 0x28, 0x1,
    0x85, 0x10, 0x1e, 0x0, 0xfc, 0x11, 0x4, 0x58,
    0x7, 0xc, 0xd8, 0xa0, 0x1, 0x9c, 0x0, 0x3e,
    0xa0, 0x11, 0x71, 0x6f, 0xf1, 0x80,

    /* U+793A "示" */
    0x0, 0x95, 0x7f, 0xf8, 0x40, 0x1d, 0x55, 0xff,
    0xc2, 0x10, 0xd, 0xbb, 0xff, 0xc2, 0x10, 0xc,
    0x45, 0xff, 0xc2, 0x0, 0xff, 0xe5, 0x33, 0xbf,
    0xff, 0x11, 0x82, 0xa2, 0x3f, 0xf8, 0x96, 0x19,
    0xff, 0xf1, 0x97, 0xff, 0xda, 0x1, 0xff, 0xcb,
    0x7b, 0x10, 0xf, 0xd, 0x28, 0x7, 0xd2, 0xe2,
    0x1, 0xe1, 0x6a, 0x10, 0xe, 0x71, 0x90, 0xf,
    0xdc, 0x16, 0x1, 0x86, 0xd, 0x40, 0x3f, 0x13,
    0x29, 0x80, 0x54, 0x1e, 0x1, 0xfe, 0x80, 0xf0,
    0x4, 0x23, 0x98, 0x7, 0xf8, 0x5c, 0xd0, 0x51,
    0x10, 0x1, 0xff, 0xc0, 0x90, 0x21, 0xcb, 0x0,
    0xc, 0x44, 0x42, 0x1, 0xc3, 0xcc, 0x1, 0xc2,
    0xce, 0xe3, 0x90, 0xf, 0x8, 0x7, 0xdd, 0xfe,
    0xd5, 0x0, 0xfc,

    /* U+79F0 "称" */
    0x0, 0xe1, 0x53, 0x0, 0x34, 0x0, 0x7e, 0x14,
    0x8c, 0xea, 0x80, 0x6, 0x98, 0x7, 0xeb, 0xb3,
    0x1a, 0xed, 0x80, 0x10, 0xc0, 0x3f, 0x5f, 0x70,
    0x74, 0x80, 0x8, 0xf, 0xff, 0xec, 0x1, 0x10,
    0x7, 0xb8, 0x66, 0x40, 0xb3, 0x1, 0x40, 0x23,
    0xbc, 0x46, 0x59, 0x66, 0x6, 0xb0, 0xb, 0x7,
    0x74, 0xf, 0xdc, 0xb0, 0x60, 0xe, 0xf8, 0x0,
    0x55, 0x1c, 0x16, 0xa5, 0xe0, 0x40, 0x3a, 0x58,
    0x0, 0xaa, 0x10, 0x74, 0x6d, 0x7e, 0x50, 0x9,
    0x78, 0x40, 0x21, 0x60, 0x3d, 0x0, 0x18, 0xb0,
    0x4, 0xa0, 0xc0, 0x14, 0xa8, 0xc8, 0x58, 0x58,
    0x98, 0x6, 0x5a, 0x0, 0x13, 0xc8, 0x3, 0xb0,
    0x15, 0xc0, 0x3b, 0xc8, 0x81, 0xca, 0x60, 0x2,
    0x74, 0x2a, 0x0, 0xe4, 0x4, 0x41, 0xd8, 0x7,
    0x41, 0x98, 0x3, 0x84, 0xf1, 0x30, 0x40, 0x30,
    0xbc, 0x0, 0x7d, 0x78, 0x6, 0x1, 0xc3, 0x68,
    0x1, 0xf3, 0xb0, 0x7, 0xf8, 0x95, 0x80, 0x3f,
    0xf8, 0x87, 0x52, 0x4a, 0x1, 0xff, 0xc2, 0x1f,
    0xf6, 0x90, 0x6,

    /* U+7B2C "第" */
    0x0, 0xd8, 0xa0, 0x1c, 0x78, 0x40, 0x1f, 0x98,
    0xc4, 0x78, 0x2c, 0xc0, 0x47, 0x80, 0x28, 0xb,
    0xee, 0xc6, 0xe1, 0xbd, 0xdc, 0x0, 0xa0, 0xd9,
    0xc, 0xee, 0x48, 0x6e, 0x85, 0x3b, 0xa0, 0x95,
    0xa2, 0x61, 0xa1, 0x75, 0x92, 0x25, 0x22, 0x88,
    0x82, 0xa4, 0x11, 0x13, 0x88, 0x4c, 0x48, 0x80,
    0x70, 0x10, 0x1, 0x85, 0xdd, 0x15, 0x76, 0x6b,
    0xbc, 0xf6, 0x80, 0x13, 0x7f, 0xf8, 0x97, 0xff,
    0x70, 0x7, 0xff, 0x18, 0xc0, 0x3d, 0x7f, 0xfc,
    0x4b, 0xff, 0xb4, 0x3, 0xcc, 0xb7, 0x78, 0x52,
    0xef, 0xc8, 0x1, 0x8b, 0x11, 0x31, 0x8a, 0x27,
    0x84, 0x2, 0x30, 0x9f, 0xfc, 0x4b, 0xff, 0xf0,
    0x4, 0x53, 0x55, 0x30, 0x0, 0xea, 0xb9, 0x4,
    0x2, 0x16, 0x55, 0xb, 0x21, 0x32, 0xaf, 0x1,
    0x0, 0x7a, 0x2d, 0x6c, 0x3, 0xe5, 0x60, 0xc,
    0x9a, 0xee, 0xa0, 0xc, 0x2c, 0xb0, 0x38, 0x0,
    0x3c, 0xb3, 0xb8, 0x0, 0xe1, 0x8a, 0x74, 0x60,
    0x1, 0x8c, 0x72, 0x0, 0x7d, 0xdf, 0xeb, 0x0,
    0xda, 0xe0, 0x1d, 0xb4, 0x1, 0xf8,

    /* U+7B80 "简" */
    0x0, 0x86, 0xcc, 0x3, 0x8e, 0x88, 0x3, 0xf4,
    0xa0, 0x80, 0x74, 0xa1, 0x0, 0x7c, 0x2e, 0x1b,
    0xff, 0x59, 0x28, 0xff, 0xf2, 0x80, 0x28, 0x6e,
    0x2, 0x72, 0x78, 0xb2, 0xc1, 0x33, 0x8, 0x14,
    0x94, 0x8e, 0x58, 0x68, 0x7e, 0x69, 0x28, 0x26,
    0x21, 0xd4, 0x8, 0x1d, 0x0, 0xdc, 0x40, 0x6,
    0x83, 0x0, 0x91, 0x7a, 0xc8, 0xf7, 0xfd, 0xdf,
    0xfa, 0x3b, 0x40, 0x35, 0x27, 0x84, 0xcf, 0xf1,
    0x98, 0x2, 0x95, 0xa7, 0x26, 0x6f, 0xe5, 0x0,
    0xcf, 0xa3, 0x57, 0xff, 0xeb, 0x0, 0xff, 0xe0,
    0x1e, 0x66, 0x37, 0x0, 0xff, 0xe0, 0x39, 0x9e,
    0x0, 0xff, 0xe1, 0x27, 0xfe, 0x30, 0xf, 0xfe,
    0xa, 0x6e, 0xe3, 0x0, 0xff, 0xe1, 0x11, 0x60,
    0xf, 0xfe, 0x12, 0x7f, 0xe3, 0x0, 0xff, 0xe0,
    0x46, 0x67, 0xa1, 0x10, 0x46, 0x1, 0xf0, 0x99,
    0xf9, 0xae, 0xc9, 0x40, 0x1f, 0xfc, 0x22, 0xff,
    0x9c, 0x0,

    /* U+7BA1 "管" */
    0x0, 0xa9, 0xc0, 0x3c, 0x76, 0x40, 0x1f, 0x12,
    0xf9, 0x17, 0x5, 0x20, 0x11, 0x70, 0x2, 0xc1,
    0xf7, 0x74, 0x8b, 0x6, 0xef, 0x60, 0x1b, 0x47,
    0xb8, 0xff, 0xae, 0xc1, 0xde, 0x4b, 0xfe, 0xe0,
    0xf3, 0x70, 0x91, 0x50, 0x83, 0xb1, 0x9, 0x52,
    0x0, 0xb6, 0xc, 0xc5, 0x8c, 0x66, 0x77, 0x19,
    0x9e, 0xc4, 0xc4, 0x6, 0xf3, 0x3c, 0x83, 0x99,
    0xaf, 0x30, 0xe0, 0x14, 0x7f, 0xff, 0xf0, 0x30,
    0x3, 0xd7, 0xff, 0xfe, 0xd0, 0xe, 0xd6, 0x73,
    0xcc, 0xfc, 0xa6, 0x6d, 0x60, 0x1, 0x8, 0x39,
    0x9f, 0xf0, 0x0, 0x80, 0x3c, 0x9f, 0xff, 0x98,
    0x3, 0xf8, 0xf3, 0x3f, 0xc0, 0x1f, 0xfc, 0x61,
    0x30, 0xf, 0x8f, 0x33, 0xfd, 0xa0, 0x1f, 0x27,
    0xff, 0xf3, 0x80, 0x7e, 0x73, 0x3f, 0xe2, 0x0,
    0xfc, 0x79, 0x9f, 0xca, 0x1, 0xf9, 0x3f, 0xff,
    0x9c, 0x3, 0xec, 0xb0, 0xf, 0xe8, 0xe0, 0x0,

    /* U+7BB1 "箱" */
    0x0, 0x9b, 0x4, 0x3, 0x9f, 0x0, 0x3f, 0xd4,
    0x22, 0x0, 0xe9, 0x70, 0xf, 0xe4, 0x32, 0xff,
    0xdc, 0xc2, 0x9f, 0xfe, 0x10, 0x4, 0xc, 0x83,
    0x55, 0x2e, 0xa, 0x88, 0x6a, 0xb0, 0x83, 0x9d,
    0xb2, 0x2a, 0xdc, 0x3c, 0xbc, 0x26, 0xab, 0x0,
    0xd2, 0xa8, 0x34, 0x40, 0x5e, 0xc, 0xd, 0x70,
    0x3, 0xe, 0xd0, 0x14, 0xf0, 0xe, 0xb, 0x35,
    0x98, 0x66, 0x8, 0x7, 0xf8, 0x66, 0x7f, 0x28,
    0x2, 0xb7, 0x58, 0x1b, 0xb2, 0x3, 0xff, 0xec,
    0x0, 0xda, 0x88, 0x30, 0x44, 0x98, 0x3, 0xce,
    0x1, 0x9e, 0x64, 0x60, 0x53, 0x22, 0x7, 0xff,
    0xd6, 0x1, 0xe7, 0x10, 0x78, 0x0, 0x9b, 0x77,
    0x50, 0x7, 0x14, 0x28, 0x43, 0xd0, 0x0, 0x48,
    0xb3, 0x0, 0x77, 0xc, 0x82, 0x5a, 0x90, 0x3f,
    0xfe, 0xc0, 0xd, 0x27, 0x42, 0x0, 0x4e, 0x20,
    0x5c, 0xcd, 0x20, 0x10, 0xb3, 0x10, 0x3, 0x8,
    0x0, 0x8c, 0xf2, 0x80, 0x43, 0x72, 0x1, 0xf8,
    0xd5, 0x75, 0x80, 0x64, 0x0, 0xfe, 0x4b, 0xbc,
    0xc0, 0x1f, 0xfc, 0x1, 0xde, 0xef, 0x7a, 0x0,

    /* U+7ED1 "绑" */
    0x0, 0x92, 0x0, 0x32, 0xc8, 0x7, 0xff, 0x3,
    0x58, 0x3, 0x6a, 0x0, 0xa, 0x23, 0x30, 0x6,
    0x77, 0x0, 0x7e, 0x67, 0x44, 0x34, 0x0, 0x48,
    0x36, 0x0, 0xbf, 0x72, 0xff, 0x0, 0x37, 0xd,
    0xc0, 0x2e, 0x32, 0x30, 0xe9, 0x41, 0x99, 0x0,
    0x42, 0x5a, 0x0, 0x25, 0x80, 0xd9, 0x56, 0x33,
    0x33, 0x0, 0x27, 0x14, 0x0, 0x41, 0xa3, 0xd,
    0x80, 0x7f, 0x6b, 0x80, 0x5, 0x4f, 0xe5, 0x48,
    0xdc, 0xcc, 0xe8, 0x1, 0x25, 0x0, 0x5, 0xe1,
    0x42, 0x2, 0xe5, 0x6, 0x70, 0x0, 0x40, 0xe0,
    0x14, 0x32, 0x39, 0x4, 0x73, 0x9f, 0x40, 0x0,
    0xa2, 0x80, 0x35, 0x9c, 0x0, 0x7f, 0xce, 0x70,
    0x0, 0x65, 0x1d, 0xf5, 0x59, 0x5, 0x54, 0x20,
    0x15, 0xb0, 0x2, 0x1, 0xeb, 0x6, 0xa8, 0x65,
    0x54, 0x20, 0x9, 0x4, 0x83, 0x7e, 0xdc, 0xd3,
    0xfc, 0x31, 0xfe, 0x30, 0x8, 0x40, 0x23, 0x0,
    0x14, 0x28, 0x10, 0x98, 0x6, 0x45, 0x81, 0x20,
    0x16, 0xcd, 0x61, 0xa, 0x4, 0x0, 0xd9, 0x6d,
    0x40, 0x3d, 0x2f, 0x7c, 0x84, 0xec, 0x1, 0xd1,
    0xda, 0x80, 0x31, 0xd6, 0x80, 0x3e, 0x30, 0x1,
    0xff, 0x38, 0x80, 0x66, 0xa1, 0x0, 0xff, 0xe2,
    0xd, 0xa0, 0x6, 0x4f, 0x10, 0xc,

    /* U+80FD "能" */
    0x0, 0xff, 0xe4, 0x8f, 0x38, 0x7, 0x74, 0x0,
    0x7f, 0x40, 0xa2, 0x28, 0x3, 0x8, 0x4, 0x46,
    0x1, 0x1b, 0x39, 0xb2, 0xb8, 0x7, 0x2d, 0xee,
    0x84, 0x1, 0xc7, 0x0, 0x4f, 0x2, 0x0, 0x7e,
    0xa1, 0xae, 0x10, 0x92, 0x27, 0x7f, 0x9c, 0x20,
    0x0, 0x55, 0xf4, 0xa0, 0x16, 0xb4, 0xc5, 0xe7,
    0x42, 0x0, 0x15, 0x0, 0x21, 0x90, 0x49, 0x76,
    0x43, 0x17, 0xd0, 0xf, 0x89, 0x88, 0x2e, 0xfe,
    0x10, 0x35, 0x66, 0xd2, 0x4, 0x8, 0xe4, 0x50,
    0x21, 0x84, 0x14, 0xce, 0x49, 0x0, 0xaa, 0x66,
    0x80, 0xb, 0x6b, 0xff, 0x73, 0x0, 0x53, 0xdd,
    0x68, 0x4, 0xda, 0x1, 0xb, 0x0, 0x66, 0xaa,
    0xa4, 0x3, 0xc5, 0x3d, 0x26, 0x1, 0x7a, 0x26,
    0x0, 0xcb, 0x9a, 0x91, 0xc6, 0x1, 0x4f, 0x75,
    0xa0, 0x18, 0x6f, 0x74, 0xe2, 0x1, 0x9a, 0xaa,
    0x90, 0xc, 0x8e, 0x40, 0x14, 0x8, 0x3, 0xd1,
    0x30, 0x7, 0xf0, 0xba, 0x0, 0x62, 0x35, 0x0,
    0xca, 0xbd, 0x0, 0xe0, 0x19, 0x72, 0x40, 0xc2,
    0xa, 0xab, 0x33, 0x8, 0x3, 0x18, 0xa, 0x88,
    0x37, 0x7f, 0xf4, 0x80,

    /* U+81F3 "至" */
    0x57, 0x7f, 0xfe, 0x20, 0xfc, 0x47, 0xff, 0x10,
    0x2b, 0xff, 0x30, 0x57, 0xff, 0xf0, 0x80, 0x66,
    0x63, 0xa8, 0x5, 0x9a, 0x40, 0x1f, 0x2c, 0xac,
    0x0, 0x6e, 0xc, 0x30, 0xe, 0x6a, 0x39, 0x34,
    0x55, 0x32, 0x28, 0xe2, 0x0, 0x4d, 0x20, 0x79,
    0x8b, 0xaa, 0x4c, 0x29, 0x95, 0xa0, 0x1, 0x1e,
    0xb3, 0x1b, 0xdd, 0x7f, 0x6e, 0x69, 0xf8, 0x0,
    0xa1, 0x4c, 0xc4, 0x3b, 0xa0, 0xe, 0xdb, 0x0,
    0xff, 0xe2, 0x8, 0x4, 0x2e, 0xfe, 0x21, 0x77,
    0xf1, 0x0, 0xe, 0x67, 0xc2, 0x53, 0x3e, 0x60,
    0x1, 0x77, 0x78, 0xcd, 0xdd, 0xe4, 0x0, 0xff,
    0xec, 0xe6, 0xef, 0xc6, 0x6d, 0xdf, 0xb1, 0x13,
    0xf3, 0x31, 0x13, 0xe5,

    /* U+82CF "苏" */
    0x0, 0xcb, 0xc2, 0x1, 0x97, 0x84, 0x3, 0xf1,
    0x88, 0x7, 0x18, 0x80, 0x77, 0x7f, 0xd2, 0x1d,
    0xff, 0xa4, 0x3b, 0xfe, 0xa8, 0x8c, 0xa1, 0x11,
    0xca, 0x11, 0x1b, 0x99, 0xde, 0xc0, 0x67, 0x7d,
    0x80, 0xce, 0xf2, 0x0, 0x62, 0x51, 0x67, 0x0,
    0x12, 0x88, 0x7, 0xe4, 0xa0, 0xac, 0x0, 0x25,
    0x0, 0x79, 0x1d, 0xf8, 0x99, 0xdf, 0x90, 0x3,
    0x1c, 0x47, 0x9, 0x44, 0x76, 0x0, 0x67, 0xff,
    0xdc, 0x13, 0xff, 0x58, 0x78, 0x7, 0x98, 0x0,
    0xa0, 0xa0, 0x1d, 0xee, 0x1, 0x9e, 0x44, 0x34,
    0xc, 0x2, 0x10, 0xf8, 0x60, 0x1, 0x44, 0x4,
    0x1d, 0x40, 0x31, 0x81, 0xbc, 0x0, 0x3c, 0x9c,
    0x20, 0x60, 0x3, 0x70, 0x3c, 0x8b, 0xa9, 0xf8,
    0x2b, 0xb8, 0x80, 0x31, 0x1, 0xb, 0x72, 0xf1,
    0x45, 0x2c, 0x0, 0x73, 0x0, 0x84, 0xc8, 0x1b,
    0x5d, 0xd4, 0x0, 0x15, 0x46, 0x34, 0x0, 0xc7,
    0x2f, 0x90, 0x1, 0xd, 0x5c, 0x94, 0x80, 0x63,
    0xfa, 0x30, 0xe, 0xff, 0xb4, 0x80, 0x30,

    /* U+8499 "蒙" */
    0x0, 0xe9, 0x30, 0xe, 0x94, 0x0, 0xca, 0xb9,
    0x99, 0x2a, 0xbc, 0xdc, 0xab, 0xa6, 0xee, 0x80,
    0x5b, 0xbe, 0x5, 0xbb, 0xa7, 0x3b, 0xaf, 0x9,
    0xee, 0xe0, 0x8e, 0xeb, 0x6, 0xaa, 0xb5, 0xca,
    0xae, 0x5d, 0xaa, 0x84, 0xd7, 0x7f, 0xff, 0xf8,
    0x1a, 0xa6, 0x0, 0x44, 0x4c, 0xff, 0xb5, 0x0,
    0x5, 0x86, 0x31, 0x1f, 0xeb, 0x3c, 0x20, 0x33,
    0x9d, 0xff, 0xc0, 0x64, 0x0, 0x3c, 0xcf, 0xfe,
    0x12, 0x0, 0xf, 0xfe, 0x92, 0x7, 0xff, 0xeb,
    0xf5, 0x0, 0xa, 0xd7, 0xd4, 0x33, 0xa0, 0x1,
    0x7a, 0x84, 0x0, 0xdd, 0x5, 0xb8, 0x8, 0x36,
    0xd9, 0x49, 0x82, 0x0, 0x6d, 0xd4, 0x26, 0xc4,
    0x3c, 0x24, 0x8e, 0x88, 0x3, 0x3d, 0x7d, 0x46,
    0xb6, 0x0, 0x34, 0xe0, 0x3, 0xa4, 0xf3, 0xf,
    0x59, 0x56, 0x0, 0xa7, 0x80, 0xd, 0x92, 0xf7,
    0xa7, 0xce, 0x1, 0x2c, 0x3d, 0x88, 0x1c, 0xf5,
    0x9f, 0x42, 0x2c, 0x89, 0x83, 0xca, 0x71, 0x10,
    0xef, 0xe0, 0x42, 0xa8, 0x38, 0x1, 0x36, 0xc9,
    0x0,

    /* U+85CF "藏" */
    0x0, 0xe1, 0xb5, 0x0, 0xcb, 0x60, 0x1f, 0x22,
    0xac, 0xe9, 0xea, 0xbb, 0xd1, 0x57, 0x20, 0x2,
    0x2a, 0xa9, 0x5, 0xaa, 0xca, 0x15, 0x5a, 0x0,
    0x19, 0xff, 0x70, 0x47, 0xfe, 0x70, 0xec, 0x4d,
    0xc0, 0xf, 0xd, 0x28, 0x6, 0xa1, 0x93, 0x2c,
    0x10, 0x1, 0xe0, 0x47, 0xd6, 0xff, 0xed, 0x17,
    0xf6, 0x1e, 0x0, 0x39, 0x0, 0xa, 0xab, 0xe2,
    0x3a, 0xac, 0x1, 0xe1, 0x53, 0x3f, 0x3b, 0x2b,
    0x8a, 0x80, 0x42, 0xe8, 0x5, 0x39, 0xb3, 0x9e,
    0x62, 0xb, 0x40, 0x1d, 0x44, 0x1, 0x54, 0x8d,
    0x4f, 0x38, 0x62, 0x0, 0x4d, 0x3a, 0xc0, 0x17,
    0xe8, 0xff, 0x9, 0xa, 0x78, 0x0, 0x6b, 0xa1,
    0x0, 0x2f, 0xfb, 0x4, 0x85, 0xc1, 0x40, 0x6,
    0x8e, 0x84, 0xe0, 0x3, 0x39, 0x41, 0x42, 0x14,
    0x2, 0x2d, 0xd, 0x41, 0x0, 0x7f, 0x65, 0x20,
    0x8d, 0x20, 0x1e, 0x16, 0x30, 0x6, 0x78, 0xe5,
    0x80, 0xc, 0xc0, 0x18, 0x80, 0x5, 0xe0, 0xc,
    0xe1, 0xcc, 0x58, 0x90, 0x2, 0xcc, 0x10, 0xc8,
    0x54, 0x1, 0x10, 0xb8, 0x74, 0x71, 0x50, 0x60,
    0x4, 0xda, 0x89, 0x9a, 0x11, 0x2c, 0x46, 0x86,
    0xb7, 0x22, 0xa, 0x39, 0x48, 0xb, 0x80, 0x5a,
    0xd2, 0x12, 0x90, 0xc2, 0x2a, 0x5, 0x70, 0xf,
    0x2c, 0x80, 0x55, 0xf2, 0x0,

    /* U+884C "行" */
    0x0, 0xe8, 0x30, 0xf, 0xfe, 0x2d, 0x3b, 0x80,
    0xe, 0xff, 0xca, 0x1, 0xad, 0x69, 0x0, 0x62,
    0x3f, 0xb8, 0x0, 0x38, 0x96, 0xa0, 0x1, 0xff,
    0xfe, 0xb0, 0x1f, 0x2c, 0x40, 0x61, 0x0, 0xff,
    0xe0, 0xd, 0xf9, 0x84, 0xc8, 0x80, 0x3f, 0xf8,
    0x2a, 0x20, 0xcc, 0x83, 0x44, 0xff, 0x80, 0x32,
    0xca, 0xb9, 0xdd, 0xff, 0xc2, 0x0, 0x5a, 0xf,
    0x3, 0xdd, 0xf5, 0x4, 0xee, 0x84, 0x1e, 0x88,
    0x3, 0x11, 0x79, 0x80, 0xc8, 0x80, 0x70, 0x9c,
    0x1, 0xff, 0xc4, 0x3c, 0xb1, 0x0, 0xff, 0xe2,
    0x98, 0x7, 0xff, 0xfc, 0x3, 0xff, 0x84, 0xac,
    0xca, 0x1, 0x0, 0xff, 0xe1, 0x6c, 0xc9, 0x91,
    0x0, 0x1f, 0xfc, 0x28, 0xff, 0xac, 0x3, 0x0,

    /* U+89E3 "解" */
    0x0, 0xd6, 0x80, 0x1f, 0xfc, 0x54, 0x43, 0x80,
    0x67, 0xcc, 0xfa, 0x80, 0x37, 0x6, 0x7f, 0xa4,
    0xe, 0xec, 0x6f, 0x76, 0x7, 0x0, 0x89, 0x63,
    0x30, 0x1e, 0x8, 0xea, 0x1e, 0xee, 0x51, 0x0,
    0xa0, 0x5c, 0xdc, 0x58, 0x2, 0xa0, 0x40, 0x1,
    0x30, 0x1, 0x54, 0x17, 0x6a, 0xb, 0x70, 0x37,
    0x70, 0x4, 0xa4, 0x0, 0x80, 0x2e, 0x33, 0x5b,
    0xeb, 0xe1, 0xc1, 0xff, 0xd, 0x80, 0x31, 0x59,
    0x74, 0x55, 0x80, 0x5b, 0x40, 0x62, 0xb4, 0xc0,
    0x2, 0x62, 0x46, 0x24, 0x20, 0xdb, 0xc3, 0x52,
    0x84, 0x1, 0xc9, 0xb2, 0x5a, 0x80, 0xc, 0x14,
    0x21, 0x55, 0x80, 0x32, 0xfd, 0x1f, 0xa8, 0x1,
    0x46, 0x94, 0x2a, 0x96, 0x1, 0xff, 0x29, 0x77,
    0xb8, 0xff, 0xb8, 0x2, 0x31, 0x32, 0x13, 0x10,
    0xd6, 0x10, 0xf, 0xe6, 0x4c, 0x82, 0xc4, 0xb,
    0xf6, 0x61, 0x8b, 0x34, 0x40, 0x2, 0x8e, 0x93,
    0xe5, 0xb, 0x99, 0x90, 0x26, 0x64, 0x1, 0x11,
    0x89, 0x80, 0x80, 0x23, 0xfe, 0x71, 0xff, 0x98,
    0x18, 0x14, 0x2, 0x46, 0x30, 0xf, 0xfa, 0x4c,
    0x41, 0xea, 0x85, 0x80, 0x1f, 0xf4, 0x48, 0x0,
    0x9b, 0xb8, 0xa0, 0x1f, 0xf3, 0x28, 0x7, 0xfd,
    0x1c, 0x1, 0x80,

    /* U+8BA4 "认" */
    0x0, 0x88, 0x3, 0xf4, 0xc0, 0x7, 0xe2, 0xd9,
    0x0, 0xf9, 0x4c, 0x3, 0xf1, 0x4b, 0x58, 0x7,
    0xff, 0x15, 0xa9, 0x18, 0x3, 0x84, 0x3, 0xfe,
    0x5b, 0x60, 0xf, 0x8, 0x7, 0xfc, 0x80, 0x1e,
    0x33, 0x0, 0x78, 0x9d, 0xe8, 0x40, 0xf, 0x9,
    0x80, 0x79, 0xa2, 0x27, 0xc0, 0xf, 0x98, 0x3,
    0xc9, 0xff, 0x8, 0x7, 0x88, 0x8, 0x3, 0xff,
    0x8a, 0xc0, 0x24, 0x1, 0xff, 0xc4, 0x30, 0x2,
    0x80, 0x7f, 0xf1, 0x30, 0xd6, 0xc0, 0x3f, 0xf8,
    0x62, 0x88, 0xe3, 0x20, 0xf, 0xfa, 0x48, 0x18,
    0x29, 0x6, 0x0, 0x3f, 0x8f, 0x5c, 0x42, 0x50,
    0x82, 0x54, 0xc0, 0x3c, 0x22, 0x46, 0xf3, 0xa1,
    0x80, 0x3, 0x97, 0x8, 0x7, 0x50, 0x4d, 0x8c,
    0x2b, 0x98, 0x5, 0xc5, 0xa2, 0x1, 0xb7, 0x18,
    0x1d, 0xcb, 0x0, 0x18, 0xe8, 0xf4, 0x3, 0x31,
    0x80, 0x1e, 0x68, 0x3, 0xcb, 0x9c, 0x0,

    /* U+8BF7 "请" */
    0x0, 0x10, 0x7, 0xe6, 0xb0, 0xf, 0x9b, 0x50,
    0x2, 0x33, 0xd8, 0x86, 0x78, 0x80, 0xc, 0xb6,
    0xa0, 0x79, 0x99, 0x43, 0x33, 0x48, 0x5, 0x4d,
    0x42, 0x7f, 0xf9, 0x87, 0xff, 0x58, 0x6, 0x9c,
    0x10, 0xaf, 0xf9, 0x87, 0xff, 0x10, 0x7, 0x18,
    0x2, 0xf7, 0x65, 0xd, 0xdc, 0x40, 0xef, 0x41,
    0x81, 0xab, 0x34, 0x20, 0xcd, 0x90, 0x62, 0x27,
    0x40, 0x8a, 0xac, 0xa3, 0x55, 0xc9, 0xff, 0x0,
    0x57, 0xdd, 0xff, 0x28, 0x7, 0xcd, 0xff, 0xfb,
    0x0, 0x3f, 0xed, 0xdf, 0x20, 0x7, 0xff, 0x0,
    0xcf, 0xc0, 0x1f, 0xfc, 0x1e, 0xef, 0x20, 0x7,
    0xf1, 0x0, 0x3f, 0xfc, 0x80, 0x1f, 0xab, 0xc0,
    0x1b, 0xbe, 0x40, 0xf, 0xa1, 0x3c, 0x1, 0x33,
    0xe3, 0x0, 0xe4, 0x2, 0xf2, 0x0, 0x22, 0x79,
    0xc0, 0x3b, 0xcf, 0x4, 0x3, 0xc2, 0xaa, 0x67,
    0x0, 0xd1, 0xa2, 0x1, 0xf0, 0xdd, 0x83, 0x80,
    0x0,

    /* U+8C6B "豫" */
    0x0, 0xff, 0x24, 0x0, 0x7e, 0x4b, 0xbf, 0x30,
    0x2, 0x95, 0x72, 0x0, 0x67, 0x22, 0xcc, 0x80,
    0xa, 0x10, 0x88, 0x55, 0x88, 0x4, 0x71, 0x93,
    0xa4, 0xed, 0xb, 0x5b, 0xaf, 0x9, 0x10, 0xc,
    0x95, 0xb7, 0x10, 0xa7, 0xa, 0xff, 0x68, 0x4f,
    0xf8, 0x80, 0xb, 0xa2, 0x4, 0x2, 0x63, 0xba,
    0xa0, 0xdd, 0x50, 0x7, 0x16, 0x24, 0x5, 0xd0,
    0x11, 0x0, 0x48, 0x8c, 0x1, 0x35, 0xdc, 0x0,
    0xb8, 0x1, 0x44, 0x4a, 0xa2, 0x14, 0x3, 0xc8,
    0xcc, 0x52, 0x31, 0xab, 0x35, 0xaa, 0x40, 0x80,
    0x1a, 0xec, 0x35, 0x63, 0x8b, 0xcc, 0xb, 0xdd,
    0xa4, 0x80, 0x3c, 0x60, 0x8d, 0xab, 0x2a, 0x80,
    0x7b, 0x42, 0x1, 0xe6, 0x60, 0xec, 0x68, 0x2,
    0x65, 0x89, 0xa2, 0x1, 0xe5, 0x93, 0xb3, 0xdc,
    0xc1, 0x1b, 0x18, 0x7, 0xfa, 0x3b, 0x7a, 0x3c,
    0x36, 0xd4, 0x80, 0x3f, 0xaf, 0x2d, 0x35, 0xdb,
    0x48, 0xe4, 0x3, 0xf8, 0x97, 0xa1, 0xec, 0x40,
    0x12, 0x8e, 0x2, 0xcc, 0x10, 0xb, 0x20, 0x2e,
    0x0, 0x8c, 0x14, 0xe8, 0x6, 0xe4, 0x94, 0x1,
    0x71, 0xca, 0x46, 0xb8, 0x0, 0xe8, 0x0, 0x6f,
    0xe9, 0x0, 0x19, 0xc0, 0xf7, 0x15, 0x40, 0x2,
    0x50, 0xf, 0xf8, 0xbf, 0xd4, 0x1, 0xe0,

    /* U+8D35 "贵" */
    0x0, 0xfc, 0xec, 0x1, 0xfe, 0x13, 0x3e, 0xaa,
    0x19, 0xf0, 0x80, 0x66, 0xce, 0xec, 0x47, 0xdd,
    0x6e, 0x38, 0x7, 0xb7, 0x71, 0xa6, 0xed, 0x80,
    0x1f, 0xbf, 0xf1, 0xa7, 0xfd, 0xa0, 0x1e, 0x6d,
    0xde, 0x23, 0xdd, 0xe6, 0x0, 0x33, 0xb2, 0xaf,
    0x18, 0xaa, 0xf3, 0xb9, 0xb6, 0xab, 0xe3, 0xa,
    0xaf, 0xd7, 0xbb, 0xff, 0xc4, 0xc0, 0x1, 0xff,
    0xff, 0xf0, 0x4, 0x3, 0xd1, 0x99, 0xf9, 0x80,
    0x3f, 0x11, 0x9d, 0xb2, 0x67, 0x8, 0x7, 0xff,
    0x44, 0x44, 0x40, 0x1f, 0xfc, 0x3b, 0xa, 0x40,
    0xf, 0xe3, 0xe5, 0x2b, 0x59, 0x6b, 0xfa, 0xde,
    0x10, 0xe, 0x4a, 0xd6, 0xb6, 0x4e, 0x96, 0xaf,
    0x81, 0x2, 0xcf, 0xa6, 0x9d, 0x40, 0x0, 0xb6,
    0x6b, 0xbb, 0x84, 0xae, 0x7b, 0x18, 0x3, 0xe2,
    0x9e, 0xa1,

    /* U+8D63 "赣" */
    0x0, 0xcd, 0x0, 0x1e, 0x96, 0x0, 0xff, 0x2b,
    0x90, 0x6, 0x36, 0xc8, 0x8c, 0x1, 0x4f, 0xfb,
    0x3, 0x7f, 0xd6, 0x3c, 0x59, 0xdc, 0x45, 0x0,
    0xa6, 0x9b, 0xba, 0x4b, 0xad, 0x60, 0xf6, 0xe2,
    0xf0, 0xc, 0xec, 0x2, 0x48, 0xa3, 0xf7, 0x8b,
    0xed, 0x84, 0x1, 0x54, 0x6, 0xd7, 0xd, 0xc9,
    0x36, 0x94, 0x16, 0x4b, 0x8, 0x7f, 0xaa, 0x7e,
    0x2f, 0xfd, 0xd6, 0xb4, 0x71, 0x3, 0xc1, 0x5,
    0xee, 0xf9, 0xfe, 0xa, 0x2e, 0x34, 0xa8, 0x0,
    0x29, 0xd3, 0x37, 0xa1, 0x82, 0xde, 0x87, 0xdc,
    0x0, 0x73, 0x11, 0x4c, 0x3, 0x11, 0x82, 0x62,
    0x22, 0x0, 0xb7, 0xba, 0xc0, 0x7, 0xfd, 0xd1,
    0xbf, 0xf1, 0x80, 0x5b, 0xdd, 0x60, 0xb, 0x7f,
    0xfc, 0xc2, 0x1, 0x45, 0x55, 0x20, 0x2, 0x70,
    0xe, 0x73, 0x0, 0xd, 0xff, 0x97, 0x3e, 0xc8,
    0x1, 0x10, 0x49, 0x90, 0x6, 0x26, 0x60, 0x81,
    0xb3, 0x8, 0x2, 0x33, 0x8, 0x6, 0x1d, 0xda,
    0xc2, 0xb7, 0x58, 0x1, 0x52, 0x0, 0x70, 0xff,
    0xda, 0x19, 0xfe, 0xe3, 0xd5, 0x6d, 0xd3, 0x69,
    0x0, 0x7f, 0x85, 0xba, 0xa5, 0xae, 0xb6, 0x40,
    0x3f, 0xc9, 0x69, 0xac, 0xd, 0xb4, 0xa0,

    /* U+8F66 "车" */
    0x0, 0xf3, 0xd9, 0x0, 0x7f, 0xf0, 0xe9, 0x48,
    0x3, 0xff, 0x84, 0x84, 0xc0, 0x1f, 0xe3, 0xff,
    0xd6, 0xf, 0xff, 0xfd, 0x44, 0xef, 0x28, 0x23,
    0xbf, 0xfb, 0xc6, 0x22, 0x11, 0x54, 0x42, 0xa9,
    0x11, 0xe5, 0x0, 0x91, 0x12, 0x20, 0xf, 0x90,
    0xf, 0xf4, 0x93, 0x80, 0x7f, 0xf0, 0xa4, 0xa0,
    0x8b, 0x1b, 0x91, 0x70, 0x6, 0x60, 0xad, 0xdc,
    0x27, 0xbb, 0xc4, 0x1, 0x55, 0x2e, 0xf8, 0x4e,
    0xef, 0x88, 0x2, 0x55, 0x22, 0x71, 0xba, 0x27,
    0x0, 0x7f, 0xf2, 0x1a, 0x23, 0xf1, 0x2c, 0x47,
    0x9f, 0x5d, 0xff, 0x0, 0xbb, 0xfa, 0xed, 0xff,
    0xf8, 0x93, 0xff, 0xd8, 0x1, 0xff, 0xea,

    /* U+8F86 "辆" */
    0x0, 0xa9, 0x40, 0x3f, 0xf8, 0xaa, 0x60, 0x3,
    0x88, 0xff, 0x38, 0x33, 0x87, 0x33, 0x11, 0x9a,
    0x77, 0x33, 0xb9, 0x99, 0x61, 0x30, 0xf, 0x32,
    0x3e, 0xe8, 0x6f, 0x86, 0xfb, 0x98, 0x1f, 0x5,
    0xff, 0x20, 0x7, 0xff, 0x7, 0x10, 0xcc, 0x0,
    0x33, 0x80, 0x8c, 0x8, 0xcc, 0x20, 0x4, 0xc9,
    0x80, 0x6, 0x64, 0x33, 0x83, 0x39, 0x86, 0x3,
    0x4, 0x0, 0xe8, 0xd0, 0xad, 0x1a, 0xd2, 0x0,
    0x51, 0x28, 0xba, 0x8, 0x11, 0x1, 0xc8, 0x18,
    0x80, 0x27, 0x2b, 0x43, 0xb5, 0x0, 0x8, 0x8,
    0xb, 0x0, 0x6d, 0xd9, 0x11, 0xa8, 0x0, 0x20,
    0x81, 0x8, 0x0, 0xc6, 0x44, 0x10, 0x20, 0x9,
    0x51, 0xa4, 0x85, 0x80, 0x38, 0x44, 0xb8, 0xa0,
    0xd, 0xd5, 0x9a, 0x45, 0x80, 0x6, 0xbb, 0x88,
    0x16, 0xe1, 0xa8, 0xec, 0xba, 0x82, 0x60, 0x21,
    0x38, 0xaa, 0x72, 0x0, 0x40, 0x99, 0x20, 0x61,
    0x80, 0x29, 0xcc, 0x3, 0xb5, 0xc0, 0xf0, 0x3,
    0xff, 0x8e, 0x26, 0x60, 0xf, 0xfe, 0x2e, 0x60,
    0x10, 0x3, 0x18, 0x80, 0x7e, 0x1f, 0xf6, 0x98,

    /* U+8F93 "输" */
    0x0, 0xa1, 0x80, 0x3e, 0x1b, 0x20, 0xf, 0xcb,
    0xe0, 0x1f, 0x6a, 0x8, 0x7, 0x99, 0x84, 0x6c,
    0xc2, 0x0, 0xe, 0x12, 0xe9, 0x80, 0x74, 0xc8,
    0x16, 0x64, 0xe0, 0x78, 0x59, 0x4f, 0x8e, 0x1,
    0xbe, 0x87, 0xfe, 0x58, 0xc1, 0xf2, 0x9, 0x94,
    0x6b, 0x0, 0x58, 0x84, 0x61, 0x6e, 0x66, 0xef,
    0xfa, 0x45, 0xe8, 0x2, 0x4c, 0xb8, 0xa, 0xee,
    0x5d, 0xfb, 0x6b, 0x0, 0x4, 0x47, 0x0, 0x85,
    0x2b, 0x32, 0x4, 0x41, 0xf2, 0x0, 0x28, 0x94,
    0x9d, 0x7, 0x9d, 0x54, 0xf8, 0x7c, 0x1, 0xca,
    0x56, 0x87, 0x6a, 0xf, 0xba, 0x40, 0x70, 0xf,
    0x76, 0xf2, 0xa7, 0x20, 0x24, 0xc9, 0x40, 0x3f,
    0x19, 0x9, 0x80, 0x80, 0x4, 0x3, 0xff, 0x84,
    0x6d, 0x26, 0xb, 0x32, 0x50, 0xf, 0xcf, 0x7c,
    0xa4, 0x41, 0x6, 0xcc, 0x28, 0x7, 0xe9, 0x9,
    0x44, 0x59, 0x2, 0xd5, 0xc, 0x3, 0xf7, 0x5b,
    0x90, 0x6, 0x36, 0x68, 0x16, 0x80, 0x3f, 0xf8,
    0x62, 0xe0, 0x2c, 0x42, 0x1, 0xff, 0xc0, 0x1e,
    0x30, 0x4, 0xe9, 0x28, 0x7, 0xf0, 0x80, 0x91,
    0x2c, 0x2f, 0xf4, 0x40,

    /* U+8FBD "辽" */
    0x0, 0x10, 0x7, 0xff, 0x18, 0xf6, 0x0, 0x28,
    0x8f, 0xf8, 0x40, 0x7, 0xf, 0x0, 0x7, 0x7f,
    0xfe, 0x0, 0x4, 0xef, 0x30, 0x7f, 0xfe, 0x60,
    0x86, 0x0, 0xd0, 0xca, 0x1, 0xfa, 0xda, 0x9c,
    0x3, 0xd2, 0x60, 0x1e, 0x3d, 0x5c, 0x50, 0xf,
    0xfe, 0x1e, 0x8f, 0x18, 0x6, 0x2f, 0xfc, 0x1,
    0xf9, 0x80, 0x3c, 0x71, 0x4, 0x0, 0xff, 0xe2,
    0xb, 0xb8, 0xc0, 0x3f, 0xff, 0xe0, 0x1f, 0xfc,
    0xc1, 0x0, 0xe8, 0x99, 0x9, 0x80, 0x7e, 0x96,
    0xc, 0x30, 0x7, 0xaa, 0xd6, 0x1, 0xe1, 0xd6,
    0x7b, 0xc, 0xda, 0xfb, 0xac, 0x57, 0x89, 0xaa,
    0x28, 0x84, 0x41, 0x32, 0x9d, 0xe8, 0x99, 0x44,
    0x1d, 0x95, 0x18, 0x31, 0xc0, 0x25, 0xad, 0xff,
    0x77, 0x5f, 0xfb, 0x8c,

    /* U+8FD0 "运" */
    0x0, 0x38, 0x6, 0x37, 0x7f, 0xe4, 0x0, 0x92,
    0x34, 0xc0, 0xb, 0x11, 0xfd, 0xc0, 0x12, 0x68,
    0xe3, 0x83, 0x7f, 0xff, 0x50, 0x6, 0x2c, 0x73,
    0x0, 0xff, 0xe3, 0x42, 0x0, 0x8f, 0xff, 0x0,
    0x3, 0xeb, 0xee, 0xff, 0xe0, 0x9, 0x7f, 0xe0,
    0x8b, 0xb8, 0x45, 0x77, 0xf0, 0x9c, 0x41, 0x40,
    0x6, 0x88, 0x71, 0x64, 0x46, 0xb2, 0x24, 0x2,
    0xee, 0xc0, 0xe, 0x80, 0x90, 0x2, 0x70, 0x7,
    0xff, 0x0, 0xd2, 0x4, 0x1, 0x26, 0xa0, 0x1f,
    0xf7, 0x93, 0x80, 0x48, 0x88, 0x0, 0xff, 0x41,
    0xc1, 0xa2, 0xb4, 0x1, 0x38, 0x7, 0xf2, 0x85,
    0x65, 0xd4, 0xbb, 0xc, 0x88, 0x7, 0xeb, 0x68,
    0xac, 0xdf, 0xf6, 0xe0, 0xa0, 0x4, 0xb6, 0x16,
    0x6d, 0x2e, 0xa6, 0x40, 0x11, 0x6a, 0x80, 0x2a,
    0x83, 0xf, 0x9b, 0x2e, 0xcd, 0x9d, 0xd1, 0x50,
    0x20, 0xeb, 0x8f, 0x96, 0xe9, 0x13, 0x3a, 0x20,
    0xee, 0x51, 0xc, 0xa0, 0x9, 0x2b, 0x7f, 0xdd,
    0xcf, 0xfe, 0xd0,

    /* U+8FD4 "返" */
    0x0, 0xff, 0xe1, 0x8a, 0x20, 0x2, 0x3d, 0x40,
    0x8, 0xdd, 0xd1, 0x57, 0xbf, 0xd7, 0x63, 0x0,
    0x1b, 0x59, 0x80, 0x12, 0x25, 0x58, 0x52, 0x2b,
    0x7c, 0xc0, 0x2a, 0x2d, 0x20, 0xb, 0xb7, 0x2a,
    0x5d, 0x48, 0x3, 0x87, 0xd0, 0xc0, 0x3f, 0xf8,
    0xa5, 0x42, 0x1, 0x55, 0x7d, 0x6e, 0x1, 0xfd,
    0xe0, 0x23, 0xf2, 0x68, 0x4, 0xab, 0x80, 0x35,
    0xd5, 0xde, 0xf0, 0xe0, 0x0, 0xd5, 0x60, 0x0,
    0x90, 0xf4, 0x80, 0x52, 0x68, 0x0, 0x1e, 0xe3,
    0x80, 0x44, 0xc3, 0x6d, 0x83, 0x5, 0xe0, 0x18,
    0x44, 0x1, 0x94, 0xc1, 0x34, 0xbd, 0xe0, 0xc0,
    0x3f, 0x8c, 0x70, 0x0, 0x4c, 0x20, 0x40, 0x1f,
    0xea, 0x4, 0x1, 0xa7, 0x64, 0xa7, 0x0, 0xfc,
    0x6c, 0xe5, 0x1c, 0x95, 0x36, 0xb1, 0x0, 0xe,
    0x20, 0x26, 0x86, 0x77, 0x7a, 0x80, 0x29, 0x88,
    0x2, 0x1c, 0x51, 0xca, 0x4, 0xf8, 0x10, 0xd,
    0x34, 0x0, 0x1c, 0x2d, 0xe4, 0xcc, 0x4b, 0xb2,
    0xa9, 0x98, 0xf1, 0x36, 0x22, 0xd, 0x20, 0x9d,
    0x55, 0x44, 0xd5, 0x26, 0x50, 0xee, 0x1, 0xd,
    0x30, 0x8, 0xa7, 0x3f, 0xff, 0x75, 0x80,

    /* U+8FD8 "还" */
    0x0, 0x20, 0x80, 0x7f, 0xf1, 0x46, 0xf0, 0x40,
    0x9d, 0xff, 0xe5, 0x0, 0xe, 0x16, 0xb, 0x44,
    0x7f, 0xd2, 0x1, 0x1d, 0x96, 0xa7, 0xff, 0x38,
    0x57, 0xfd, 0x80, 0x19, 0x27, 0xc0, 0x38, 0x5c,
    0xd4, 0x3, 0xf9, 0x8c, 0x3, 0xa8, 0x24, 0x3,
    0xff, 0x88, 0xe8, 0x2, 0xa2, 0x1, 0x8b, 0xff,
    0x0, 0x65, 0x81, 0x1, 0xbc, 0x10, 0x8, 0xe2,
    0x6, 0x1, 0x92, 0x8a, 0xc0, 0x70, 0xf0, 0x40,
    0x2, 0xee, 0x40, 0x9, 0xec, 0x7c, 0x40, 0x5,
    0xa5, 0x82, 0x1, 0xf5, 0xc1, 0x79, 0x0, 0x63,
    0xb2, 0xd0, 0xf, 0x8d, 0x74, 0x40, 0x3c, 0x94,
    0xa0, 0x1f, 0x45, 0x0, 0x7f, 0x2c, 0x80, 0x7f,
    0xf3, 0x4, 0x3, 0xff, 0x8a, 0x34, 0xc1, 0x86,
    0x1, 0x9c, 0x40, 0x3e, 0x2f, 0x57, 0xb0, 0xcd,
    0xa8, 0x75, 0x83, 0x78, 0x84, 0xc9, 0x4c, 0x2a,
    0x13, 0x29, 0xde, 0x89, 0x94, 0x41, 0xdc, 0xce,
    0x22, 0xf5, 0x0, 0x96, 0xb7, 0xfd, 0xdd, 0x7f,
    0xee, 0x40,

    /* U+8FDB "进" */
    0x0, 0x10, 0x7, 0x89, 0x80, 0x23, 0x50, 0xe,
    0x1d, 0xa0, 0xe, 0x49, 0x10, 0x5, 0x58, 0x7,
    0xd, 0xad, 0x0, 0x7f, 0xf1, 0x52, 0x96, 0x0,
    0xcd, 0xc0, 0xa6, 0x70, 0x99, 0x84, 0x3, 0x2c,
    0x51, 0xe6, 0x1c, 0x2f, 0x30, 0xa1, 0x98, 0x90,
    0xe, 0x72, 0x25, 0xd9, 0xc2, 0xae, 0xc8, 0x17,
    0x6a, 0x0, 0xf8, 0x51, 0x1c, 0x8, 0x91, 0xa,
    0x20, 0x80, 0x13, 0x38, 0x80, 0x3f, 0xf8, 0x68,
    0x87, 0x61, 0x2, 0x27, 0x1, 0x14, 0x62, 0x45,
    0x0, 0x37, 0x60, 0x2, 0xee, 0x9c, 0x33, 0x74,
    0xa1, 0xba, 0xc0, 0xf, 0x92, 0xec, 0x63, 0x77,
    0x20, 0x5d, 0xa8, 0x3, 0xe1, 0x44, 0x1a, 0x26,
    0x21, 0x44, 0x80, 0x3f, 0x9c, 0x38, 0x3, 0xff,
    0x88, 0x90, 0x68, 0x1, 0xff, 0xc0, 0xb0, 0x50,
    0xf1, 0xe0, 0xf, 0xfe, 0x6, 0x3a, 0xcc, 0x56,
    0x10, 0x6, 0xa8, 0x0, 0xec, 0x3c, 0xac, 0x6f,
    0xb7, 0x55, 0xcc, 0xf, 0x34, 0x20, 0xa, 0x30,
    0x3e, 0x95, 0x9a, 0xae, 0x98, 0x77, 0x8, 0x6a,
    0x80, 0x67, 0xce, 0xff, 0xfb, 0xb4, 0x0,

    /* U+9001 "送" */
    0x0, 0xff, 0xe4, 0x8c, 0x90, 0x6, 0x4c, 0x0,
    0xe4, 0xd3, 0x0, 0xc9, 0x82, 0x1, 0x29, 0xc0,
    0x6, 0xf0, 0x30, 0x8, 0x7c, 0x30, 0x2, 0x18,
    0x72, 0x0, 0x22, 0x24, 0x3, 0x8a, 0x8a, 0x40,
    0xd0, 0x91, 0xd1, 0x12, 0x40, 0x84, 0x1, 0x92,
    0xa4, 0x3e, 0xe9, 0x2a, 0xec, 0x44, 0xbb, 0x50,
    0x7, 0x28, 0x3, 0x7b, 0xad, 0x7, 0xee, 0xd0,
    0x0, 0x33, 0xc0, 0x1, 0x1c, 0x61, 0xe2, 0x38,
    0x2, 0xcc, 0xc0, 0x1f, 0xfc, 0x4c, 0xc3, 0x0,
    0x1b, 0xff, 0x70, 0x47, 0xff, 0x8, 0x19, 0xb8,
    0x0, 0xb1, 0x19, 0x81, 0x22, 0x38, 0x40, 0x3c,
    0x6e, 0xf8, 0x41, 0xd, 0xdf, 0x0, 0x7f, 0xc2,
    0xea, 0x96, 0x80, 0x1f, 0xfc, 0x2a, 0x8, 0xb4,
    0xb4, 0x0, 0xff, 0x87, 0x12, 0x88, 0x2c, 0xec,
    0xc0, 0x3b, 0xc0, 0x28, 0xe2, 0xb5, 0x0, 0xb4,
    0xb4, 0x40, 0x3, 0x4e, 0x14, 0x44, 0x6f, 0x40,
    0xc, 0x38, 0xe2, 0x5, 0x8b, 0x14, 0xfa, 0xc0,
    0xcd, 0xce, 0xe9, 0x19, 0x43, 0x35, 0x3a, 0xec,
    0xbb, 0xa2, 0x67, 0x44, 0x1d, 0xf0, 0xfa, 0x80,
    0x4d, 0x7d, 0xfd, 0xdb, 0xff, 0x71, 0x80,

    /* U+9009 "选" */
    0x0, 0xfe, 0x10, 0x5, 0x30, 0x7, 0xcd, 0xc6,
    0x1, 0x93, 0x8c, 0x17, 0xc0, 0x3e, 0x72, 0xc3,
    0x0, 0xb8, 0x4c, 0x3, 0xfc, 0x3a, 0x5a, 0x40,
    0x2a, 0x3f, 0xe0, 0x6f, 0xfc, 0x60, 0x10, 0xe1,
    0x0, 0x2c, 0x6e, 0xe0, 0x4b, 0xbc, 0x60, 0x18,
    0x70, 0x88, 0xb0, 0x89, 0x1, 0x22, 0x60, 0xf,
    0xc5, 0xcc, 0x1, 0xff, 0xc0, 0x12, 0x28, 0x1f,
    0x73, 0x30, 0x3e, 0x67, 0x0, 0x3f, 0x76, 0x2,
    0x44, 0x8c, 0x1d, 0x4d, 0x51, 0x20, 0x6, 0xdb,
    0x0, 0x16, 0x21, 0x41, 0x31, 0xa1, 0x11, 0x80,
    0x6, 0x9e, 0x1, 0xc8, 0xe, 0x1, 0xff, 0xc5,
    0xa2, 0x20, 0x7, 0xa, 0x0, 0x7f, 0x41, 0xc0,
    0x7, 0x8e, 0xc8, 0x3, 0xc5, 0x4e, 0xca, 0x1,
    0x91, 0x14, 0x4, 0x1, 0xee, 0x58, 0x90, 0x9,
    0x42, 0xad, 0xd4, 0x2, 0x2d, 0xd, 0xae, 0x70,
    0xc, 0x7f, 0xbb, 0x50, 0x1, 0xb5, 0x65, 0x67,
    0x25, 0x95, 0x73, 0x22, 0xd4, 0x8, 0x69, 0xfb,
    0x46, 0xa2, 0x26, 0xab, 0x4c, 0xa1, 0xd8, 0x42,
    0xb0, 0x40, 0x5, 0x3b, 0xfe, 0xee, 0xbf, 0xf7,
    0x0,

    /* U+9102 "鄂" */
    0x1, 0x22, 0xc0, 0x45, 0x84, 0x3, 0xfa, 0x77,
    0x70, 0x6e, 0xe9, 0x4f, 0xfe, 0xb0, 0x9, 0xbf,
    0x0, 0x2d, 0xf6, 0x0, 0x9e, 0x20, 0x2, 0x1,
    0xff, 0xc3, 0xa7, 0x40, 0xe0, 0x8, 0xcc, 0xa0,
    0x13, 0x99, 0x80, 0x3a, 0x89, 0x0, 0x1e, 0xb9,
    0x22, 0x3, 0x58, 0xa0, 0x1c, 0xf4, 0x1, 0x3f,
    0xfd, 0xc1, 0xdf, 0xf4, 0x0, 0x4a, 0x2c, 0x1,
    0xbf, 0xff, 0x80, 0x34, 0xa8, 0x80, 0x6b, 0xbf,
    0xe0, 0xd, 0x2a, 0x60, 0x12, 0x88, 0xff, 0x28,
    0x4, 0xaf, 0xa0, 0x1, 0xbb, 0x55, 0x2e, 0xfd,
    0x0, 0x1a, 0x5, 0x80, 0x7b, 0x8a, 0x9d, 0xde,
    0xd0, 0xe, 0x5d, 0x0, 0xca, 0xf1, 0x1c, 0x80,
    0x1e, 0x37, 0x0, 0x8d, 0x18, 0x8b, 0x3e, 0x0,
    0x79, 0x58, 0x2, 0x3b, 0xaa, 0xd6, 0x1a, 0x1,
    0x27, 0x79, 0xf8, 0x7, 0xf1, 0x3, 0x0, 0x49,
    0x13, 0xaa, 0x1, 0xc2, 0xa8, 0x88, 0x3, 0x0,
    0xcc, 0xc2, 0x0, 0xf0, 0xdd, 0xcb, 0x20, 0x1f,
    0xfc, 0x3e, 0xff, 0x73, 0x0, 0x13, 0xc8, 0x3,
    0x80,

    /* U+91CD "重" */
    0x0, 0xff, 0xe0, 0x89, 0xb1, 0x0, 0x62, 0x77,
    0x44, 0xd5, 0xdb, 0x7b, 0xfb, 0x22, 0x80, 0x3a,
    0xf0, 0xcf, 0x20, 0xdd, 0xb7, 0xfa, 0x0, 0x24,
    0x68, 0xff, 0x76, 0xe0, 0x38, 0x83, 0x22, 0x63,
    0xb, 0xbf, 0xc0, 0x97, 0x7f, 0x78, 0x7f, 0xfe,
    0x16, 0xff, 0xfb, 0x0, 0x2e, 0xff, 0xe1, 0x6f,
    0xfe, 0xe0, 0xf, 0x36, 0xee, 0x5, 0xdd, 0xca,
    0x1, 0xf8, 0xcf, 0x1, 0x9f, 0x80, 0x3e, 0x6e,
    0xec, 0xd, 0xdd, 0x98, 0x3, 0xe7, 0xff, 0xc2,
    0xdf, 0xf9, 0x80, 0x3e, 0x7e, 0xec, 0x2d, 0xdd,
    0x98, 0x3, 0xdb, 0x9b, 0xb8, 0x17, 0x77, 0x66,
    0x80, 0x61, 0x0, 0xff, 0xe1, 0x10, 0x5, 0x19,
    0x9e, 0x5, 0xcc, 0xf5, 0x80, 0x53, 0xff, 0xe1,
    0x6f, 0xff, 0x48, 0x0, 0x47, 0xf8, 0x4, 0x7e,
    0x1, 0xee, 0xfc, 0xd, 0xdd, 0xf8, 0x77, 0x7f,
    0xf8, 0xb8,

    /* U+91CF "量" */
    0x0, 0x9f, 0xfb, 0xbf, 0xde, 0xe0, 0x1f, 0xbb,
    0xbf, 0xbc, 0x3, 0xfd, 0xdd, 0xfd, 0xe0, 0x1f,
    0xee, 0xef, 0xef, 0x0, 0xfc, 0x22, 0xee, 0xfe,
    0xf1, 0x10, 0x6, 0x33, 0x2e, 0xef, 0xff, 0x1,
    0x4c, 0xc0, 0xd, 0xdf, 0xfe, 0x30, 0x3, 0xb9,
    0x57, 0x7f, 0xfc, 0x1e, 0xe0, 0x6, 0x98, 0xcc,
    0xd7, 0x6c, 0xcd, 0x34, 0x1, 0xf3, 0xdd, 0xe2,
    0x5b, 0xbc, 0x80, 0x1f, 0x93, 0xbb, 0x1a, 0xf7,
    0x66, 0x0, 0xfc, 0x9b, 0xb8, 0xd7, 0x77, 0x30,
    0x7, 0xcc, 0xf9, 0x98, 0xd3, 0x33, 0x29, 0x0,
    0x7a, 0xb3, 0x38, 0xd3, 0x33, 0xc0, 0x1c, 0xbd,
    0xde, 0x34, 0xee, 0xf3, 0x0, 0x65, 0xff, 0xf1,
    0xa7, 0xff, 0x98, 0x0, 0x3f, 0xff, 0x8d, 0x3f,
    0xff, 0x8,

    /* U+94A5 "钥" */
    0x0, 0x91, 0xc0, 0x3f, 0xf8, 0xb1, 0x80, 0x1c,
    0xd9, 0x9f, 0x30, 0x1, 0x4c, 0x59, 0xa5, 0xf,
    0x36, 0x6e, 0x3e, 0x1, 0xb0, 0x59, 0x9c, 0x0,
    0x1a, 0xae, 0x0, 0xb4, 0x3b, 0xff, 0x60, 0x7,
    0xfc, 0x36, 0x64, 0x58, 0x40, 0x2, 0xab, 0xc0,
    0x16, 0xc6, 0xef, 0x30, 0x5, 0x55, 0xc0, 0x1b,
    0xf0, 0x1f, 0x30, 0xc0, 0x1, 0xff, 0xe0, 0xc,
    0x46, 0x1e, 0x66, 0x10, 0xf, 0xfe, 0x96, 0x7f,
    0x82, 0x3f, 0xd4, 0x0, 0x14, 0x4e, 0x0, 0xaa,
    0x1c, 0x12, 0x21, 0xe0, 0x61, 0x77, 0xc0, 0x13,
    0x3c, 0x6, 0x3b, 0x94, 0x19, 0x3b, 0xb8, 0x3,
    0xff, 0x80, 0x66, 0x11, 0xe0, 0xf, 0xe6, 0x24,
    0xd, 0x0, 0xff, 0x8, 0x5f, 0x40, 0xf0, 0x28,
    0x7, 0xfa, 0xc0, 0xa7, 0x99, 0x5c, 0x2, 0x47,
    0x70, 0x78, 0x4, 0x4f, 0xce, 0x12, 0x50, 0x1,
    0xc, 0x40, 0xd4, 0x2, 0x88, 0x0, 0x59, 0x80,
    0xc, 0xbf, 0xec, 0x20,

    /* U+9501 "锁" */
    0x0, 0x95, 0x40, 0x1f, 0xe, 0x98, 0x7, 0xe8,
    0xc0, 0x8, 0x70, 0xc0, 0xc9, 0xc0, 0x70, 0x80,
    0x26, 0x21, 0x66, 0x81, 0xb8, 0x3, 0xa4, 0x48,
    0x0, 0x30, 0xf, 0x33, 0x2d, 0x93, 0x0, 0x44,
    0xf2, 0x1, 0x69, 0xff, 0xf2, 0xb, 0x88, 0x4,
    0x8c, 0x80, 0x1, 0x14, 0x91, 0x70, 0x40, 0xf4,
    0x7, 0xf8, 0x24, 0x0, 0x3b, 0x1b, 0xbb, 0xc1,
    0x9a, 0x50, 0x46, 0x68, 0x3, 0x76, 0x3, 0xe7,
    0x80, 0x23, 0xfd, 0xdf, 0xe8, 0x0, 0xe2, 0x30,
    0xe3, 0x20, 0xc, 0x7c, 0x60, 0x1f, 0xfc, 0xe9,
    0xff, 0x4, 0xff, 0x88, 0x3, 0xff, 0x81, 0xb3,
    0x20, 0x59, 0x91, 0x80, 0x7f, 0xf0, 0x11, 0x98,
    0x18, 0xcc, 0x10, 0x9, 0xc0, 0x40, 0x3f, 0xf8,
    0xb8, 0x4, 0x1, 0xff, 0xc0, 0x30, 0x31, 0x13,
    0x28, 0x0, 0x48, 0x3, 0xef, 0xbc, 0x1d, 0x7d,
    0xf, 0xe9, 0x7d, 0x0, 0xe5, 0x6, 0xc, 0x15,
    0xf2, 0xd5, 0xb4, 0xe8, 0x10, 0xd, 0x5, 0x76,
    0xe, 0xa4, 0xf3, 0x5, 0xd9, 0x7f, 0x0, 0xdf,
    0xa8, 0x7, 0x3b, 0x42, 0x1, 0x9b, 0xa8, 0x0,

    /* U+952E "键" */
    0x0, 0x15, 0x8, 0x7, 0xe2, 0x90, 0xf, 0x95,
    0x4, 0x6, 0x66, 0x81, 0x24, 0x62, 0x28, 0x3,
    0x51, 0x3b, 0x91, 0x26, 0x3b, 0xd9, 0xd, 0xd6,
    0x0, 0x4a, 0x47, 0x10, 0x2d, 0xd0, 0xf5, 0x7d,
    0x8f, 0xe0, 0x6, 0x86, 0xff, 0x9c, 0x14, 0x51,
    0x23, 0x14, 0x40, 0xa0, 0x39, 0xc0, 0x7, 0x4b,
    0x9c, 0xcc, 0x13, 0x20, 0x91, 0x77, 0x77, 0xfc,
    0xa8, 0x72, 0x5b, 0xaa, 0x1d, 0xd0, 0xe8, 0x84,
    0x60, 0x46, 0x3c, 0x87, 0x72, 0x7a, 0xc7, 0xb4,
    0x3, 0x9, 0x89, 0x19, 0x92, 0x94, 0x2f, 0x64,
    0x37, 0x60, 0xf, 0xc3, 0x2a, 0x67, 0x8, 0x0,
    0x46, 0x0, 0x1f, 0xf8, 0x6b, 0xe2, 0x0, 0xaf,
    0x5b, 0x21, 0xbb, 0x18, 0x14, 0xc8, 0x16, 0x6d,
    0x54, 0x7b, 0x7d, 0x41, 0xdd, 0x18, 0xb, 0x30,
    0x7d, 0x8e, 0xac, 0xc, 0xc4, 0x40, 0x22, 0xc0,
    0x1f, 0x98, 0x44, 0xf9, 0x88, 0xc, 0xca, 0xc0,
    0x3c, 0x46, 0x1, 0x17, 0xfa, 0xc7, 0xfe, 0x90,
    0xc, 0x33, 0xb7, 0x2, 0xbe, 0x80, 0x1f, 0xe8,
    0x1, 0xbe, 0x6b, 0xb3, 0xde, 0x72, 0xa2, 0x60,
    0xb, 0xdf, 0x5e, 0x64, 0xa1, 0x3a, 0x8c, 0xb7,
    0x74, 0x0, 0x4f, 0x0, 0x7a, 0xc0, 0x11, 0x46,
    0x77, 0xfd, 0x80,

    /* U+957F "长" */
    0x0, 0xd6, 0xa0, 0x1f, 0x8c, 0x3, 0xf2, 0x68,
    0x7, 0xcd, 0x90, 0x1, 0xff, 0xc3, 0x89, 0x48,
    0x0, 0xff, 0xe0, 0x96, 0x3b, 0x58, 0x7, 0xff,
    0x6, 0x34, 0xaa, 0x40, 0x3f, 0xf8, 0xf, 0xce,
    0xbe, 0xa0, 0x1f, 0xfc, 0x12, 0x25, 0xd0, 0x80,
    0x7f, 0xf0, 0x97, 0x10, 0x3, 0xfb, 0x7f, 0xe0,
    0x7f, 0xff, 0xfb, 0x42, 0x9d, 0xe0, 0x37, 0x72,
    0x82, 0xbb, 0xfa, 0x81, 0xe2, 0x20, 0x48, 0x85,
    0x8, 0xa2, 0x3c, 0xe0, 0x1f, 0xe8, 0x44, 0x0,
    0x7f, 0xf1, 0x18, 0xe8, 0x40, 0x3f, 0xf8, 0x9c,
    0x38, 0x20, 0x1f, 0xfc, 0x32, 0xb2, 0xf3, 0x0,
    0xff, 0x91, 0xed, 0x52, 0xc3, 0x24, 0x40, 0x38,
    0xc1, 0xbe, 0xe0, 0x18, 0x13, 0x11, 0xba, 0xc4,
    0x2, 0x90, 0x37, 0xbf, 0xb3, 0x0, 0x15, 0xd9,
    0x8, 0x40, 0x28, 0xdd, 0x42, 0x0, 0x7c, 0x97,
    0x20,

    /* U+95ED "闭" */
    0x0, 0x10, 0x7, 0xff, 0x12, 0x75, 0x0, 0xa,
    0xef, 0xfd, 0x6, 0x12, 0x96, 0x81, 0xf3, 0x3f,
    0xce, 0x80, 0xb, 0x3d, 0xa, 0xee, 0xfe, 0x0,
    0xec, 0x90, 0xe, 0x9d, 0x0, 0xf1, 0xf1, 0x80,
    0x7c, 0x66, 0x0, 0xf8, 0x5c, 0xc, 0xfc, 0x22,
    0x33, 0x10, 0x7, 0xd9, 0x9e, 0x40, 0xcc, 0x48,
    0x7, 0xd9, 0x9c, 0x60, 0xc, 0xc4, 0x80, 0x7c,
    0x67, 0x94, 0xc4, 0x46, 0x62, 0x0, 0xff, 0x2c,
    0xb2, 0x0, 0x7f, 0xf0, 0x56, 0x92, 0x40, 0x3f,
    0xf8, 0x33, 0x4b, 0x60, 0x1f, 0xfc, 0x4, 0xd6,
    0x8a, 0x0, 0xff, 0xe0, 0x98, 0x63, 0x80, 0x7f,
    0xf0, 0x9f, 0x4c, 0xd, 0xde, 0x0, 0xff, 0xe1,
    0xc4, 0x2, 0x0, 0xd9, 0x80, 0x1f, 0xc7, 0xfe,
    0xd6, 0x7, 0x99, 0x1a, 0x80, 0x7f, 0xf0, 0x53,
    0xfd, 0x84,

    /* U+95FD "闽" */
    0x0, 0x10, 0x7, 0xff, 0x11, 0xf5, 0x40, 0xc,
    0xef, 0xfd, 0x8, 0xe, 0x74, 0x61, 0x71, 0x1f,
    0xcf, 0x80, 0xd, 0x1e, 0xd, 0xfe, 0xcf, 0xff,
    0x0, 0x61, 0xb9, 0x0, 0xa7, 0x40, 0x3f, 0xf,
    0x32, 0xa0, 0x7, 0xff, 0x8, 0x44, 0x1d, 0xff,
    0x38, 0xff, 0xe0, 0xf, 0xe4, 0x99, 0x20, 0x4c,
    0x90, 0x3, 0xfd, 0x8c, 0xc3, 0x16, 0x61, 0x80,
    0x7f, 0xf4, 0x31, 0x98, 0x62, 0xcc, 0x30, 0xf,
    0xe3, 0x58, 0x82, 0x4, 0x41, 0x44, 0x3, 0xf6,
    0xf7, 0x4e, 0x3d, 0xc8, 0xf0, 0xf, 0xfe, 0x25,
    0xd8, 0x3, 0xe1, 0x35, 0x67, 0x41, 0xbc, 0x35,
    0x50, 0x7, 0xa7, 0x2e, 0xb1, 0x98, 0x75, 0x69,
    0xc0, 0x1e, 0x8f, 0xec, 0xba, 0x98, 0x65, 0x9d,
    0x70, 0xf, 0xfe, 0x19, 0xcc, 0x1d, 0x0, 0x7f,
    0xf0, 0x47, 0xfd, 0x84,

    /* U+9655 "陕" */
    0x12, 0x2c, 0x20, 0x1d, 0x1e, 0x1, 0xe9, 0xdd,
    0xdc, 0x40, 0x1f, 0xfc, 0x2b, 0xb1, 0x91, 0x0,
    0x3f, 0xf8, 0x22, 0x88, 0x3a, 0xb, 0xff, 0x9c,
    0x3f, 0xf2, 0x80, 0x65, 0x6, 0xe, 0x88, 0x90,
    0x22, 0x33, 0x80, 0x69, 0x61, 0x5, 0xd4, 0x73,
    0x7, 0x77, 0x81, 0x0, 0x44, 0x74, 0x1, 0x35,
    0x0, 0x73, 0x78, 0x6, 0x23, 0x80, 0xa, 0xdc,
    0x3, 0x20, 0xd0, 0x7, 0x72, 0x30, 0x1, 0x4,
    0xc0, 0x2e, 0x42, 0x0, 0xe2, 0x6b, 0x0, 0x1c,
    0x90, 0x88, 0x3e, 0x0, 0x3e, 0xc2, 0x5f, 0xf4,
    0xf3, 0xf, 0xd6, 0x7f, 0x0, 0x7c, 0x31, 0x18,
    0x0, 0x91, 0x14, 0x80, 0x48, 0xd2, 0x28, 0xef,
    0x20, 0xb, 0xbf, 0x0, 0x47, 0x23, 0x40, 0x1a,
    0x42, 0xcd, 0x0, 0x3c, 0xff, 0xa8, 0x1, 0x22,
    0xba, 0x9c, 0x80, 0x7f, 0xf0, 0xa, 0x8a, 0x3,
    0xca, 0x80, 0x3f, 0xc9, 0x81, 0xe0, 0x3, 0x85,
    0xa0, 0xf, 0x8a, 0xac, 0xf0, 0x80, 0x27, 0x65,
    0xd1, 0x0, 0xe3, 0x76, 0xd2, 0x0, 0xe9, 0x92,
    0x8c, 0x70, 0x4, 0x3b, 0x20, 0x1f, 0x9a, 0x0,

    /* U+9664 "除" */
    0x0, 0xff, 0x87, 0xc, 0x3, 0x9b, 0xff, 0x70,
    0x80, 0x6b, 0x37, 0x0, 0xfa, 0xa8, 0x60, 0x20,
    0x13, 0xa9, 0xd1, 0x0, 0x70, 0xaa, 0x89, 0x80,
    0x26, 0x88, 0x61, 0x61, 0x80, 0x78, 0xc6, 0x80,
    0x11, 0x2e, 0xe0, 0xc2, 0xc5, 0x0, 0xea, 0x42,
    0x1b, 0x78, 0x80, 0x5, 0x89, 0x54, 0x10, 0x9,
    0xb8, 0x35, 0x58, 0x1d, 0xfb, 0x19, 0x0, 0x31,
    0x60, 0x6f, 0x84, 0xcd, 0x13, 0x35, 0x70, 0x80,
    0x5e, 0xc8, 0x22, 0x9e, 0xe5, 0x6, 0x77, 0xc,
    0x3, 0x89, 0xbc, 0x3, 0xff, 0x8b, 0x89, 0x1f,
    0xfa, 0xc3, 0x7f, 0xf0, 0x80, 0x7b, 0x22, 0x33,
    0x3, 0xc4, 0x61, 0x0, 0x1a, 0xc8, 0xa3, 0xab,
    0xbb, 0x42, 0x9c, 0xdd, 0xc0, 0x13, 0x50, 0xd0,
    0x3, 0xe8, 0x3, 0x35, 0x98, 0x6, 0x5f, 0xd4,
    0x7, 0x28, 0x0, 0xcc, 0x9c, 0x1, 0xf8, 0xa1,
    0xc8, 0x3, 0xa8, 0xa4, 0x3, 0xef, 0x28, 0x0,
    0xf0, 0xc3, 0x10, 0x7, 0x97, 0x81, 0x55, 0x80,
    0x19, 0xe4, 0x80, 0x3d, 0x6, 0x1d, 0x4e, 0xa4,
    0x1, 0x30, 0x37, 0x0, 0x7d, 0x7f, 0xea, 0x0,
    0xf0,

    /* U+9752 "青" */
    0x0, 0xfc, 0xb0, 0x1, 0xfe, 0x13, 0x3f, 0x73,
    0x99, 0xfc, 0x1, 0x2e, 0x67, 0x90, 0x33, 0x3d,
    0xa0, 0x12, 0x7f, 0xf9, 0x87, 0xff, 0xdc, 0x1,
    0xa7, 0xff, 0x98, 0x7f, 0xfc, 0x20, 0x1a, 0xf3,
    0x39, 0x43, 0x33, 0xc2, 0x0, 0x12, 0x1, 0x1e,
    0x0, 0x8, 0xf8, 0x88, 0x11, 0xbb, 0xf2, 0x86,
    0xef, 0xe0, 0x9e, 0xef, 0xfe, 0x28, 0x0, 0x45,
    0x9d, 0xdf, 0xf3, 0x8, 0x80, 0x31, 0xae, 0x67,
    0xf0, 0x7, 0xf8, 0x47, 0xf8, 0x3, 0xf9, 0x77,
    0x7f, 0x80, 0x3f, 0x9b, 0xff, 0xf8, 0x3, 0xf9,
    0xbf, 0xff, 0x80, 0x3f, 0x97, 0x77, 0xf8, 0x3,
    0xf8, 0xc8, 0xbf, 0x80, 0x3f, 0xf8, 0x62, 0x88,
    0x50, 0xf, 0xfe, 0x18, 0xcd, 0x5a, 0x28, 0x4,

    /* U+9C81 "鲁" */
    0x0, 0xff, 0xe6, 0xf, 0x48, 0x7, 0xff, 0x13,
    0x45, 0x33, 0x35, 0x90, 0x7, 0xe1, 0xc2, 0xa9,
    0x88, 0x85, 0x48, 0x3, 0xe2, 0xc3, 0x60, 0x11,
    0xb8, 0x99, 0x56, 0x30, 0xa, 0x34, 0x84, 0xfb,
    0xab, 0x44, 0x1f, 0x72, 0xe4, 0x0, 0x4c, 0xe6,
    0xb7, 0x78, 0x92, 0xef, 0x10, 0x4, 0x5d, 0xe,
    0x9f, 0xf8, 0xd7, 0xff, 0x18, 0x7, 0xc9, 0xff,
    0x8d, 0x7f, 0xf1, 0x80, 0x7c, 0x9f, 0xf8, 0xd7,
    0xff, 0x18, 0x6, 0x12, 0x9d, 0xdf, 0xfe, 0x4,
    0x10, 0x2, 0xb7, 0x7f, 0xf8, 0x88, 0x17, 0xfe,
    0xdd, 0xff, 0xe0, 0x7f, 0x90, 0x3, 0x6e, 0xff,
    0xf0, 0x4, 0x3, 0xe9, 0xff, 0xfd, 0x0, 0x1f,
    0xd3, 0xdd, 0xfa, 0x0, 0x3f, 0x9f, 0x33, 0xf3,
    0x80, 0x7f, 0xf4, 0x1f, 0x77, 0xf3, 0x80, 0x7f,
    0x4f, 0xff, 0xe8, 0x0, 0xfd, 0xcc, 0x1, 0xf9,
    0xfc, 0x40, 0x0,

    /* U+9ED1 "黑" */
    0x0, 0x1a, 0x27, 0xff, 0x0, 0xc0, 0x3b, 0x6e,
    0xff, 0xf8, 0x1a, 0x1, 0xe7, 0xfb, 0xff, 0x19,
    0xbf, 0xd7, 0xec, 0x1, 0xf8, 0x6c, 0x80, 0x31,
    0x59, 0x0, 0x7f, 0xa, 0xd8, 0x6, 0xb5, 0x20,
    0xf, 0xf7, 0x28, 0x4, 0x2d, 0x0, 0x1f, 0xc4,
    0xa3, 0x2a, 0x22, 0x47, 0x72, 0x90, 0x7, 0xcb,
    0x55, 0x88, 0x94, 0xf5, 0x44, 0x0, 0xf7, 0x7f,
    0xf1, 0x9b, 0xff, 0xb8, 0x3, 0xa, 0x27, 0x84,
    0x48, 0x9e, 0x10, 0x8, 0xae, 0xfc, 0x44, 0xbb,
    0xf1, 0x0, 0x47, 0xff, 0xe3, 0x37, 0xff, 0x8c,
    0x1, 0x57, 0x7f, 0x19, 0x5d, 0xfd, 0x40, 0x62,
    0x3f, 0x2a, 0x8, 0xfc, 0x61, 0x35, 0xf3, 0x54,
    0xba, 0xaa, 0xed, 0x54, 0x9f, 0xa9, 0x0, 0x15,
    0x20, 0xf, 0x28, 0x3, 0x28, 0x0, 0xb4, 0xa0,
    0x14, 0x8b, 0x0, 0x81, 0x0, 0x29, 0x4, 0x19,
    0x68, 0x81, 0xd2, 0xc4, 0x0, 0x3c, 0x0, 0x50,
    0x70, 0x5, 0x8f, 0x3, 0x5a, 0x80, 0x5b, 0x0,
    0x2, 0xd6, 0x0, 0xe, 0xe8, 0x0,

    /* U+FF08 "（" */
    0x0, 0xff, 0xae, 0xc0, 0x19, 0xd2, 0x0, 0x22,
    0x88, 0x18, 0x5, 0x24, 0xe0, 0x11, 0x25, 0x80,
    0x6a, 0x6, 0x0, 0xc8, 0x80, 0xe, 0x33, 0x0,
    0x7b, 0x80, 0x30, 0x81, 0x80, 0x61, 0x3, 0x0,
    0xe1, 0xe0, 0xe, 0x54, 0x0, 0xec, 0x31, 0x0,
    0xcc, 0xc, 0x1, 0x85, 0x64, 0x40, 0x35, 0x8c,
    0x0, 0x61, 0xa6, 0x60, 0x6, 0x58, 0xf0,

    /* U+FF09 "）" */
    0x0, 0xfd, 0x76, 0x0, 0xe8, 0x47, 0x0, 0xc7,
    0x10, 0x20, 0xc, 0xe5, 0x20, 0x1d, 0x68, 0x40,
    0x19, 0x82, 0x80, 0x39, 0x10, 0x1, 0xc6, 0x60,
    0xe, 0xe0, 0xf, 0x18, 0x8, 0x6, 0x30, 0x10,
    0xd, 0xc2, 0x1, 0xc8, 0xa0, 0x18, 0x4f, 0x0,
    0x33, 0x3, 0x0, 0x43, 0x2a, 0x20, 0x14, 0xd,
    0x80, 0x4c, 0xca, 0x10, 0xb, 0xe1, 0x40, 0x20
};


/*---------------------
 *  GLYPH DESCRIPTION
 *--------------------*/

static const lv_font_fmt_txt_glyph_dsc_t glyph_dsc[] = {
    {.bitmap_index = 0, .adv_w = 0, .box_w = 0, .box_h = 0, .ofs_x = 0, .ofs_y = 0} /* id = 0 reserved */,
    {.bitmap_index = 0, .adv_w = 72, .box_w = 0, .box_h = 0, .ofs_x = 0, .ofs_y = 0},
    {.bitmap_index = 0, .adv_w = 103, .box_w = 4, .box_h = 14, .ofs_x = 1, .ofs_y = 0},
    {.bitmap_index = 23, .adv_w = 152, .box_w = 7, .box_h = 6, .ofs_x = 1, .ofs_y = 10},
    {.bitmap_index = 45, .adv_w = 178, .box_w = 11, .box_h = 14, .ofs_x = 0, .ofs_y = 0},
    {.bitmap_index = 120, .adv_w = 178, .box_w = 9, .box_h = 19, .ofs_x = 1, .ofs_y = -2},
    {.bitmap_index = 187, .adv_w = 295, .box_w = 18, .box_h = 14, .ofs_x = 0, .ofs_y = 0},
    {.bitmap_index = 300, .adv_w = 218, .box_w = 14, .box_h = 14, .ofs_x = 0, .ofs_y = 0},
    {.bitmap_index = 387, .adv_w = 89, .box_w = 3, .box_h = 6, .ofs_x = 1, .ofs_y = 10},
    {.bitmap_index = 397, .adv_w = 108, .box_w = 5, .box_h = 21, .ofs_x = 1, .ofs_y = -4},
    {.bitmap_index = 448, .adv_w = 108, .box_w = 5, .box_h = 21, .ofs_x = 0, .ofs_y = -4},
    {.bitmap_index = 497, .adv_w = 149, .box_w = 8, .box_h = 7, .ofs_x = 1, .ofs_y = 9},
    {.bitmap_index = 524, .adv_w = 178, .box_w = 11, .box_h = 10, .ofs_x = 0, .ofs_y = 2},
    {.bitmap_index = 555, .adv_w = 89, .box_w = 4, .box_h = 7, .ofs_x = 1, .ofs_y = -4},
    {.bitmap_index = 569, .adv_w = 111, .box_w = 7, .box_h = 3, .ofs_x = 0, .ofs_y = 4},
    {.bitmap_index = 577, .adv_w = 89, .box_w = 4, .box_h = 3, .ofs_x = 1, .ofs_y = 0},
    {.bitmap_index = 583, .adv_w = 125, .box_w = 8, .box_h = 19, .ofs_x = 0, .ofs_y = -3},
    {.bitmap_index = 639, .adv_w = 178, .box_w = 10, .box_h = 14, .ofs_x = 1, .ofs_y = 0},
    {.bitmap_index = 702, .adv_w = 178, .box_w = 9, .box_h = 14, .ofs_x = 1, .ofs_y = 0},
    {.bitmap_index = 728, .adv_w = 178, .box_w = 11, .box_h = 14, .ofs_x = 0, .ofs_y = 0},
    {.bitmap_index = 785, .adv_w = 178, .box_w = 10, .box_h = 14, .ofs_x = 0, .ofs_y = 0},
    {.bitmap_index = 847, .adv_w = 178, .box_w = 11, .box_h = 14, .ofs_x = 0, .ofs_y = 0},
    {.bitmap_index = 898, .adv_w = 178, .box_w = 11, .box_h = 14, .ofs_x = 0, .ofs_y = 0},
    {.bitmap_index = 960, .adv_w = 178, .box_w = 10, .box_h = 14, .ofs_x = 1, .ofs_y = 0},
    {.bitmap_index = 1027, .adv_w = 178, .box_w = 11, .box_h = 14, .ofs_x = 0, .ofs_y = 0},
    {.bitmap_index = 1075, .adv_w = 178, .box_w = 11, .box_h = 14, .ofs_x = 0, .ofs_y = 0},
    {.bitmap_index = 1149, .adv_w = 178, .box_w = 11, .box_h = 14, .ofs_x = 0, .ofs_y = 0},
    {.bitmap_index = 1221, .adv_w = 89, .box_w = 4, .box_h = 11, .ofs_x = 1, .ofs_y = 0},
    {.bitmap_index = 1238, .adv_w = 89, .box_w = 4, .box_h = 15, .ofs_x = 1, .ofs_y = -4},
    {.bitmap_index = 1263, .adv_w = 178, .box_w = 11, .box_h = 10, .ofs_x = 0, .ofs_y = 2},
    {.bitmap_index = 1309, .adv_w = 178, .box_w = 11, .box_h = 7, .ofs_x = 0, .ofs_y = 4},
    {.bitmap_index = 1330, .adv_w = 178, .box_w = 11, .box_h = 10, .ofs_x = 0, .ofs_y = 2},
    {.bitmap_index = 1377, .adv_w = 152, .box_w = 9, .box_h = 14, .ofs_x = 0, .ofs_y = 0},
    {.bitmap_index = 1429, .adv_w = 303, .box_w = 17, .box_h = 18, .ofs_x = 1, .ofs_y = -4},
    {.bitmap_index = 1567, .adv_w = 195, .box_w = 13, .box_h = 14, .ofs_x = 0, .ofs_y = 0},
    {.bitmap_index = 1639, .adv_w = 210, .box_w = 11, .box_h = 14, .ofs_x = 2, .ofs_y = 0},
    {.bitmap_index = 1703, .adv_w = 204, .box_w = 12, .box_h = 14, .ofs_x = 1, .ofs_y = 0},
    {.bitmap_index = 1767, .adv_w = 220, .box_w = 11, .box_h = 14, .ofs_x = 2, .ofs_y = 0},
    {.bitmap_index = 1824, .adv_w = 188, .box_w = 9, .box_h = 14, .ofs_x = 2, .ofs_y = 0},
    {.bitmap_index = 1855, .adv_w = 177, .box_w = 9, .box_h = 14, .ofs_x = 2, .ofs_y = 0},
    {.bitmap_index = 1880, .adv_w = 220, .box_w = 12, .box_h = 14, .ofs_x = 1, .ofs_y = 0},
    {.bitmap_index = 1951, .adv_w = 233, .box_w = 11, .box_h = 14, .ofs_x = 2, .ofs_y = 0},
    {.bitmap_index = 1972, .adv_w = 94, .box_w = 2, .box_h = 14, .ofs_x = 2, .ofs_y = 0},
    {.bitmap_index = 1977, .adv_w = 171, .box_w = 9, .box_h = 14, .ofs_x = 0, .ofs_y = 0},
    {.bitmap_index = 2002, .adv_w = 207, .box_w = 11, .box_h = 14, .ofs_x = 2, .ofs_y = 0},
    {.bitmap_index = 2061, .adv_w = 174, .box_w = 9, .box_h = 14, .ofs_x = 2, .ofs_y = 0},
    {.bitmap_index = 2074, .adv_w = 260, .box_w = 13, .box_h = 14, .ofs_x = 2, .ofs_y = 0},
    {.bitmap_index = 2143, .adv_w = 231, .box_w = 11, .box_h = 14, .ofs_x = 2, .ofs_y = 0},
    {.bitmap_index = 2196, .adv_w = 237, .box_w = 13, .box_h = 14, .ofs_x = 1, .ofs_y = 0},
    {.bitmap_index = 2273, .adv_w = 203, .box_w = 10, .box_h = 14, .ofs_x = 2, .ofs_y = 0},
    {.bitmap_index = 2315, .adv_w = 237, .box_w = 13, .box_h = 18, .ofs_x = 1, .ofs_y = -4},
    {.bitmap_index = 2411, .adv_w = 203, .box_w = 11, .box_h = 14, .ofs_x = 2, .ofs_y = 0},
    {.bitmap_index = 2471, .adv_w = 191, .box_w = 12, .box_h = 14, .ofs_x = 0, .ofs_y = 0},
    {.bitmap_index = 2542, .adv_w = 192, .box_w = 12, .box_h = 14, .ofs_x = 0, .ofs_y = 0},
    {.bitmap_index = 2562, .adv_w = 231, .box_w = 12, .box_h = 14, .ofs_x = 1, .ofs_y = 0},
    {.bitmap_index = 2603, .adv_w = 184, .box_w = 12, .box_h = 14, .ofs_x = 0, .ofs_y = 0},
    {.bitmap_index = 2673, .adv_w = 281, .box_w = 18, .box_h = 14, .ofs_x = 0, .ofs_y = 0},
    {.bitmap_index = 2788, .adv_w = 183, .box_w = 12, .box_h = 14, .ofs_x = 0, .ofs_y = 0},
    {.bitmap_index = 2860, .adv_w = 170, .box_w = 12, .box_h = 14, .ofs_x = -1, .ofs_y = 0},
    {.bitmap_index = 2911, .adv_w = 193, .box_w = 11, .box_h = 14, .ofs_x = 1, .ofs_y = 0},
    {.bitmap_index = 2964, .adv_w = 108, .box_w = 5, .box_h = 20, .ofs_x = 2, .ofs_y = -4},
    {.bitmap_index = 2980, .adv_w = 125, .box_w = 8, .box_h = 19, .ofs_x = 0, .ofs_y = -3},
    {.bitmap_index = 3034, .adv_w = 108, .box_w = 5, .box_h = 20, .ofs_x = 0, .ofs_y = -4},
    {.bitmap_index = 3049, .adv_w = 178, .box_w = 9, .box_h = 9, .ofs_x = 1, .ofs_y = 6},
    {.bitmap_index = 3086, .adv_w = 179, .box_w = 11, .box_h = 2, .ofs_x = 0, .ofs_y = -4},
    {.bitmap_index = 3092, .adv_w = 194, .box_w = 6, .box_h = 6, .ofs_x = 2, .ofs_y = 12},
    {.bitmap_index = 3107, .adv_w = 180, .box_w = 9, .box_h = 11, .ofs_x = 1, .ofs_y = 0},
    {.bitmap_index = 3156, .adv_w = 198, .box_w = 11, .box_h = 16, .ofs_x = 1, .ofs_y = 0},
    {.bitmap_index = 3212, .adv_w = 163, .box_w = 9, .box_h = 11, .ofs_x = 1, .ofs_y = 0},
    {.bitmap_index = 3256, .adv_w = 198, .box_w = 10, .box_h = 16, .ofs_x = 1, .ofs_y = 0},
    {.bitmap_index = 3306, .adv_w = 177, .box_w = 10, .box_h = 11, .ofs_x = 1, .ofs_y = 0},
    {.bitmap_index = 3356, .adv_w = 104, .box_w = 8, .box_h = 16, .ofs_x = 0, .ofs_y = 0},
    {.bitmap_index = 3387, .adv_w = 180, .box_w = 10, .box_h = 16, .ofs_x = 1, .ofs_y = -5},
    {.bitmap_index = 3463, .adv_w = 194, .box_w = 10, .box_h = 16, .ofs_x = 1, .ofs_y = 0},
    {.bitmap_index = 3495, .adv_w = 88, .box_w = 3, .box_h = 16, .ofs_x = 1, .ofs_y = 0},
    {.bitmap_index = 3507, .adv_w = 88, .box_w = 5, .box_h = 21, .ofs_x = -1, .ofs_y = -5},
    {.bitmap_index = 3532, .adv_w = 177, .box_w = 10, .box_h = 16, .ofs_x = 1, .ofs_y = 0},
    {.bitmap_index = 3578, .adv_w = 91, .box_w = 4, .box_h = 16, .ofs_x = 1, .ofs_y = 0},
    {.bitmap_index = 3587, .adv_w = 296, .box_w = 16, .box_h = 11, .ofs_x = 1, .ofs_y = 0},
    {.bitmap_index = 3632, .adv_w = 195, .box_w = 10, .box_h = 11, .ofs_x = 1, .ofs_y = 0},
    {.bitmap_index = 3658, .adv_w = 194, .box_w = 11, .box_h = 11, .ofs_x = 1, .ofs_y = 0},
    {.bitmap_index = 3715, .adv_w = 198, .box_w = 11, .box_h = 16, .ofs_x = 1, .ofs_y = -5},
    {.bitmap_index = 3774, .adv_w = 198, .box_w = 10, .box_h = 16, .ofs_x = 1, .ofs_y = -5},
    {.bitmap_index = 3825, .adv_w = 124, .box_w = 7, .box_h = 11, .ofs_x = 1, .ofs_y = 0},
    {.bitmap_index = 3843, .adv_w = 150, .box_w = 9, .box_h = 11, .ofs_x = 0, .ofs_y = 0},
    {.bitmap_index = 3891, .adv_w = 121, .box_w = 8, .box_h = 14, .ofs_x = 0, .ofs_y = 0},
    {.bitmap_index = 3924, .adv_w = 194, .box_w = 10, .box_h = 11, .ofs_x = 1, .ofs_y = 0},
    {.bitmap_index = 3951, .adv_w = 167, .box_w = 11, .box_h = 11, .ofs_x = 0, .ofs_y = 0},
    {.bitmap_index = 4004, .adv_w = 257, .box_w = 16, .box_h = 11, .ofs_x = 0, .ofs_y = 0},
    {.bitmap_index = 4088, .adv_w = 159, .box_w = 10, .box_h = 11, .ofs_x = 0, .ofs_y = 0},
    {.bitmap_index = 4139, .adv_w = 167, .box_w = 11, .box_h = 16, .ofs_x = 0, .ofs_y = -5},
    {.bitmap_index = 4210, .adv_w = 152, .box_w = 9, .box_h = 11, .ofs_x = 0, .ofs_y = 0},
    {.bitmap_index = 4250, .adv_w = 108, .box_w = 7, .box_h = 20, .ofs_x = 0, .ofs_y = -4},
    {.bitmap_index = 4304, .adv_w = 86, .box_w = 2, .box_h = 22, .ofs_x = 2, .ofs_y = -6},
    {.bitmap_index = 4309, .adv_w = 108, .box_w = 6, .box_h = 20, .ofs_x = 0, .ofs_y = -4},
    {.bitmap_index = 4360, .adv_w = 178, .box_w = 11, .box_h = 5, .ofs_x = 0, .ofs_y = 5},
    {.bitmap_index = 4385, .adv_w = 320, .box_w = 20, .box_h = 3, .ofs_x = 0, .ofs_y = 6},
    {.bitmap_index = 4398, .adv_w = 320, .box_w = 19, .box_h = 18, .ofs_x = 0, .ofs_y = -1},
    {.bitmap_index = 4441, .adv_w = 320, .box_w = 19, .box_h = 18, .ofs_x = 1, .ofs_y = -2},
    {.bitmap_index = 4507, .adv_w = 320, .box_w = 17, .box_h = 19, .ofs_x = 1, .ofs_y = -2},
    {.bitmap_index = 4604, .adv_w = 320, .box_w = 18, .box_h = 18, .ofs_x = 1, .ofs_y = -2},
    {.bitmap_index = 4724, .adv_w = 320, .box_w = 17, .box_h = 19, .ofs_x = 2, .ofs_y = -2},
    {.bitmap_index = 4792, .adv_w = 320, .box_w = 18, .box_h = 18, .ofs_x = 1, .ofs_y = -2},
    {.bitmap_index = 4896, .adv_w = 320, .box_w = 18, .box_h = 20, .ofs_x = 1, .ofs_y = -3},
    {.bitmap_index = 5011, .adv_w = 320, .box_w = 20, .box_h = 19, .ofs_x = 0, .ofs_y = -2},
    {.bitmap_index = 5124, .adv_w = 320, .box_w = 19, .box_h = 20, .ofs_x = 0, .ofs_y = -3},
    {.bitmap_index = 5264, .adv_w = 320, .box_w = 20, .box_h = 20, .ofs_x = 0, .ofs_y = -3},
    {.bitmap_index = 5406, .adv_w = 320, .box_w = 20, .box_h = 19, .ofs_x = 0, .ofs_y = -2},
    {.bitmap_index = 5537, .adv_w = 320, .box_w = 20, .box_h = 20, .ofs_x = 0, .ofs_y = -3},
    {.bitmap_index = 5693, .adv_w = 320, .box_w = 20, .box_h = 19, .ofs_x = 0, .ofs_y = -2},
    {.bitmap_index = 5830, .adv_w = 320, .box_w = 20, .box_h = 19, .ofs_x = 0, .ofs_y = -2},
    {.bitmap_index = 5962, .adv_w = 320, .box_w = 19, .box_h = 19, .ofs_x = 0, .ofs_y = -2},
    {.bitmap_index = 6080, .adv_w = 320, .box_w = 20, .box_h = 19, .ofs_x = 0, .ofs_y = -2},
    {.bitmap_index = 6197, .adv_w = 320, .box_w = 19, .box_h = 19, .ofs_x = 1, .ofs_y = -2},
    {.bitmap_index = 6340, .adv_w = 320, .box_w = 20, .box_h = 19, .ofs_x = 0, .ofs_y = -2},
    {.bitmap_index = 6448, .adv_w = 320, .box_w = 19, .box_h = 19, .ofs_x = 1, .ofs_y = -2},
    {.bitmap_index = 6569, .adv_w = 320, .box_w = 19, .box_h = 20, .ofs_x = 0, .ofs_y = -2},
    {.bitmap_index = 6722, .adv_w = 320, .box_w = 18, .box_h = 18, .ofs_x = 1, .ofs_y = -2},
    {.bitmap_index = 6824, .adv_w = 320, .box_w = 18, .box_h = 19, .ofs_x = 1, .ofs_y = -2},
    {.bitmap_index = 6898, .adv_w = 320, .box_w = 19, .box_h = 19, .ofs_x = 0, .ofs_y = -2},
    {.bitmap_index = 7040, .adv_w = 320, .box_w = 19, .box_h = 20, .ofs_x = 0, .ofs_y = -3},
    {.bitmap_index = 7164, .adv_w = 320, .box_w = 18, .box_h = 19, .ofs_x = 1, .ofs_y = -2},
    {.bitmap_index = 7282, .adv_w = 320, .box_w = 19, .box_h = 19, .ofs_x = 0, .ofs_y = -2},
    {.bitmap_index = 7406, .adv_w = 320, .box_w = 18, .box_h = 19, .ofs_x = 1, .ofs_y = -2},
    {.bitmap_index = 7550, .adv_w = 320, .box_w = 20, .box_h = 19, .ofs_x = 0, .ofs_y = -2},
    {.bitmap_index = 7685, .adv_w = 320, .box_w = 19, .box_h = 19, .ofs_x = 0, .ofs_y = -2},
    {.bitmap_index = 7788, .adv_w = 320, .box_w = 20, .box_h = 19, .ofs_x = 0, .ofs_y = -2},
    {.bitmap_index = 7921, .adv_w = 320, .box_w = 20, .box_h = 18, .ofs_x = 0, .ofs_y = -2},
    {.bitmap_index = 8078, .adv_w = 320, .box_w = 20, .box_h = 19, .ofs_x = 0, .ofs_y = -2},
    {.bitmap_index = 8231, .adv_w = 320, .box_w = 20, .box_h = 19, .ofs_x = 0, .ofs_y = -3},
    {.bitmap_index = 8379, .adv_w = 320, .box_w = 19, .box_h = 19, .ofs_x = 1, .ofs_y = -3},
    {.bitmap_index = 8455, .adv_w = 320, .box_w = 17, .box_h = 18, .ofs_x = 1, .ofs_y = -2},
    {.bitmap_index = 8532, .adv_w = 320, .box_w = 18, .box_h = 19, .ofs_x = 1, .ofs_y = -2},
    {.bitmap_index = 8607, .adv_w = 320, .box_w = 20, .box_h = 20, .ofs_x = 0, .ofs_y = -3},
    {.bitmap_index = 8729, .adv_w = 320, .box_w = 18, .box_h = 18, .ofs_x = 1, .ofs_y = -2},
    {.bitmap_index = 8792, .adv_w = 320, .box_w = 19, .box_h = 18, .ofs_x = 0, .ofs_y = -1},
    {.bitmap_index = 8891, .adv_w = 320, .box_w = 20, .box_h = 18, .ofs_x = 0, .ofs_y = -1},
    {.bitmap_index = 9005, .adv_w = 320, .box_w = 20, .box_h = 19, .ofs_x = 0, .ofs_y = -2},
    {.bitmap_index = 9145, .adv_w = 320, .box_w = 20, .box_h = 19, .ofs_x = 0, .ofs_y = -2},
    {.bitmap_index = 9287, .adv_w = 320, .box_w = 20, .box_h = 20, .ofs_x = 0, .ofs_y = -3},
    {.bitmap_index = 9423, .adv_w = 320, .box_w = 19, .box_h = 19, .ofs_x = 1, .ofs_y = -3},
    {.bitmap_index = 9503, .adv_w = 320, .box_w = 18, .box_h = 20, .ofs_x = 1, .ofs_y = -3},
    {.bitmap_index = 9599, .adv_w = 320, .box_w = 18, .box_h = 19, .ofs_x = 1, .ofs_y = -2},
    {.bitmap_index = 9681, .adv_w = 320, .box_w = 20, .box_h = 19, .ofs_x = 0, .ofs_y = -2},
    {.bitmap_index = 9793, .adv_w = 320, .box_w = 20, .box_h = 19, .ofs_x = 0, .ofs_y = -2},
    {.bitmap_index = 9913, .adv_w = 320, .box_w = 19, .box_h = 20, .ofs_x = 1, .ofs_y = -3},
    {.bitmap_index = 10067, .adv_w = 320, .box_w = 20, .box_h = 19, .ofs_x = 0, .ofs_y = -2},
    {.bitmap_index = 10185, .adv_w = 320, .box_w = 18, .box_h = 19, .ofs_x = 0, .ofs_y = -3},
    {.bitmap_index = 10256, .adv_w = 320, .box_w = 18, .box_h = 17, .ofs_x = 2, .ofs_y = -1},
    {.bitmap_index = 10332, .adv_w = 320, .box_w = 19, .box_h = 19, .ofs_x = 1, .ofs_y = -3},
    {.bitmap_index = 10425, .adv_w = 320, .box_w = 20, .box_h = 18, .ofs_x = 0, .ofs_y = -1},
    {.bitmap_index = 10566, .adv_w = 320, .box_w = 20, .box_h = 19, .ofs_x = 0, .ofs_y = -2},
    {.bitmap_index = 10723, .adv_w = 320, .box_w = 20, .box_h = 20, .ofs_x = 0, .ofs_y = -3},
    {.bitmap_index = 10896, .adv_w = 320, .box_w = 19, .box_h = 19, .ofs_x = 0, .ofs_y = -2},
    {.bitmap_index = 10995, .adv_w = 320, .box_w = 20, .box_h = 19, .ofs_x = 0, .ofs_y = -2},
    {.bitmap_index = 11092, .adv_w = 320, .box_w = 20, .box_h = 20, .ofs_x = 0, .ofs_y = -3},
    {.bitmap_index = 11227, .adv_w = 320, .box_w = 20, .box_h = 19, .ofs_x = 0, .ofs_y = -2},
    {.bitmap_index = 11375, .adv_w = 320, .box_w = 20, .box_h = 19, .ofs_x = 0, .ofs_y = -2},
    {.bitmap_index = 11515, .adv_w = 320, .box_w = 20, .box_h = 21, .ofs_x = 0, .ofs_y = -3},
    {.bitmap_index = 11680, .adv_w = 320, .box_w = 20, .box_h = 20, .ofs_x = 0, .ofs_y = -3},
    {.bitmap_index = 11835, .adv_w = 320, .box_w = 19, .box_h = 19, .ofs_x = 1, .ofs_y = -2},
    {.bitmap_index = 11976, .adv_w = 320, .box_w = 20, .box_h = 19, .ofs_x = 0, .ofs_y = -2},
    {.bitmap_index = 12153, .adv_w = 320, .box_w = 20, .box_h = 19, .ofs_x = 0, .ofs_y = -1},
    {.bitmap_index = 12296, .adv_w = 320, .box_w = 19, .box_h = 18, .ofs_x = 1, .ofs_y = -2},
    {.bitmap_index = 12423, .adv_w = 320, .box_w = 20, .box_h = 17, .ofs_x = 0, .ofs_y = -1},
    {.bitmap_index = 12527, .adv_w = 320, .box_w = 19, .box_h = 20, .ofs_x = 0, .ofs_y = -3},
    {.bitmap_index = 12641, .adv_w = 320, .box_w = 19, .box_h = 19, .ofs_x = 0, .ofs_y = -2},
    {.bitmap_index = 12744, .adv_w = 320, .box_w = 19, .box_h = 18, .ofs_x = 0, .ofs_y = -2},
    {.bitmap_index = 12877, .adv_w = 320, .box_w = 20, .box_h = 19, .ofs_x = 0, .ofs_y = -2},
    {.bitmap_index = 12989, .adv_w = 320, .box_w = 20, .box_h = 19, .ofs_x = 0, .ofs_y = -2},
    {.bitmap_index = 13099, .adv_w = 320, .box_w = 20, .box_h = 20, .ofs_x = 0, .ofs_y = -3},
    {.bitmap_index = 13233, .adv_w = 320, .box_w = 20, .box_h = 19, .ofs_x = 0, .ofs_y = -2},
    {.bitmap_index = 13381, .adv_w = 320, .box_w = 20, .box_h = 19, .ofs_x = 0, .ofs_y = -2},
    {.bitmap_index = 13516, .adv_w = 320, .box_w = 20, .box_h = 19, .ofs_x = 0, .ofs_y = -2},
    {.bitmap_index = 13670, .adv_w = 320, .box_w = 19, .box_h = 19, .ofs_x = 0, .ofs_y = -2},
    {.bitmap_index = 13801, .adv_w = 320, .box_w = 19, .box_h = 19, .ofs_x = 0, .ofs_y = -2},
    {.bitmap_index = 13924, .adv_w = 320, .box_w = 19, .box_h = 19, .ofs_x = 0, .ofs_y = -3},
    {.bitmap_index = 14064, .adv_w = 320, .box_w = 20, .box_h = 19, .ofs_x = 0, .ofs_y = -2},
    {.bitmap_index = 14217, .adv_w = 320, .box_w = 18, .box_h = 19, .ofs_x = 0, .ofs_y = -2},
    {.bitmap_index = 14337, .adv_w = 320, .box_w = 19, .box_h = 20, .ofs_x = 0, .ofs_y = -2},
    {.bitmap_index = 14476, .adv_w = 320, .box_w = 20, .box_h = 19, .ofs_x = 0, .ofs_y = -2},
    {.bitmap_index = 14622, .adv_w = 320, .box_w = 19, .box_h = 19, .ofs_x = 0, .ofs_y = -2},
    {.bitmap_index = 14757, .adv_w = 320, .box_w = 19, .box_h = 19, .ofs_x = 0, .ofs_y = -2},
    {.bitmap_index = 14888, .adv_w = 320, .box_w = 20, .box_h = 18, .ofs_x = 0, .ofs_y = -1},
    {.bitmap_index = 15026, .adv_w = 320, .box_w = 19, .box_h = 19, .ofs_x = 0, .ofs_y = -2},
    {.bitmap_index = 15169, .adv_w = 320, .box_w = 19, .box_h = 18, .ofs_x = 1, .ofs_y = -1},
    {.bitmap_index = 15323, .adv_w = 320, .box_w = 20, .box_h = 20, .ofs_x = 0, .ofs_y = -3},
    {.bitmap_index = 15472, .adv_w = 320, .box_w = 20, .box_h = 19, .ofs_x = 0, .ofs_y = -2},
    {.bitmap_index = 15609, .adv_w = 320, .box_w = 20, .box_h = 17, .ofs_x = 0, .ofs_y = -1},
    {.bitmap_index = 15736, .adv_w = 320, .box_w = 20, .box_h = 19, .ofs_x = 0, .ofs_y = -2},
    {.bitmap_index = 15873, .adv_w = 320, .box_w = 19, .box_h = 19, .ofs_x = 0, .ofs_y = -2},
    {.bitmap_index = 15951, .adv_w = 320, .box_w = 18, .box_h = 18, .ofs_x = 0, .ofs_y = -2},
    {.bitmap_index = 16049, .adv_w = 320, .box_w = 18, .box_h = 18, .ofs_x = 2, .ofs_y = -1},
    {.bitmap_index = 16142, .adv_w = 320, .box_w = 18, .box_h = 19, .ofs_x = 1, .ofs_y = -2},
    {.bitmap_index = 16271, .adv_w = 320, .box_w = 19, .box_h = 19, .ofs_x = 1, .ofs_y = -2},
    {.bitmap_index = 16403, .adv_w = 320, .box_w = 20, .box_h = 18, .ofs_x = 0, .ofs_y = -1},
    {.bitmap_index = 16514, .adv_w = 320, .box_w = 19, .box_h = 19, .ofs_x = 0, .ofs_y = -2},
    {.bitmap_index = 16631, .adv_w = 320, .box_w = 19, .box_h = 19, .ofs_x = 0, .ofs_y = -2},
    {.bitmap_index = 16789, .adv_w = 320, .box_w = 19, .box_h = 19, .ofs_x = 0, .ofs_y = -3},
    {.bitmap_index = 16896, .adv_w = 320, .box_w = 19, .box_h = 19, .ofs_x = 0, .ofs_y = -2},
    {.bitmap_index = 17043, .adv_w = 320, .box_w = 19, .box_h = 20, .ofs_x = 0, .ofs_y = -3},
    {.bitmap_index = 17193, .adv_w = 320, .box_w = 19, .box_h = 19, .ofs_x = 0, .ofs_y = -2},
    {.bitmap_index = 17323, .adv_w = 320, .box_w = 19, .box_h = 20, .ofs_x = 0, .ofs_y = -3},
    {.bitmap_index = 17451, .adv_w = 320, .box_w = 20, .box_h = 19, .ofs_x = 0, .ofs_y = -2},
    {.bitmap_index = 17603, .adv_w = 320, .box_w = 20, .box_h = 20, .ofs_x = 0, .ofs_y = -3},
    {.bitmap_index = 17777, .adv_w = 320, .box_w = 19, .box_h = 20, .ofs_x = 1, .ofs_y = -2},
    {.bitmap_index = 17933, .adv_w = 320, .box_w = 18, .box_h = 17, .ofs_x = 1, .ofs_y = -1},
    {.bitmap_index = 18033, .adv_w = 320, .box_w = 18, .box_h = 19, .ofs_x = 1, .ofs_y = -2},
    {.bitmap_index = 18176, .adv_w = 320, .box_w = 18, .box_h = 19, .ofs_x = 1, .ofs_y = -2},
    {.bitmap_index = 18321, .adv_w = 320, .box_w = 20, .box_h = 20, .ofs_x = 0, .ofs_y = -3},
    {.bitmap_index = 18502, .adv_w = 320, .box_w = 20, .box_h = 19, .ofs_x = 0, .ofs_y = -2},
    {.bitmap_index = 18606, .adv_w = 320, .box_w = 20, .box_h = 20, .ofs_x = 0, .ofs_y = -3},
    {.bitmap_index = 18777, .adv_w = 320, .box_w = 20, .box_h = 19, .ofs_x = 0, .ofs_y = -2},
    {.bitmap_index = 18904, .adv_w = 320, .box_w = 19, .box_h = 19, .ofs_x = 1, .ofs_y = -2},
    {.bitmap_index = 19033, .adv_w = 320, .box_w = 20, .box_h = 20, .ofs_x = 0, .ofs_y = -3},
    {.bitmap_index = 19208, .adv_w = 320, .box_w = 18, .box_h = 19, .ofs_x = 1, .ofs_y = -2},
    {.bitmap_index = 19322, .adv_w = 320, .box_w = 20, .box_h = 19, .ofs_x = 0, .ofs_y = -2},
    {.bitmap_index = 19489, .adv_w = 320, .box_w = 18, .box_h = 19, .ofs_x = 1, .ofs_y = -2},
    {.bitmap_index = 19584, .adv_w = 320, .box_w = 19, .box_h = 19, .ofs_x = 0, .ofs_y = -2},
    {.bitmap_index = 19736, .adv_w = 320, .box_w = 20, .box_h = 19, .ofs_x = 0, .ofs_y = -2},
    {.bitmap_index = 19892, .adv_w = 320, .box_w = 20, .box_h = 19, .ofs_x = 0, .ofs_y = -2},
    {.bitmap_index = 20000, .adv_w = 320, .box_w = 20, .box_h = 18, .ofs_x = 0, .ofs_y = -2},
    {.bitmap_index = 20139, .adv_w = 320, .box_w = 20, .box_h = 19, .ofs_x = 0, .ofs_y = -2},
    {.bitmap_index = 20298, .adv_w = 320, .box_w = 20, .box_h = 19, .ofs_x = 0, .ofs_y = -2},
    {.bitmap_index = 20436, .adv_w = 320, .box_w = 20, .box_h = 19, .ofs_x = 0, .ofs_y = -2},
    {.bitmap_index = 20587, .adv_w = 320, .box_w = 20, .box_h = 20, .ofs_x = 0, .ofs_y = -2},
    {.bitmap_index = 20746, .adv_w = 320, .box_w = 20, .box_h = 19, .ofs_x = 0, .ofs_y = -2},
    {.bitmap_index = 20899, .adv_w = 320, .box_w = 20, .box_h = 19, .ofs_x = 0, .ofs_y = -2},
    {.bitmap_index = 21044, .adv_w = 320, .box_w = 19, .box_h = 19, .ofs_x = 0, .ofs_y = -2},
    {.bitmap_index = 21166, .adv_w = 320, .box_w = 20, .box_h = 17, .ofs_x = 0, .ofs_y = -1},
    {.bitmap_index = 21272, .adv_w = 320, .box_w = 19, .box_h = 19, .ofs_x = 0, .ofs_y = -2},
    {.bitmap_index = 21404, .adv_w = 320, .box_w = 20, .box_h = 19, .ofs_x = 0, .ofs_y = -2},
    {.bitmap_index = 21556, .adv_w = 320, .box_w = 20, .box_h = 19, .ofs_x = 0, .ofs_y = -2},
    {.bitmap_index = 21727, .adv_w = 320, .box_w = 19, .box_h = 19, .ofs_x = 1, .ofs_y = -2},
    {.bitmap_index = 21848, .adv_w = 320, .box_w = 18, .box_h = 19, .ofs_x = 1, .ofs_y = -2},
    {.bitmap_index = 21962, .adv_w = 320, .box_w = 18, .box_h = 19, .ofs_x = 1, .ofs_y = -2},
    {.bitmap_index = 22078, .adv_w = 320, .box_w = 19, .box_h = 20, .ofs_x = 1, .ofs_y = -3},
    {.bitmap_index = 22230, .adv_w = 320, .box_w = 19, .box_h = 20, .ofs_x = 1, .ofs_y = -3},
    {.bitmap_index = 22383, .adv_w = 320, .box_w = 19, .box_h = 19, .ofs_x = 1, .ofs_y = -2},
    {.bitmap_index = 22487, .adv_w = 320, .box_w = 19, .box_h = 21, .ofs_x = 0, .ofs_y = -3},
    {.bitmap_index = 22610, .adv_w = 320, .box_w = 19, .box_h = 19, .ofs_x = 1, .ofs_y = -2},
    {.bitmap_index = 22752, .adv_w = 320, .box_w = 7, .box_h = 20, .ofs_x = 13, .ofs_y = -2},
    {.bitmap_index = 22807, .adv_w = 320, .box_w = 7, .box_h = 20, .ofs_x = 0, .ofs_y = -2}
};

/*---------------------
 *  CHARACTER MAPPING
 *--------------------*/

static const uint16_t unicode_list_1[] = {
    0x0, 0xa, 0xb, 0xe, 0x24, 0x2d, 0x91, 0xac,
    0xba, 0xcd, 0xe3, 0xe4, 0xfd, 0x14d, 0x17f, 0x348,
    0x365, 0x36c, 0x371, 0x373, 0x380, 0x399, 0x3fb, 0x407,
    0x420, 0x44d, 0x4a0, 0x4a8, 0x519, 0x555, 0x5cb, 0x5cc,
    0x5d1, 0x5d6, 0x5ef, 0x5f8, 0x609, 0x60e, 0x8de, 0x928,
    0x98b, 0xa6b, 0xb04, 0xb07, 0xd50, 0xd57, 0xd81, 0xd8c,
    0xd9a, 0xdb6, 0xe11, 0xfdd, 0xff2, 0x1100, 0x1201, 0x1410,
    0x1411, 0x144d, 0x1453, 0x1467, 0x14e9, 0x1507, 0x1509, 0x1562,
    0x1739, 0x1770, 0x17b0, 0x1835, 0x183e, 0x184b, 0x1909, 0x190b,
    0x192a, 0x192c, 0x193a, 0x1961, 0x1a42, 0x1a48, 0x1a63, 0x1d65,
    0x1dcd, 0x1ea1, 0x1eaa, 0x1f25, 0x1f59, 0x1f88, 0x2005, 0x201d,
    0x2058, 0x20e1, 0x244c, 0x24b6, 0x2606, 0x263c, 0x2718, 0x2728,
    0x2735, 0x2884, 0x2896, 0x28d6, 0x2901, 0x2a6e, 0x2b3a, 0x2bf0,
    0x2d2c, 0x2d80, 0x2da1, 0x2db1, 0x30d1, 0x32fd, 0x33f3, 0x34cf,
    0x3699, 0x37cf, 0x3a4c, 0x3be3, 0x3da4, 0x3df7, 0x3e6b, 0x3f35,
    0x3f63, 0x4166, 0x4186, 0x4193, 0x41bd, 0x41d0, 0x41d4, 0x41d8,
    0x41db, 0x4201, 0x4209, 0x4302, 0x43cd, 0x43cf, 0x46a5, 0x4701,
    0x472e, 0x477f, 0x47ed, 0x47fd, 0x4855, 0x4864, 0x4952, 0x4e81,
    0x50d1, 0xb108, 0xb109
};

/*Collect the unicode lists and glyph_id offsets*/
static const lv_font_fmt_txt_cmap_t cmaps[] =
{
    {
        .range_start = 32, .range_length = 95, .glyph_id_start = 1,
        .unicode_list = NULL, .glyph_id_ofs_list = NULL, .list_length = 0, .type = LV_FONT_FMT_TXT_CMAP_FORMAT0_TINY
    },
    {
        .range_start = 19968, .range_length = 45322, .glyph_id_start = 96,
        .unicode_list = unicode_list_1, .glyph_id_ofs_list = NULL, .list_length = 147, .type = LV_FONT_FMT_TXT_CMAP_SPARSE_TINY
    }
};

/*-----------------
 *    KERNING
 *----------------*/


/*Map glyph_ids to kern left classes*/
static const uint8_t kern_left_class_mapping[] =
{
    0, 0, 0, 1, 0, 0, 0, 0,
    1, 2, 0, 0, 0, 3, 4, 3,
    5, 0, 0, 0, 0, 0, 0, 0,
    0, 0, 0, 6, 6, 0, 0, 0,
    0, 0, 7, 8, 9, 10, 11, 12,
    13, 0, 0, 14, 15, 16, 0, 0,
    10, 17, 10, 18, 19, 20, 21, 22,
    23, 24, 25, 26, 2, 27, 0, 0,
    0, 0, 28, 29, 30, 0, 31, 32,
    33, 34, 0, 0, 35, 36, 34, 34,
    29, 29, 37, 38, 39, 40, 37, 41,
    42, 43, 44, 45, 2, 0, 0, 0,
    0, 0, 0, 0, 0, 0, 0, 0,
    0, 0, 0, 0, 0, 0, 0, 0,
    0, 0, 0, 0, 0, 0, 0, 0,
    0, 0, 0, 0, 0, 0, 0, 0,
    0, 0, 0, 0, 0, 0, 0, 0,
    0, 0, 0, 0, 0, 0, 0, 0,
    0, 0, 0, 0, 0, 0, 0, 0,
    0, 0, 0, 0, 0, 0, 0, 0,
    0, 0, 0, 0, 0, 0, 0, 0,
    0, 0, 0, 0, 0, 0, 0, 0,
    0, 0, 0, 0, 0, 0, 0, 0,
    0, 0, 0, 0, 0, 0, 0, 0,
    0, 0, 0, 0, 0, 0, 0, 0,
    0, 0, 0, 0, 0, 0, 0, 0,
    0, 0, 0, 0, 0, 0, 0, 0,
    0, 0, 0, 0, 0, 0, 0, 0,
    0, 0, 0, 0, 0, 0, 0, 0,
    0, 0, 0, 0, 0, 0, 0, 0,
    0, 0, 0
};

/*Map glyph_ids to kern right classes*/
static const uint8_t kern_right_class_mapping[] =
{
    0, 0, 1, 2, 0, 0, 0, 0,
    2, 0, 3, 4, 0, 5, 6, 7,
    8, 0, 0, 0, 0, 0, 0, 0,
    0, 0, 0, 9, 10, 0, 0, 0,
    11, 0, 12, 0, 13, 0, 0, 0,
    13, 0, 0, 14, 0, 0, 0, 0,
    13, 0, 13, 0, 15, 16, 17, 18,
    19, 20, 21, 22, 0, 23, 3, 0,
    0, 0, 24, 0, 25, 25, 25, 26,
    27, 0, 28, 29, 0, 0, 30, 30,
    25, 30, 25, 30, 31, 32, 33, 34,
    35, 36, 37, 38, 0, 0, 3, 0,
    0, 0, 0, 0, 0, 0, 0, 0,
    0, 0, 0, 0, 0, 0, 0, 0,
    0, 0, 0, 0, 0, 0, 0, 0,
    0, 0, 0, 0, 0, 0, 0, 0,
    0, 0, 0, 0, 0, 0, 0, 0,
    0, 0, 0, 0, 0, 0, 0, 0,
    0, 0, 0, 0, 0, 0, 0, 0,
    0, 0, 0, 0, 0, 0, 0, 0,
    0, 0, 0, 0, 0, 0, 0, 0,
    0, 0, 0, 0, 0, 0, 0, 0,
    0, 0, 0, 0, 0, 0, 0, 0,
    0, 0, 0, 0, 0, 0, 0, 0,
    0, 0, 0, 0, 0, 0, 0, 0,
    0, 0, 0, 0, 0, 0, 0, 0,
    0, 0, 0, 0, 0, 0, 0, 0,
    0, 0, 0, 0, 0, 0, 0, 0,
    0, 0, 0, 0, 0, 0, 0, 0,
    0, 0, 0, 0, 0, 0, 0, 0,
    0, 0, 0
};

/*Kern values between classes*/
static const int8_t kern_class_values[] =
{
    0, 0, 0, 0, -42, 0, -42, 0,
    0, 0, 0, -20, 0, -35, -4, 0,
    0, 0, 0, -4, 0, 0, 0, 0,
    -12, 0, 0, 0, 0, 0, -8, 0,
    0, 0, 0, 0, 0, 0, 0, 0,
    0, 0, 0, 0, 0, 0, 0, 0,
    0, 0, 0, -8, 0, 0, 0, 0,
    0, 0, 0, 0, 0, 0, 0, 0,
    0, 0, 28, 0, 0, 0, 0, 0,
    0, 0, 0, 0, 0, -35, 0, -50,
    0, 0, 0, 0, 0, 0, 0, 0,
    0, 0, 0, -36, -8, -24, -13, 0,
    -34, 0, 0, 0, -5, 0, 0, 0,
    8, 0, 0, -17, 0, -13, -9, 0,
    -8, 0, 0, 0, 0, 0, 0, 0,
    0, 0, 0, 0, 0, 0, 0, -8,
    -7, -18, 0, -8, -4, -11, -24, -8,
    0, 0, 0, 0, 0, 0, 0, 0,
    0, -10, 0, -4, 0, -6, 0, 0,
    0, 0, 0, 0, 0, 0, 0, 0,
    0, 0, 0, -15, -4, -29, 0, 0,
    0, 0, 0, 0, 0, 0, 0, -9,
    -12, 0, -4, 8, 8, 0, 0, 2,
    -8, 0, 0, 0, 0, 0, 0, 0,
    0, -19, 0, 0, 0, 0, 0, 0,
    0, 0, 0, 0, 0, 0, 0, 0,
    0, 0, -10, 0, 0, 0, 0, 0,
    0, 0, 0, 0, 0, 0, 0, 0,
    0, 0, 0, 0, 0, -20, 0, -35,
    0, 0, 0, 0, 0, 0, -10, -3,
    -4, 0, 0, -20, -6, -6, 0, 1,
    -6, -4, -15, 7, 0, -4, 0, 0,
    0, 0, 7, -6, -3, -4, -2, -2,
    -4, 0, 0, 0, 0, -12, 0, 0,
    0, 0, 0, 0, 0, 0, 0, -6,
    -6, -9, 0, -3, -2, -2, -6, -2,
    0, 0, 0, 0, 0, 0, 0, 0,
    0, -4, 0, -6, -4, -4, -6, 0,
    0, 0, 0, 0, 0, -10, 0, 0,
    0, 0, 0, 0, -11, -4, -9, -7,
    -6, -2, -2, -2, -4, -4, 0, 0,
    0, 0, -8, 0, 0, 0, 0, -11,
    -4, -6, -4, 0, -6, 0, 0, 0,
    0, -13, 0, 0, 0, -7, 0, 0,
    0, -4, 0, -15, 0, -9, 0, -4,
    -3, -7, -8, -8, 0, 0, 0, 0,
    0, 0, 0, 0, 0, 0, 0, 0,
    0, -6, 0, -4, 0, 0, 0, 0,
    0, 0, 0, 0, 0, 0, 0, 0,
    0, 0, 0, 0, 0, 0, 0, 0,
    0, 0, 0, 0, -4, 0, 0, 0,
    0, 0, 0, -9, 0, -4, 0, -12,
    -4, 0, 0, 0, 0, 0, -27, 0,
    -27, -26, 0, 0, 0, -14, -4, -51,
    -8, 0, 0, 1, 1, -9, 0, -12,
    0, -13, -6, 0, -9, 0, 0, -8,
    -8, -4, -6, -8, -7, -10, -7, -11,
    0, 0, 0, -11, 0, 0, 0, 0,
    0, 0, 0, -2, 0, 0, 0, -8,
    0, -6, -2, 0, 0, 0, 0, 0,
    0, 0, 0, 0, 0, 0, 0, 0,
    0, 0, 0, 0, 0, 0, 0, 0,
    0, 0, -9, 0, -9, 0, 0, 0,
    0, 0, 0, -15, 0, 0, 0, 0,
    0, 0, 0, 0, 0, 0, 0, 0,
    0, 0, 0, 0, 0, 0, 0, 0,
    0, 0, 0, 0, 0, -8, 0, -15,
    0, -11, 0, 0, 0, 0, -4, -4,
    -8, 0, -4, -7, -6, -5, -4, 0,
    -7, 0, 0, 0, -4, 0, 0, 0,
    -4, 0, 0, -13, -6, -8, -7, -7,
    -8, -6, 0, -32, 0, -55, 0, -20,
    0, 0, 0, 0, -12, 0, -10, 0,
    -9, -44, -11, -28, -21, 0, -28, 0,
    -29, 0, -5, -6, -2, 0, 0, 0,
    0, -8, -4, -14, -13, 0, -14, 0,
    0, 0, 0, 0, -41, -13, -41, -29,
    0, 0, 0, -19, 0, -53, -4, -10,
    0, 0, 0, -9, -4, -30, 0, -16,
    -10, 0, -12, 0, 0, 0, -4, 0,
    0, 0, 0, -6, 0, -8, 0, 0,
    0, -4, 0, -11, 0, 0, 0, 0,
    0, -2, 0, -7, -6, -6, 0, 1,
    1, -2, -1, -4, 0, -2, -4, 0,
    -2, 0, 0, 0, 0, 0, 0, 0,
    0, -4, 0, -4, 0, 0, 0, -7,
    0, 4, 0, 0, 0, 0, 0, 0,
    0, -6, -6, -8, 0, 0, 0, 0,
    -6, 0, 0, 0, 0, 0, 0, 0,
    0, 0, 0, -9, 0, 0, 0, 0,
    0, -1, 0, 0, 0, 0, -39, -27,
    -39, -33, -8, -8, 0, -15, -9, -46,
    -15, 0, 0, 0, 0, -8, -6, -20,
    0, -27, -24, -7, -27, 0, 0, -18,
    -22, -7, -18, -13, -13, -15, -13, -28,
    0, 0, 0, 0, -7, 0, -7, -12,
    0, 0, 0, -7, 0, -18, -4, 0,
    0, -2, 0, -4, -6, 0, 0, -2,
    0, 0, -4, 0, 0, 0, -2, 0,
    0, 0, 0, -4, 0, 0, 0, 0,
    0, 0, -24, -8, -24, -18, 0, 0,
    0, -6, -4, -27, -4, 0, -4, 3,
    0, 0, 0, -8, 0, -9, -6, 0,
    -9, 0, 0, -8, -5, 0, -12, -4,
    -4, -6, -4, -10, 0, 0, 0, 0,
    -13, -4, -13, -12, 0, 0, 0, 0,
    -3, -25, -3, 0, 0, 0, 0, 0,
    0, -3, 0, -7, 0, 0, -5, 0,
    0, 0, 0, 0, 0, 0, 0, 0,
    0, -4, 0, -4, 0, -4, 0, -11,
    0, 0, 0, 0, 0, 0, -7, -1,
    -6, -8, -4, 0, 0, 0, 0, 0,
    0, -4, -4, -7, 0, 0, 0, 0,
    0, -7, -4, -7, -6, -4, -7, -6,
    0, 0, 0, 0, -33, -24, -33, -25,
    -10, -10, -4, -6, -6, -36, -6, -6,
    -4, 0, 0, 0, 0, -10, 0, -25,
    -16, 0, -22, 0, 0, -15, -16, -11,
    -13, -6, -9, -13, -6, -18, 0, 0,
    0, 0, 0, -13, 0, 0, 0, 0,
    0, -3, -8, -13, -12, 0, -4, -3,
    -3, 0, -6, -7, 0, -7, -9, -8,
    -6, 0, 0, 0, 0, -6, -9, -7,
    -7, -9, -7, 0, 0, 0, 0, 0,
    0, 0, 0, 0, 0, 0, 0, 0,
    0, 0, 0, -32, -12, -20, -12, 0,
    -27, 0, 0, 0, 0, 0, 11, 0,
    25, 0, 0, 0, 0, -8, -4, 0,
    4, 0, 0, 0, 0, -20, 0, 0,
    0, 0, 0, 0, -5, 0, 0, 0,
    0, -9, 0, -7, -2, 0, -9, 0,
    0, 0, 0, 0, 0, 0, 0, 0,
    0, -6, 0, 0, 0, 0, 0, 0,
    0, -12, 0, -10, -4, 1, -4, 0,
    0, 0, -5, 0, 0, 0, 0, -21,
    0, -8, 0, -2, -17, 0, -10, -6,
    0, -2, 0, 0, 0, 0, -2, -7,
    0, -2, -2, -7, -2, -3, 0, 0,
    0, 0, 0, -8, 0, 0, 0, 0,
    0, 0, 0, 0, 0, -8, 0, -6,
    0, 0, -9, 0, 0, -4, -9, 0,
    -4, 0, 0, 0, 0, -4, 0, 1,
    1, 2, 1, 0, 0, 0, 0, -13,
    0, 3, 0, 0, 0, 0, -4, 0,
    0, -8, -8, -9, 0, -7, -4, 0,
    -10, 0, -8, -6, 0, -2, -4, 0,
    0, 0, 0, -4, 0, 1, 1, -4,
    1, -1, 4, 13, 17, 0, -19, -6,
    -19, -6, 0, 0, 9, 0, 0, 0,
    0, 16, 0, 23, 16, 11, 20, 0,
    21, -8, -4, 0, -6, 0, -4, 0,
    -2, 0, 0, 4, 0, -2, 0, -6,
    0, 0, 4, -13, 0, 0, 0, 16,
    0, 0, -14, 0, 0, 0, 0, -10,
    0, 0, 0, 0, -6, 0, 0, -6,
    -6, 0, 0, 0, 12, 0, 0, 0,
    0, -2, -2, 0, 4, -6, 0, 0,
    0, -13, 0, 0, 0, 0, 0, 0,
    -4, 0, 0, 0, 0, -9, 0, -4,
    0, 0, -7, 0, 0, 0, 0, 0,
    0, 0, 0, 0, 0, 0, 0, 0,
    0, 0, 0, 0, 0, 0, 0, -9,
    4, -16, 4, 0, 4, 4, -5, 0,
    0, 0, 0, -13, 0, 0, 0, 0,
    -5, 0, 0, -4, -7, 0, -4, 0,
    -4, 0, 0, -8, -6, 0, 0, -4,
    0, -4, 0, 0, 0, 0, 0, 0,
    0, 0, 0, 0, 0, 0, 0, 0,
    0, 0, 0, 0, 0, 0, 0, 0,
    0, 0, 0, 0, 0, 0, 2, 0,
    0, 0, 0, 0, 0, 0, 0, 0,
    0, 0, 0, -10, 0, 0, 0, 0,
    0, 0, 0, 0, 0, 0, 0, -8,
    0, -6, 0, 0, -12, 0, 0, 0,
    0, 0, 0, 0, 0, 0, 0, 0,
    0, 0, 0, 0, 0, 0, 0, 0,
    0, 0, -20, -9, -20, -13, 8, 8,
    0, -6, 0, -20, 0, 0, 0, 0,
    0, 0, 0, -4, 4, -9, -4, 0,
    -4, 0, 0, 0, -2, 0, 0, 8,
    6, 0, 8, -2, 0, 0, 0, -19,
    0, 3, 0, 0, 0, 0, -5, 0,
    0, 0, 0, -9, 0, -4, 0, 0,
    -8, 0, 0, 0, 0, 0, 0, 0,
    0, 0, 0, -8, 0, 0, 0, 0,
    0, 0, 0, 0, 0, 0, 2, -10,
    2, 3, 4, 4, -10, 0, 0, 0,
    0, -6, 0, 0, 0, 0, -2, 0,
    0, -9, -6, 0, -4, 0, 0, 0,
    -4, -8, 0, 0, 0, -7, 0, 0,
    0, 0, 0, -5, -13, -4, -13, -8,
    0, 0, 0, -5, 0, -15, 0, -8,
    0, -4, 0, 0, -6, -4, 0, -8,
    -2, 0, 0, 0, -4, 0, 0, 0,
    0, 0, 0, 0, 0, -9, 0, 0,
    0, -5, -14, 0, -14, -4, 0, 0,
    0, -2, 0, -12, 0, -9, 0, -4,
    0, -6, -9, 0, 0, -4, -2, 0,
    0, 0, -4, 0, 0, 0, 0, 0,
    0, 0, 0, -7, -6, 0, 0, -9,
    2, -6, -4, 0, 0, 2, 0, 0,
    -4, 0, -2, -13, 0, -6, 0, -4,
    -13, 0, 0, -4, -7, 0, 0, 0,
    0, 0, 0, -9, 0, 0, 0, 0,
    -1, 0, 0, 0, 0, 0, -13, 0,
    -13, -6, 0, 0, 0, 0, 0, -15,
    0, -8, 0, -2, 0, -2, -4, 0,
    0, -8, -2, 0, 0, 0, -4, 0,
    0, 0, 0, 0, 0, -6, 0, -9,
    0, 0, 0, 0, 0, -7, 0, 0,
    0, 0, 0, 0, 0, 0, 0, -10,
    0, 0, 0, 0, -12, 0, 0, -9,
    -4, 0, -3, 0, 0, 0, 0, 0,
    -4, -2, 0, 0, -2, 0
};


/*Collect the kern class' data in one place*/
static const lv_font_fmt_txt_kern_classes_t kern_classes =
{
    .class_pair_values   = kern_class_values,
    .left_class_mapping  = kern_left_class_mapping,
    .right_class_mapping = kern_right_class_mapping,
    .left_class_cnt      = 45,
    .right_class_cnt     = 38,
};

/*--------------------
 *  ALL CUSTOM DATA
 *--------------------*/

#if LVGL_VERSION_MAJOR == 8
/*Store all the custom data of the font*/
static  lv_font_fmt_txt_glyph_cache_t cache;
#endif

#if LVGL_VERSION_MAJOR >= 8
static const lv_font_fmt_txt_dsc_t font_dsc = {
#else
static lv_font_fmt_txt_dsc_t font_dsc = {
#endif
    .glyph_bitmap = glyph_bitmap,
    .glyph_dsc = glyph_dsc,
    .cmaps = cmaps,
    .kern_dsc = &kern_classes,
    .kern_scale = 16,
    .cmap_num = 2,
    .bpp = 4,
    .kern_classes = 1,
    .bitmap_format = 1,
#if LVGL_VERSION_MAJOR == 8
    .cache = &cache
#endif
};



/*-----------------
 *  PUBLIC FONT
 *----------------*/

/*Initialize a public general font descriptor*/
#if LVGL_VERSION_MAJOR >= 8
const lv_font_t tesla_font_20 = {
#else
lv_font_t tesla_font_20 = {
#endif
    .get_glyph_dsc = lv_font_get_glyph_dsc_fmt_txt,    /*Function pointer to get glyph's data*/
    .get_glyph_bitmap = lv_font_get_bitmap_fmt_txt,    /*Function pointer to get glyph's bitmap*/
    .line_height = 24,          /*The maximum line height required by the font*/
    .base_line = 6,             /*Baseline measured from the bottom of the line*/
#if !(LVGL_VERSION_MAJOR == 6 && LVGL_VERSION_MINOR == 0)
    .subpx = LV_FONT_SUBPX_NONE,
#endif
#if LV_VERSION_CHECK(7, 4, 0) || LVGL_VERSION_MAJOR >= 8
    .underline_position = -2,
    .underline_thickness = 1,
#endif
    .dsc = &font_dsc,          /*The custom font data. Will be accessed by `get_glyph_bitmap/dsc` */
#if LV_VERSION_CHECK(8, 2, 0) || LVGL_VERSION_MAJOR >= 9
    .fallback = NULL,
#endif
    .user_data = NULL,
};



#endif /*#if TESLA_FONT_20*/

