// 自动生成，勿手改 —— 源: tesla_ai_passport_ui_assets/icons/*.png，脚本: tools/gen_key_icons.py
// 格式: 48×48 L8 alpha 遮罩（白色线稿只取 alpha 通道），显示时 style image_recolor 染色。
#include "key_icons.h"

static const uint8_t key_icon_lock_map[48 * 48] = {
    0x00,0x00,0x00,0x00,0x00,0x00,0x00,0x00,0x00,0x00,0x00,0x00,0x00,0x00,0x00,0x00,0x00,0x00,0x00,0x00,0x00,0x00,0x00,0x00,0x00,0x00,0x00,0x00,0x00,0x00,0x00,0x00,0x00,0x00,0x00,0x00,0x00,0x00,0x00,0x00,0x00,0x00,0x00,0x00,0x00,0x00,0x00,0x00,
    0x00,0x00,0x00,0x00,0x00,0x00,0x00,0x00,0x00,0x00,0x00,0x00,0x00,0x00,0x00,0x00,0x00,0x00,0x00,0x00,0x00,0x00,0x00,0x00,0x00,0x00,0x00,0x00,0x00,0x00,0x00,0x00,0x00,0x00,0x00,0x00,0x00,0x00,0x00,0x00,0x00,0x00,0x00,0x00,0x00,0x00,0x00,0x00,
    0x00,0x00,0x00,0x00,0x00,0x00,0x00,0x00,0x00,0x00,0x00,0x00,0x00,0x00,0x00,0x00,0x00,0x00,0x00,0x00,0x00,0x00,0x00,0x00,0x00,0x00,0x00,0x00,0x00,0x00,0x00,0x00,0x00,0x00,0x00,0x00,0x00,0x00,0x00,0x00,0x00,0x00,0x00,0x00,0x00,0x00,0x00,0x00,
    0x00,0x00,0x00,0x00,0x00,0x00,0x00,0x00,0x00,0x00,0x00,0x00,0x00,0x00,0x00,0x00,0x00,0x00,0x00,0x00,0x00,0x00,0x00,0x00,0x00,0x00,0x00,0x00,0x00,0x00,0x00,0x00,0x00,0x00,0x00,0x00,0x00,0x00,0x00,0x00,0x00,0x00,0x00,0x00,0x00,0x00,0x00,0x00,
    0x00,0x00,0x00,0x00,0x00,0x00,0x00,0x00,0x00,0x00,0x00,0x00,0x00,0x00,0x00,0x00,0x00,0x00,0x00,0x00,0x00,0x00,0x00,0x00,0x00,0x00,0x00,0x00,0x00,0x00,0x00,0x00,0x00,0x00,0x00,0x00,0x00,0x00,0x00,0x00,0x00,0x00,0x00,0x00,0x00,0x00,0x00,0x00,
    0x00,0x00,0x00,0x00,0x00,0x00,0x00,0x00,0x00,0x00,0x00,0x00,0x00,0x00,0x00,0x00,0x00,0x00,0x00,0x00,0x00,0x00,0x00,0x00,0x00,0x00,0x00,0x00,0x00,0x00,0x00,0x00,0x00,0x00,0x00,0x00,0x00,0x00,0x00,0x00,0x00,0x00,0x00,0x00,0x00,0x00,0x00,0x00,
    0x00,0x00,0x00,0x00,0x00,0x00,0x00,0x00,0x00,0x00,0x00,0x00,0x00,0x00,0x00,0x00,0x00,0x00,0x00,0x00,0x00,0x00,0x00,0x00,0x00,0x00,0x00,0x00,0x00,0x00,0x00,0x00,0x00,0x00,0x00,0x00,0x00,0x00,0x00,0x00,0x00,0x00,0x00,0x00,0x00,0x00,0x00,0x00,
    0x00,0x00,0x00,0x00,0x00,0x00,0x00,0x00,0x00,0x00,0x00,0x00,0x00,0x00,0x00,0x00,0x00,0x00,0x00,0x00,0x00,0x00,0xFF,0xFF,0xFF,0xFF,0x00,0x00,0x00,0x00,0x00,0x00,0x00,0x00,0x00,0x00,0x00,0x00,0x00,0x00,0x00,0x00,0x00,0x00,0x00,0x00,0x00,0x00,
    0x00,0x00,0x00,0x00,0x00,0x00,0x00,0x00,0x00,0x00,0x00,0x00,0x00,0x00,0x00,0x00,0x00,0x00,0x00,0x00,0xFF,0xFF,0xFF,0xFF,0xFF,0xFF,0xFF,0xFF,0x00,0x00,0x00,0x00,0x00,0x00,0x00,0x00,0x00,0x00,0x00,0x00,0x00,0x00,0x00,0x00,0x00,0x00,0x00,0x00,
    0x00,0x00,0x00,0x00,0x00,0x00,0x00,0x00,0x00,0x00,0x00,0x00,0x00,0x00,0x00,0x00,0x00,0x00,0x00,0xFF,0xFF,0xFF,0xFF,0xFF,0xFF,0xFF,0xFF,0xFF,0xFF,0x00,0x00,0x00,0x00,0x00,0x00,0x00,0x00,0x00,0x00,0x00,0x00,0x00,0x00,0x00,0x00,0x00,0x00,0x00,
    0x00,0x00,0x00,0x00,0x00,0x00,0x00,0x00,0x00,0x00,0x00,0x00,0x00,0x00,0x00,0x00,0x00,0x00,0xFF,0xFF,0xFF,0xFF,0x00,0x00,0x00,0x00,0xFF,0xFF,0xFF,0xFF,0x00,0x00,0x00,0x00,0x00,0x00,0x00,0x00,0x00,0x00,0x00,0x00,0x00,0x00,0x00,0x00,0x00,0x00,
    0x00,0x00,0x00,0x00,0x00,0x00,0x00,0x00,0x00,0x00,0x00,0x00,0x00,0x00,0x00,0x00,0x00,0x00,0xFF,0xFF,0xFF,0x00,0x00,0x00,0x00,0x00,0x00,0xFF,0xFF,0xFF,0x00,0x00,0x00,0x00,0x00,0x00,0x00,0x00,0x00,0x00,0x00,0x00,0x00,0x00,0x00,0x00,0x00,0x00,
    0x00,0x00,0x00,0x00,0x00,0x00,0x00,0x00,0x00,0x00,0x00,0x00,0x00,0x00,0x00,0x00,0x00,0xFF,0xFF,0xFF,0x00,0x00,0x00,0x00,0x00,0x00,0x00,0x00,0xFF,0xFF,0xFF,0x00,0x00,0x00,0x00,0x00,0x00,0x00,0x00,0x00,0x00,0x00,0x00,0x00,0x00,0x00,0x00,0x00,
    0x00,0x00,0x00,0x00,0x00,0x00,0x00,0x00,0x00,0x00,0x00,0x00,0x00,0x00,0x00,0x00,0x00,0xFF,0xFF,0xFF,0x00,0x00,0x00,0x00,0x00,0x00,0x00,0x00,0xFF,0xFF,0xFF,0x00,0x00,0x00,0x00,0x00,0x00,0x00,0x00,0x00,0x00,0x00,0x00,0x00,0x00,0x00,0x00,0x00,
    0x00,0x00,0x00,0x00,0x00,0x00,0x00,0x00,0x00,0x00,0x00,0x00,0x00,0x00,0x00,0x00,0xFF,0xFF,0xFF,0x00,0x00,0x00,0x00,0x00,0x00,0x00,0x00,0x00,0x00,0xFF,0xFF,0xFF,0x00,0x00,0x00,0x00,0x00,0x00,0x00,0x00,0x00,0x00,0x00,0x00,0x00,0x00,0x00,0x00,
    0x00,0x00,0x00,0x00,0x00,0x00,0x00,0x00,0x00,0x00,0x00,0x00,0x00,0x00,0x00,0x00,0xFF,0xFF,0xFF,0x00,0x00,0x00,0x00,0x00,0x00,0x00,0x00,0x00,0x00,0xFF,0xFF,0xFF,0x00,0x00,0x00,0x00,0x00,0x00,0x00,0x00,0x00,0x00,0x00,0x00,0x00,0x00,0x00,0x00,
    0x00,0x00,0x00,0x00,0x00,0x00,0x00,0x00,0x00,0x00,0x00,0x00,0x00,0x00,0x00,0x00,0xFF,0xFF,0xFF,0x00,0x00,0x00,0x00,0x00,0x00,0x00,0x00,0x00,0x00,0xFF,0xFF,0xFF,0x00,0x00,0x00,0x00,0x00,0x00,0x00,0x00,0x00,0x00,0x00,0x00,0x00,0x00,0x00,0x00,
    0x00,0x00,0x00,0x00,0x00,0x00,0x00,0x00,0x00,0x00,0x00,0x00,0x00,0x00,0x00,0x00,0xFF,0xFF,0xFF,0x00,0x00,0x00,0x00,0x00,0x00,0x00,0x00,0x00,0x00,0xFF,0xFF,0xFF,0x00,0x00,0x00,0x00,0x00,0x00,0x00,0x00,0x00,0x00,0x00,0x00,0x00,0x00,0x00,0x00,
    0x00,0x00,0x00,0x00,0x00,0x00,0x00,0x00,0x00,0x00,0x00,0x00,0x00,0x00,0x00,0x00,0x00,0x00,0x00,0x00,0x00,0x00,0x00,0x00,0x00,0x00,0x00,0x00,0x00,0x00,0x00,0x00,0x00,0x00,0x00,0x00,0x00,0x00,0x00,0x00,0x00,0x00,0x00,0x00,0x00,0x00,0x00,0x00,
    0x00,0x00,0x00,0x00,0x00,0x00,0x00,0x00,0x00,0x00,0x00,0x00,0x00,0x00,0x00,0x00,0x00,0x00,0x00,0x00,0x00,0x00,0x00,0x00,0x00,0x00,0x00,0x00,0x00,0x00,0x00,0x00,0x00,0x00,0x00,0x00,0x00,0x00,0x00,0x00,0x00,0x00,0x00,0x00,0x00,0x00,0x00,0x00,
    0x00,0x00,0x00,0x00,0x00,0x00,0x00,0x00,0x00,0x00,0x00,0x00,0x00,0x00,0xFF,0xFF,0xFF,0xFF,0xFF,0xFF,0xFF,0xFF,0xFF,0xFF,0xFF,0xFF,0xFF,0xFF,0xFF,0xFF,0xFF,0xFF,0xFF,0xFF,0xFF,0x00,0x00,0x00,0x00,0x00,0x00,0x00,0x00,0x00,0x00,0x00,0x00,0x00,
    0x00,0x00,0x00,0x00,0x00,0x00,0x00,0x00,0x00,0x00,0x00,0x00,0x00,0xFF,0xFF,0xFF,0xFF,0xFF,0xFF,0xFF,0xFF,0xFF,0xFF,0xFF,0xFF,0xFF,0xFF,0xFF,0xFF,0xFF,0xFF,0xFF,0xFF,0xFF,0xFF,0xFF,0x00,0x00,0x00,0x00,0x00,0x00,0x00,0x00,0x00,0x00,0x00,0x00,
    0x00,0x00,0x00,0x00,0x00,0x00,0x00,0x00,0x00,0x00,0x00,0x00,0xFF,0xFF,0xFF,0xFF,0xFF,0xFF,0xFF,0xFF,0xFF,0xFF,0xFF,0xFF,0xFF,0xFF,0xFF,0xFF,0xFF,0xFF,0xFF,0xFF,0xFF,0xFF,0xFF,0xFF,0xFF,0x00,0x00,0x00,0x00,0x00,0x00,0x00,0x00,0x00,0x00,0x00,
    0x00,0x00,0x00,0x00,0x00,0x00,0x00,0x00,0x00,0x00,0x00,0x00,0xFF,0xFF,0xFF,0x00,0x00,0x00,0x00,0x00,0x00,0x00,0x00,0x00,0x00,0x00,0x00,0x00,0x00,0x00,0x00,0x00,0x00,0x00,0xFF,0xFF,0xFF,0x00,0x00,0x00,0x00,0x00,0x00,0x00,0x00,0x00,0x00,0x00,
    0x00,0x00,0x00,0x00,0x00,0x00,0x00,0x00,0x00,0x00,0x00,0x00,0xFF,0xFF,0xFF,0x00,0x00,0x00,0x00,0x00,0x00,0x00,0x00,0x00,0x00,0x00,0x00,0x00,0x00,0x00,0x00,0x00,0x00,0x00,0xFF,0xFF,0xFF,0x00,0x00,0x00,0x00,0x00,0x00,0x00,0x00,0x00,0x00,0x00,
    0x00,0x00,0x00,0x00,0x00,0x00,0x00,0x00,0x00,0x00,0x00,0x00,0xFF,0xFF,0xFF,0x00,0x00,0x00,0x00,0x00,0x00,0x00,0x00,0x00,0x00,0x00,0x00,0x00,0x00,0x00,0x00,0x00,0x00,0x00,0xFF,0xFF,0xFF,0x00,0x00,0x00,0x00,0x00,0x00,0x00,0x00,0x00,0x00,0x00,
    0x00,0x00,0x00,0x00,0x00,0x00,0x00,0x00,0x00,0x00,0x00,0x00,0xFF,0xFF,0xFF,0x00,0x00,0x00,0x00,0x00,0x00,0x00,0x00,0x00,0x00,0x00,0x00,0x00,0x00,0x00,0x00,0x00,0x00,0x00,0xFF,0xFF,0xFF,0x00,0x00,0x00,0x00,0x00,0x00,0x00,0x00,0x00,0x00,0x00,
    0x00,0x00,0x00,0x00,0x00,0x00,0x00,0x00,0x00,0x00,0x00,0x00,0xFF,0xFF,0xFF,0x00,0x00,0x00,0x00,0x00,0x00,0x00,0x00,0x00,0x00,0x00,0x00,0x00,0x00,0x00,0x00,0x00,0x00,0x00,0xFF,0xFF,0xFF,0x00,0x00,0x00,0x00,0x00,0x00,0x00,0x00,0x00,0x00,0x00,
    0x00,0x00,0x00,0x00,0x00,0x00,0x00,0x00,0x00,0x00,0x00,0x00,0xFF,0xFF,0xFF,0x00,0x00,0x00,0x00,0x00,0x00,0x00,0x00,0x00,0x00,0x00,0x00,0x00,0x00,0x00,0x00,0x00,0x00,0x00,0xFF,0xFF,0xFF,0x00,0x00,0x00,0x00,0x00,0x00,0x00,0x00,0x00,0x00,0x00,
    0x00,0x00,0x00,0x00,0x00,0x00,0x00,0x00,0x00,0x00,0x00,0x00,0xFF,0xFF,0xFF,0x00,0x00,0x00,0x00,0x00,0x00,0x00,0x00,0x00,0x00,0x00,0x00,0x00,0x00,0x00,0x00,0x00,0x00,0x00,0xFF,0xFF,0xFF,0x00,0x00,0x00,0x00,0x00,0x00,0x00,0x00,0x00,0x00,0x00,
    0x00,0x00,0x00,0x00,0x00,0x00,0x00,0x00,0x00,0x00,0x00,0x00,0xFF,0xFF,0xFF,0x00,0x00,0x00,0x00,0x00,0x00,0x00,0x00,0x00,0x00,0x00,0x00,0x00,0x00,0x00,0x00,0x00,0x00,0x00,0xFF,0xFF,0xFF,0x00,0x00,0x00,0x00,0x00,0x00,0x00,0x00,0x00,0x00,0x00,
    0x00,0x00,0x00,0x00,0x00,0x00,0x00,0x00,0x00,0x00,0x00,0x00,0xFF,0xFF,0xFF,0x00,0x00,0x00,0x00,0x00,0x00,0x00,0x00,0x00,0x00,0x00,0x00,0x00,0x00,0x00,0x00,0x00,0x00,0x00,0xFF,0xFF,0xFF,0x00,0x00,0x00,0x00,0x00,0x00,0x00,0x00,0x00,0x00,0x00,
    0x00,0x00,0x00,0x00,0x00,0x00,0x00,0x00,0x00,0x00,0x00,0x00,0xFF,0xFF,0xFF,0x00,0x00,0x00,0x00,0x00,0x00,0x00,0x00,0x00,0x00,0x00,0x00,0x00,0x00,0x00,0x00,0x00,0x00,0x00,0xFF,0xFF,0xFF,0x00,0x00,0x00,0x00,0x00,0x00,0x00,0x00,0x00,0x00,0x00,
    0x00,0x00,0x00,0x00,0x00,0x00,0x00,0x00,0x00,0x00,0x00,0x00,0xFF,0xFF,0xFF,0x00,0x00,0x00,0x00,0x00,0x00,0x00,0x00,0x00,0x00,0x00,0x00,0x00,0x00,0x00,0x00,0x00,0x00,0x00,0xFF,0xFF,0xFF,0x00,0x00,0x00,0x00,0x00,0x00,0x00,0x00,0x00,0x00,0x00,
    0x00,0x00,0x00,0x00,0x00,0x00,0x00,0x00,0x00,0x00,0x00,0x00,0xFF,0xFF,0xFF,0x00,0x00,0x00,0x00,0x00,0x00,0x00,0x00,0x00,0x00,0x00,0x00,0x00,0x00,0x00,0x00,0x00,0x00,0x00,0xFF,0xFF,0xFF,0x00,0x00,0x00,0x00,0x00,0x00,0x00,0x00,0x00,0x00,0x00,
    0x00,0x00,0x00,0x00,0x00,0x00,0x00,0x00,0x00,0x00,0x00,0x00,0xFF,0xFF,0xFF,0x00,0x00,0x00,0x00,0x00,0x00,0x00,0x00,0x00,0x00,0x00,0x00,0x00,0x00,0x00,0x00,0x00,0x00,0x00,0xFF,0xFF,0xFF,0x00,0x00,0x00,0x00,0x00,0x00,0x00,0x00,0x00,0x00,0x00,
    0x00,0x00,0x00,0x00,0x00,0x00,0x00,0x00,0x00,0x00,0x00,0x00,0xFF,0xFF,0xFF,0x00,0x00,0x00,0x00,0x00,0x00,0x00,0x00,0x00,0x00,0x00,0x00,0x00,0x00,0x00,0x00,0x00,0x00,0x00,0xFF,0xFF,0xFF,0x00,0x00,0x00,0x00,0x00,0x00,0x00,0x00,0x00,0x00,0x00,
    0x00,0x00,0x00,0x00,0x00,0x00,0x00,0x00,0x00,0x00,0x00,0x00,0xFF,0xFF,0xFF,0xFF,0xFF,0xFF,0xFF,0xFF,0xFF,0xFF,0xFF,0xFF,0xFF,0xFF,0xFF,0xFF,0xFF,0xFF,0xFF,0xFF,0xFF,0xFF,0xFF,0xFF,0xFF,0x00,0x00,0x00,0x00,0x00,0x00,0x00,0x00,0x00,0x00,0x00,
    0x00,0x00,0x00,0x00,0x00,0x00,0x00,0x00,0x00,0x00,0x00,0x00,0x00,0xFF,0xFF,0xFF,0xFF,0xFF,0xFF,0xFF,0xFF,0xFF,0xFF,0xFF,0xFF,0xFF,0xFF,0xFF,0xFF,0xFF,0xFF,0xFF,0xFF,0xFF,0xFF,0xFF,0x00,0x00,0x00,0x00,0x00,0x00,0x00,0x00,0x00,0x00,0x00,0x00,
    0x00,0x00,0x00,0x00,0x00,0x00,0x00,0x00,0x00,0x00,0x00,0x00,0x00,0x00,0xFF,0xFF,0xFF,0xFF,0xFF,0xFF,0xFF,0xFF,0xFF,0xFF,0xFF,0xFF,0xFF,0xFF,0xFF,0xFF,0xFF,0xFF,0xFF,0xFF,0xFF,0x00,0x00,0x00,0x00,0x00,0x00,0x00,0x00,0x00,0x00,0x00,0x00,0x00,
    0x00,0x00,0x00,0x00,0x00,0x00,0x00,0x00,0x00,0x00,0x00,0x00,0x00,0x00,0x00,0x00,0x00,0x00,0x00,0x00,0x00,0x00,0x00,0x00,0x00,0x00,0x00,0x00,0x00,0x00,0x00,0x00,0x00,0x00,0x00,0x00,0x00,0x00,0x00,0x00,0x00,0x00,0x00,0x00,0x00,0x00,0x00,0x00,
    0x00,0x00,0x00,0x00,0x00,0x00,0x00,0x00,0x00,0x00,0x00,0x00,0x00,0x00,0x00,0x00,0x00,0x00,0x00,0x00,0x00,0x00,0x00,0x00,0x00,0x00,0x00,0x00,0x00,0x00,0x00,0x00,0x00,0x00,0x00,0x00,0x00,0x00,0x00,0x00,0x00,0x00,0x00,0x00,0x00,0x00,0x00,0x00,
    0x00,0x00,0x00,0x00,0x00,0x00,0x00,0x00,0x00,0x00,0x00,0x00,0x00,0x00,0x00,0x00,0x00,0x00,0x00,0x00,0x00,0x00,0x00,0x00,0x00,0x00,0x00,0x00,0x00,0x00,0x00,0x00,0x00,0x00,0x00,0x00,0x00,0x00,0x00,0x00,0x00,0x00,0x00,0x00,0x00,0x00,0x00,0x00,
    0x00,0x00,0x00,0x00,0x00,0x00,0x00,0x00,0x00,0x00,0x00,0x00,0x00,0x00,0x00,0x00,0x00,0x00,0x00,0x00,0x00,0x00,0x00,0x00,0x00,0x00,0x00,0x00,0x00,0x00,0x00,0x00,0x00,0x00,0x00,0x00,0x00,0x00,0x00,0x00,0x00,0x00,0x00,0x00,0x00,0x00,0x00,0x00,
    0x00,0x00,0x00,0x00,0x00,0x00,0x00,0x00,0x00,0x00,0x00,0x00,0x00,0x00,0x00,0x00,0x00,0x00,0x00,0x00,0x00,0x00,0x00,0x00,0x00,0x00,0x00,0x00,0x00,0x00,0x00,0x00,0x00,0x00,0x00,0x00,0x00,0x00,0x00,0x00,0x00,0x00,0x00,0x00,0x00,0x00,0x00,0x00,
    0x00,0x00,0x00,0x00,0x00,0x00,0x00,0x00,0x00,0x00,0x00,0x00,0x00,0x00,0x00,0x00,0x00,0x00,0x00,0x00,0x00,0x00,0x00,0x00,0x00,0x00,0x00,0x00,0x00,0x00,0x00,0x00,0x00,0x00,0x00,0x00,0x00,0x00,0x00,0x00,0x00,0x00,0x00,0x00,0x00,0x00,0x00,0x00,
    0x00,0x00,0x00,0x00,0x00,0x00,0x00,0x00,0x00,0x00,0x00,0x00,0x00,0x00,0x00,0x00,0x00,0x00,0x00,0x00,0x00,0x00,0x00,0x00,0x00,0x00,0x00,0x00,0x00,0x00,0x00,0x00,0x00,0x00,0x00,0x00,0x00,0x00,0x00,0x00,0x00,0x00,0x00,0x00,0x00,0x00,0x00,0x00,
    0x00,0x00,0x00,0x00,0x00,0x00,0x00,0x00,0x00,0x00,0x00,0x00,0x00,0x00,0x00,0x00,0x00,0x00,0x00,0x00,0x00,0x00,0x00,0x00,0x00,0x00,0x00,0x00,0x00,0x00,0x00,0x00,0x00,0x00,0x00,0x00,0x00,0x00,0x00,0x00,0x00,0x00,0x00,0x00,0x00,0x00,0x00,0x00
};

const lv_image_dsc_t key_icon_lock = {
    .header = {
        .magic = LV_IMAGE_HEADER_MAGIC,
        .cf = LV_COLOR_FORMAT_L8,
        .flags = 0,
        .w = 48,
        .h = 48,
        .stride = 48,
        .reserved_2 = 0,
    },
    .data_size = sizeof(key_icon_lock_map),
    .data = key_icon_lock_map,
    .reserved = NULL,
};

static const uint8_t key_icon_unlock_map[48 * 48] = {
    0x00,0x00,0x00,0x00,0x00,0x00,0x00,0x00,0x00,0x00,0x00,0x00,0x00,0x00,0x00,0x00,0x00,0x00,0x00,0x00,0x00,0x00,0x00,0x00,0x00,0x00,0x00,0x00,0x00,0x00,0x00,0x00,0x00,0x00,0x00,0x00,0x00,0x00,0x00,0x00,0x00,0x00,0x00,0x00,0x00,0x00,0x00,0x00,
    0x00,0x00,0x00,0x00,0x00,0x00,0x00,0x00,0x00,0x00,0x00,0x00,0x00,0x00,0x00,0x00,0x00,0x00,0x00,0x00,0x00,0x00,0x00,0x00,0x00,0x00,0x00,0x00,0x00,0x00,0x00,0x00,0x00,0x00,0x00,0x00,0x00,0x00,0x00,0x00,0x00,0x00,0x00,0x00,0x00,0x00,0x00,0x00,
    0x00,0x00,0x00,0x00,0x00,0x00,0x00,0x00,0x00,0x00,0x00,0x00,0x00,0x00,0x00,0x00,0x00,0x00,0x00,0x00,0x00,0x00,0x00,0x00,0x00,0x00,0x00,0x00,0x00,0x00,0x00,0x00,0x00,0x00,0x00,0x00,0x00,0x00,0x00,0x00,0x00,0x00,0x00,0x00,0x00,0x00,0x00,0x00,
    0x00,0x00,0x00,0x00,0x00,0x00,0x00,0x00,0x00,0x00,0x00,0x00,0x00,0x00,0x00,0x00,0x00,0x00,0x00,0x00,0x00,0x00,0x00,0x00,0x00,0x00,0x00,0x00,0x00,0x00,0x00,0x00,0x00,0x00,0x00,0x00,0x00,0x00,0x00,0x00,0x00,0x00,0x00,0x00,0x00,0x00,0x00,0x00,
    0x00,0x00,0x00,0x00,0x00,0x00,0x00,0x00,0x00,0x00,0x00,0x00,0x00,0x00,0x00,0x00,0x00,0x00,0x00,0x00,0x00,0x00,0x00,0x00,0x00,0x00,0x00,0x00,0x00,0x00,0x00,0x00,0x00,0x00,0x00,0x00,0x00,0x00,0x00,0x00,0x00,0x00,0x00,0x00,0x00,0x00,0x00,0x00,
    0x00,0x00,0x00,0x00,0x00,0x00,0x00,0x00,0x00,0x00,0x00,0x00,0x00,0x00,0x00,0x00,0x00,0x00,0x00,0x00,0x00,0x00,0x00,0x00,0x00,0x00,0x00,0x00,0x00,0x00,0x00,0x00,0x00,0x00,0x00,0x00,0x00,0x00,0x00,0x00,0x00,0x00,0x00,0x00,0x00,0x00,0x00,0x00,
    0x00,0x00,0x00,0x00,0x00,0x00,0x00,0x00,0x00,0x00,0x00,0x00,0x00,0x00,0x00,0x00,0x00,0x00,0x00,0x00,0x00,0x00,0x00,0x00,0x00,0x00,0x00,0x00,0x00,0x00,0x00,0x00,0x00,0x00,0x00,0x00,0x00,0x00,0x00,0x00,0x00,0x00,0x00,0x00,0x00,0x00,0x00,0x00,
    0x00,0x00,0x00,0x00,0x00,0x00,0x00,0x00,0x00,0x00,0x00,0x00,0x00,0x00,0x00,0x00,0x00,0x00,0x00,0x00,0x00,0x00,0xFF,0xFF,0xFF,0xFF,0x00,0x00,0x00,0x00,0x00,0x00,0x00,0x00,0x00,0x00,0x00,0x00,0x00,0x00,0x00,0x00,0x00,0x00,0x00,0x00,0x00,0x00,
    0x00,0x00,0x00,0x00,0x00,0x00,0x00,0x00,0x00,0x00,0x00,0x00,0x00,0x00,0x00,0x00,0x00,0x00,0x00,0x00,0xFF,0xFF,0xFF,0xFF,0xFF,0xFF,0xFF,0xFF,0x00,0x00,0x00,0x00,0x00,0x00,0x00,0x00,0x00,0x00,0x00,0x00,0x00,0x00,0x00,0x00,0x00,0x00,0x00,0x00,
    0x00,0x00,0x00,0x00,0x00,0x00,0x00,0x00,0x00,0x00,0x00,0x00,0x00,0x00,0x00,0x00,0x00,0x00,0x00,0xFF,0xFF,0xFF,0xFF,0xFF,0xFF,0xFF,0xFF,0xFF,0xFF,0x00,0x00,0x00,0x00,0x00,0x00,0x00,0x00,0x00,0x00,0x00,0x00,0x00,0x00,0x00,0x00,0x00,0x00,0x00,
    0x00,0x00,0x00,0x00,0x00,0x00,0x00,0x00,0x00,0x00,0x00,0x00,0x00,0x00,0x00,0x00,0x00,0x00,0xFF,0xFF,0xFF,0xFF,0x00,0x00,0x00,0x00,0xFF,0xFF,0xFF,0xFF,0x00,0x00,0x00,0x00,0x00,0x00,0x00,0x00,0x00,0x00,0x00,0x00,0x00,0x00,0x00,0x00,0x00,0x00,
    0x00,0x00,0x00,0x00,0x00,0x00,0x00,0x00,0x00,0x00,0x00,0x00,0x00,0x00,0x00,0x00,0x00,0x00,0xFF,0xFF,0xFF,0x00,0x00,0x00,0x00,0x00,0x00,0xFF,0xFF,0xFF,0x00,0x00,0x00,0x00,0x00,0x00,0x00,0x00,0x00,0x00,0x00,0x00,0x00,0x00,0x00,0x00,0x00,0x00,
    0x00,0x00,0x00,0x00,0x00,0x00,0x00,0x00,0x00,0x00,0x00,0x00,0x00,0x00,0x00,0x00,0x00,0xFF,0xFF,0xFF,0x00,0x00,0x00,0x00,0x00,0x00,0x00,0x00,0xFF,0xFF,0xFF,0x00,0x00,0x00,0x00,0x00,0x00,0x00,0x00,0x00,0x00,0x00,0x00,0x00,0x00,0x00,0x00,0x00,
    0x00,0x00,0x00,0x00,0x00,0x00,0x00,0x00,0x00,0x00,0x00,0x00,0x00,0x00,0x00,0x00,0x00,0xFF,0xFF,0xFF,0x00,0x00,0x00,0x00,0x00,0x00,0x00,0x00,0x00,0x00,0x00,0x00,0x00,0x00,0x00,0x00,0x00,0x00,0x00,0x00,0x00,0x00,0x00,0x00,0x00,0x00,0x00,0x00,
    0x00,0x00,0x00,0x00,0x00,0x00,0x00,0x00,0x00,0x00,0x00,0x00,0x00,0x00,0x00,0x00,0xFF,0xFF,0xFF,0x00,0x00,0x00,0x00,0x00,0x00,0x00,0x00,0x00,0x00,0x00,0x00,0x00,0x00,0x00,0x00,0x00,0x00,0x00,0x00,0x00,0x00,0x00,0x00,0x00,0x00,0x00,0x00,0x00,
    0x00,0x00,0x00,0x00,0x00,0x00,0x00,0x00,0x00,0x00,0x00,0x00,0x00,0x00,0x00,0x00,0xFF,0xFF,0xFF,0x00,0x00,0x00,0x00,0x00,0x00,0x00,0x00,0x00,0x00,0x00,0x00,0x00,0x00,0x00,0x00,0x00,0x00,0x00,0x00,0x00,0x00,0x00,0x00,0x00,0x00,0x00,0x00,0x00,
    0x00,0x00,0x00,0x00,0x00,0x00,0x00,0x00,0x00,0x00,0x00,0x00,0x00,0x00,0x00,0x00,0x00,0x00,0x00,0x00,0x00,0x00,0x00,0x00,0x00,0x00,0x00,0x00,0x00,0x00,0x00,0x00,0x00,0x00,0x00,0x00,0x00,0x00,0x00,0x00,0x00,0x00,0x00,0x00,0x00,0x00,0x00,0x00,
    0x00,0x00,0x00,0x00,0x00,0x00,0x00,0x00,0x00,0x00,0x00,0x00,0x00,0x00,0x00,0x00,0x00,0x00,0x00,0x00,0x00,0x00,0x00,0x00,0x00,0x00,0x00,0x00,0x00,0x00,0x00,0x00,0x00,0x00,0x00,0x00,0x00,0x00,0x00,0x00,0x00,0x00,0x00,0x00,0x00,0x00,0x00,0x00,
    0x00,0x00,0x00,0x00,0x00,0x00,0x00,0x00,0x00,0x00,0x00,0x00,0x00,0x00,0x00,0x00,0x00,0x00,0x00,0x00,0x00,0x00,0x00,0x00,0x00,0x00,0x00,0x00,0x00,0x00,0x00,0x00,0x00,0x00,0x00,0x00,0x00,0x00,0x00,0x00,0x00,0x00,0x00,0x00,0x00,0x00,0x00,0x00,
    0x00,0x00,0x00,0x00,0x00,0x00,0x00,0x00,0x00,0x00,0x00,0x00,0x00,0x00,0x00,0x00,0x00,0x00,0x00,0x00,0x00,0x00,0x00,0x00,0x00,0x00,0x00,0x00,0x00,0x00,0x00,0x00,0x00,0x00,0x00,0x00,0x00,0x00,0x00,0x00,0x00,0x00,0x00,0x00,0x00,0x00,0x00,0x00,
    0x00,0x00,0x00,0x00,0x00,0x00,0x00,0x00,0x00,0x00,0x00,0x00,0x00,0x00,0xFF,0xFF,0xFF,0xFF,0xFF,0xFF,0xFF,0xFF,0xFF,0xFF,0xFF,0xFF,0xFF,0xFF,0xFF,0xFF,0xFF,0xFF,0xFF,0xFF,0xFF,0x00,0x00,0x00,0x00,0x00,0x00,0x00,0x00,0x00,0x00,0x00,0x00,0x00,
    0x00,0x00,0x00,0x00,0x00,0x00,0x00,0x00,0x00,0x00,0x00,0x00,0x00,0xFF,0xFF,0xFF,0xFF,0xFF,0xFF,0xFF,0xFF,0xFF,0xFF,0xFF,0xFF,0xFF,0xFF,0xFF,0xFF,0xFF,0xFF,0xFF,0xFF,0xFF,0xFF,0xFF,0x00,0x00,0x00,0x00,0x00,0x00,0x00,0x00,0x00,0x00,0x00,0x00,
    0x00,0x00,0x00,0x00,0x00,0x00,0x00,0x00,0x00,0x00,0x00,0x00,0xFF,0xFF,0xFF,0xFF,0xFF,0xFF,0xFF,0xFF,0xFF,0xFF,0xFF,0xFF,0xFF,0xFF,0xFF,0xFF,0xFF,0xFF,0xFF,0xFF,0xFF,0xFF,0xFF,0xFF,0xFF,0x00,0x00,0x00,0x00,0x00,0x00,0x00,0x00,0x00,0x00,0x00,
    0x00,0x00,0x00,0x00,0x00,0x00,0x00,0x00,0x00,0x00,0x00,0x00,0xFF,0xFF,0xFF,0x00,0x00,0x00,0x00,0x00,0x00,0x00,0x00,0x00,0x00,0x00,0x00,0x00,0x00,0x00,0x00,0x00,0x00,0x00,0xFF,0xFF,0xFF,0x00,0x00,0x00,0x00,0x00,0x00,0x00,0x00,0x00,0x00,0x00,
    0x00,0x00,0x00,0x00,0x00,0x00,0x00,0x00,0x00,0x00,0x00,0x00,0xFF,0xFF,0xFF,0x00,0x00,0x00,0x00,0x00,0x00,0x00,0x00,0x00,0x00,0x00,0x00,0x00,0x00,0x00,0x00,0x00,0x00,0x00,0xFF,0xFF,0xFF,0x00,0x00,0x00,0x00,0x00,0x00,0x00,0x00,0x00,0x00,0x00,
    0x00,0x00,0x00,0x00,0x00,0x00,0x00,0x00,0x00,0x00,0x00,0x00,0xFF,0xFF,0xFF,0x00,0x00,0x00,0x00,0x00,0x00,0x00,0x00,0x00,0x00,0x00,0x00,0x00,0x00,0x00,0x00,0x00,0x00,0x00,0xFF,0xFF,0xFF,0x00,0x00,0x00,0x00,0x00,0x00,0x00,0x00,0x00,0x00,0x00,
    0x00,0x00,0x00,0x00,0x00,0x00,0x00,0x00,0x00,0x00,0x00,0x00,0xFF,0xFF,0xFF,0x00,0x00,0x00,0x00,0x00,0x00,0x00,0x00,0x00,0x00,0x00,0x00,0x00,0x00,0x00,0x00,0x00,0x00,0x00,0xFF,0xFF,0xFF,0x00,0x00,0x00,0x00,0x00,0x00,0x00,0x00,0x00,0x00,0x00,
    0x00,0x00,0x00,0x00,0x00,0x00,0x00,0x00,0x00,0x00,0x00,0x00,0xFF,0xFF,0xFF,0x00,0x00,0x00,0x00,0x00,0x00,0x00,0x00,0x00,0x00,0x00,0x00,0x00,0x00,0x00,0x00,0x00,0x00,0x00,0xFF,0xFF,0xFF,0x00,0x00,0x00,0x00,0x00,0x00,0x00,0x00,0x00,0x00,0x00,
    0x00,0x00,0x00,0x00,0x00,0x00,0x00,0x00,0x00,0x00,0x00,0x00,0xFF,0xFF,0xFF,0x00,0x00,0x00,0x00,0x00,0x00,0x00,0x00,0x00,0x00,0x00,0x00,0x00,0x00,0x00,0x00,0x00,0x00,0x00,0xFF,0xFF,0xFF,0x00,0x00,0x00,0x00,0x00,0x00,0x00,0x00,0x00,0x00,0x00,
    0x00,0x00,0x00,0x00,0x00,0x00,0x00,0x00,0x00,0x00,0x00,0x00,0xFF,0xFF,0xFF,0x00,0x00,0x00,0x00,0x00,0x00,0x00,0x00,0x00,0x00,0x00,0x00,0x00,0x00,0x00,0x00,0x00,0x00,0x00,0xFF,0xFF,0xFF,0x00,0x00,0x00,0x00,0x00,0x00,0x00,0x00,0x00,0x00,0x00,
    0x00,0x00,0x00,0x00,0x00,0x00,0x00,0x00,0x00,0x00,0x00,0x00,0xFF,0xFF,0xFF,0x00,0x00,0x00,0x00,0x00,0x00,0x00,0x00,0x00,0x00,0x00,0x00,0x00,0x00,0x00,0x00,0x00,0x00,0x00,0xFF,0xFF,0xFF,0x00,0x00,0x00,0x00,0x00,0x00,0x00,0x00,0x00,0x00,0x00,
    0x00,0x00,0x00,0x00,0x00,0x00,0x00,0x00,0x00,0x00,0x00,0x00,0xFF,0xFF,0xFF,0x00,0x00,0x00,0x00,0x00,0x00,0x00,0x00,0x00,0x00,0x00,0x00,0x00,0x00,0x00,0x00,0x00,0x00,0x00,0xFF,0xFF,0xFF,0x00,0x00,0x00,0x00,0x00,0x00,0x00,0x00,0x00,0x00,0x00,
    0x00,0x00,0x00,0x00,0x00,0x00,0x00,0x00,0x00,0x00,0x00,0x00,0xFF,0xFF,0xFF,0x00,0x00,0x00,0x00,0x00,0x00,0x00,0x00,0x00,0x00,0x00,0x00,0x00,0x00,0x00,0x00,0x00,0x00,0x00,0xFF,0xFF,0xFF,0x00,0x00,0x00,0x00,0x00,0x00,0x00,0x00,0x00,0x00,0x00,
    0x00,0x00,0x00,0x00,0x00,0x00,0x00,0x00,0x00,0x00,0x00,0x00,0xFF,0xFF,0xFF,0x00,0x00,0x00,0x00,0x00,0x00,0x00,0x00,0x00,0x00,0x00,0x00,0x00,0x00,0x00,0x00,0x00,0x00,0x00,0xFF,0xFF,0xFF,0x00,0x00,0x00,0x00,0x00,0x00,0x00,0x00,0x00,0x00,0x00,
    0x00,0x00,0x00,0x00,0x00,0x00,0x00,0x00,0x00,0x00,0x00,0x00,0xFF,0xFF,0xFF,0x00,0x00,0x00,0x00,0x00,0x00,0x00,0x00,0x00,0x00,0x00,0x00,0x00,0x00,0x00,0x00,0x00,0x00,0x00,0xFF,0xFF,0xFF,0x00,0x00,0x00,0x00,0x00,0x00,0x00,0x00,0x00,0x00,0x00,
    0x00,0x00,0x00,0x00,0x00,0x00,0x00,0x00,0x00,0x00,0x00,0x00,0xFF,0xFF,0xFF,0x00,0x00,0x00,0x00,0x00,0x00,0x00,0x00,0x00,0x00,0x00,0x00,0x00,0x00,0x00,0x00,0x00,0x00,0x00,0xFF,0xFF,0xFF,0x00,0x00,0x00,0x00,0x00,0x00,0x00,0x00,0x00,0x00,0x00,
    0x00,0x00,0x00,0x00,0x00,0x00,0x00,0x00,0x00,0x00,0x00,0x00,0xFF,0xFF,0xFF,0x00,0x00,0x00,0x00,0x00,0x00,0x00,0x00,0x00,0x00,0x00,0x00,0x00,0x00,0x00,0x00,0x00,0x00,0x00,0xFF,0xFF,0xFF,0x00,0x00,0x00,0x00,0x00,0x00,0x00,0x00,0x00,0x00,0x00,
    0x00,0x00,0x00,0x00,0x00,0x00,0x00,0x00,0x00,0x00,0x00,0x00,0xFF,0xFF,0xFF,0xFF,0xFF,0xFF,0xFF,0xFF,0xFF,0xFF,0xFF,0xFF,0xFF,0xFF,0xFF,0xFF,0xFF,0xFF,0xFF,0xFF,0xFF,0xFF,0xFF,0xFF,0xFF,0x00,0x00,0x00,0x00,0x00,0x00,0x00,0x00,0x00,0x00,0x00,
    0x00,0x00,0x00,0x00,0x00,0x00,0x00,0x00,0x00,0x00,0x00,0x00,0x00,0xFF,0xFF,0xFF,0xFF,0xFF,0xFF,0xFF,0xFF,0xFF,0xFF,0xFF,0xFF,0xFF,0xFF,0xFF,0xFF,0xFF,0xFF,0xFF,0xFF,0xFF,0xFF,0xFF,0x00,0x00,0x00,0x00,0x00,0x00,0x00,0x00,0x00,0x00,0x00,0x00,
    0x00,0x00,0x00,0x00,0x00,0x00,0x00,0x00,0x00,0x00,0x00,0x00,0x00,0x00,0xFF,0xFF,0xFF,0xFF,0xFF,0xFF,0xFF,0xFF,0xFF,0xFF,0xFF,0xFF,0xFF,0xFF,0xFF,0xFF,0xFF,0xFF,0xFF,0xFF,0xFF,0x00,0x00,0x00,0x00,0x00,0x00,0x00,0x00,0x00,0x00,0x00,0x00,0x00,
    0x00,0x00,0x00,0x00,0x00,0x00,0x00,0x00,0x00,0x00,0x00,0x00,0x00,0x00,0x00,0x00,0x00,0x00,0x00,0x00,0x00,0x00,0x00,0x00,0x00,0x00,0x00,0x00,0x00,0x00,0x00,0x00,0x00,0x00,0x00,0x00,0x00,0x00,0x00,0x00,0x00,0x00,0x00,0x00,0x00,0x00,0x00,0x00,
    0x00,0x00,0x00,0x00,0x00,0x00,0x00,0x00,0x00,0x00,0x00,0x00,0x00,0x00,0x00,0x00,0x00,0x00,0x00,0x00,0x00,0x00,0x00,0x00,0x00,0x00,0x00,0x00,0x00,0x00,0x00,0x00,0x00,0x00,0x00,0x00,0x00,0x00,0x00,0x00,0x00,0x00,0x00,0x00,0x00,0x00,0x00,0x00,
    0x00,0x00,0x00,0x00,0x00,0x00,0x00,0x00,0x00,0x00,0x00,0x00,0x00,0x00,0x00,0x00,0x00,0x00,0x00,0x00,0x00,0x00,0x00,0x00,0x00,0x00,0x00,0x00,0x00,0x00,0x00,0x00,0x00,0x00,0x00,0x00,0x00,0x00,0x00,0x00,0x00,0x00,0x00,0x00,0x00,0x00,0x00,0x00,
    0x00,0x00,0x00,0x00,0x00,0x00,0x00,0x00,0x00,0x00,0x00,0x00,0x00,0x00,0x00,0x00,0x00,0x00,0x00,0x00,0x00,0x00,0x00,0x00,0x00,0x00,0x00,0x00,0x00,0x00,0x00,0x00,0x00,0x00,0x00,0x00,0x00,0x00,0x00,0x00,0x00,0x00,0x00,0x00,0x00,0x00,0x00,0x00,
    0x00,0x00,0x00,0x00,0x00,0x00,0x00,0x00,0x00,0x00,0x00,0x00,0x00,0x00,0x00,0x00,0x00,0x00,0x00,0x00,0x00,0x00,0x00,0x00,0x00,0x00,0x00,0x00,0x00,0x00,0x00,0x00,0x00,0x00,0x00,0x00,0x00,0x00,0x00,0x00,0x00,0x00,0x00,0x00,0x00,0x00,0x00,0x00,
    0x00,0x00,0x00,0x00,0x00,0x00,0x00,0x00,0x00,0x00,0x00,0x00,0x00,0x00,0x00,0x00,0x00,0x00,0x00,0x00,0x00,0x00,0x00,0x00,0x00,0x00,0x00,0x00,0x00,0x00,0x00,0x00,0x00,0x00,0x00,0x00,0x00,0x00,0x00,0x00,0x00,0x00,0x00,0x00,0x00,0x00,0x00,0x00,
    0x00,0x00,0x00,0x00,0x00,0x00,0x00,0x00,0x00,0x00,0x00,0x00,0x00,0x00,0x00,0x00,0x00,0x00,0x00,0x00,0x00,0x00,0x00,0x00,0x00,0x00,0x00,0x00,0x00,0x00,0x00,0x00,0x00,0x00,0x00,0x00,0x00,0x00,0x00,0x00,0x00,0x00,0x00,0x00,0x00,0x00,0x00,0x00,
    0x00,0x00,0x00,0x00,0x00,0x00,0x00,0x00,0x00,0x00,0x00,0x00,0x00,0x00,0x00,0x00,0x00,0x00,0x00,0x00,0x00,0x00,0x00,0x00,0x00,0x00,0x00,0x00,0x00,0x00,0x00,0x00,0x00,0x00,0x00,0x00,0x00,0x00,0x00,0x00,0x00,0x00,0x00,0x00,0x00,0x00,0x00,0x00
};

const lv_image_dsc_t key_icon_unlock = {
    .header = {
        .magic = LV_IMAGE_HEADER_MAGIC,
        .cf = LV_COLOR_FORMAT_L8,
        .flags = 0,
        .w = 48,
        .h = 48,
        .stride = 48,
        .reserved_2 = 0,
    },
    .data_size = sizeof(key_icon_unlock_map),
    .data = key_icon_unlock_map,
    .reserved = NULL,
};

static const uint8_t key_icon_frunk_map[48 * 48] = {
    0x00,0x00,0x00,0x00,0x00,0x00,0x00,0x00,0x00,0x00,0x00,0x00,0x00,0x00,0x00,0x00,0x00,0x00,0x00,0x00,0x00,0x00,0x00,0x00,0x00,0x00,0x00,0x00,0x00,0x00,0x00,0x00,0x00,0x00,0x00,0x00,0x00,0x00,0x00,0x00,0x00,0x00,0x00,0x00,0x00,0x00,0x00,0x00,
    0x00,0x00,0x00,0x00,0x00,0x00,0x00,0x00,0x00,0x00,0x00,0x00,0x00,0x00,0x00,0x00,0x00,0x00,0x00,0x00,0x00,0x00,0x00,0x00,0x00,0x00,0x00,0x00,0x00,0x00,0x00,0x00,0x00,0x00,0x00,0x00,0x00,0x00,0x00,0x00,0x00,0x00,0x00,0x00,0x00,0x00,0x00,0x00,
    0x00,0x00,0x00,0x00,0x00,0x00,0x00,0x00,0x00,0x00,0x00,0x00,0x00,0x00,0x00,0x00,0x00,0x00,0x00,0x00,0x00,0x00,0x00,0x00,0x00,0x00,0x00,0x00,0x00,0x00,0x00,0x00,0x00,0x00,0x00,0x00,0x00,0x00,0x00,0x00,0x00,0x00,0x00,0x00,0x00,0x00,0x00,0x00,
    0x00,0x00,0x00,0x00,0x00,0x00,0x00,0x00,0x00,0x00,0x00,0x00,0x00,0x00,0x00,0x00,0x00,0x00,0x00,0x00,0x00,0x00,0x00,0x00,0x00,0x00,0x00,0x00,0x00,0x00,0x00,0x00,0x00,0x00,0x00,0x00,0x00,0x00,0x00,0x00,0x00,0x00,0x00,0x00,0x00,0x00,0x00,0x00,
    0x00,0x00,0x00,0x00,0x00,0x00,0x00,0x00,0x00,0x00,0x00,0x00,0x00,0x00,0x00,0x00,0x00,0x00,0x00,0x00,0x00,0x00,0x00,0x00,0x00,0x00,0x00,0x00,0x00,0x00,0x00,0x00,0x00,0x00,0x00,0x00,0x00,0x00,0x00,0x00,0x00,0x00,0x00,0x00,0x00,0x00,0x00,0x00,
    0x00,0x00,0x00,0x00,0x00,0x00,0x00,0x00,0x00,0x00,0x00,0x00,0x00,0x00,0x00,0x00,0x00,0x00,0x00,0x00,0x00,0x00,0x00,0x00,0x00,0x00,0x00,0x00,0x00,0x00,0x00,0x00,0x00,0x00,0x00,0x00,0x00,0x00,0x00,0x00,0x00,0x00,0x00,0x00,0x00,0x00,0x00,0x00,
    0x00,0x00,0x00,0x00,0x00,0x00,0x00,0x00,0x00,0x00,0x00,0x00,0x00,0x00,0x00,0x00,0x00,0x00,0x00,0x00,0x00,0x00,0x00,0x00,0x00,0x00,0x00,0x00,0x00,0x00,0x00,0x00,0x00,0x00,0x00,0x00,0x00,0x00,0x00,0x00,0x00,0x00,0x00,0x00,0x00,0x00,0x00,0x00,
    0x00,0x00,0x00,0x00,0x00,0x00,0x00,0x00,0x00,0x00,0x00,0x00,0x00,0x00,0x00,0x00,0x00,0x00,0x00,0x00,0x00,0x00,0x00,0x00,0x00,0x00,0x00,0x00,0x00,0x00,0x00,0x00,0x00,0x00,0x00,0x00,0x00,0x00,0x00,0x00,0x00,0x00,0x00,0x00,0x00,0x00,0x00,0x00,
    0x00,0x00,0x00,0x00,0x00,0x00,0x00,0x00,0x00,0x00,0x00,0x00,0x00,0x00,0x00,0x00,0x00,0x00,0x00,0x00,0x00,0x00,0x00,0x00,0x00,0x00,0x00,0x00,0x00,0x00,0x00,0x00,0x00,0x00,0x00,0x00,0x00,0x00,0x00,0x00,0x00,0x00,0x00,0x00,0x00,0x00,0x00,0x00,
    0x00,0x00,0x00,0x00,0x00,0x00,0x00,0x00,0x00,0x00,0x00,0x00,0x00,0x00,0x00,0x00,0x00,0x00,0x00,0x00,0x00,0x00,0x00,0x00,0x00,0x00,0x00,0x00,0x00,0x00,0x00,0x00,0x00,0x00,0x00,0x00,0x00,0x00,0x00,0x00,0x00,0x00,0x00,0x00,0x00,0x00,0x00,0x00,
    0x00,0x00,0x00,0x00,0x00,0x00,0x00,0x00,0x00,0x00,0x00,0x00,0x00,0x00,0x00,0x00,0x00,0x00,0x00,0x00,0x00,0x00,0x00,0x00,0x00,0x00,0x00,0x00,0x00,0x00,0x00,0x00,0x00,0x00,0x00,0x00,0x00,0x00,0x00,0x00,0x00,0x00,0x00,0x00,0x00,0x00,0x00,0x00,
    0x00,0x00,0x00,0x00,0x00,0x00,0x00,0x00,0x00,0x00,0x00,0x00,0x00,0x00,0x00,0x00,0x00,0x00,0x00,0x00,0x00,0x00,0x00,0x00,0x00,0x00,0x00,0x00,0x00,0x00,0x00,0x00,0x00,0x00,0x00,0x00,0x00,0x00,0x00,0x00,0x00,0x00,0x00,0x00,0x00,0x00,0x00,0x00,
    0x00,0x00,0x00,0x00,0x00,0x00,0x00,0x00,0x00,0x00,0x00,0x00,0x00,0x00,0x00,0x00,0x00,0x00,0x00,0x00,0x00,0x00,0x00,0x00,0x00,0x00,0x00,0x00,0x00,0x00,0x00,0x00,0x00,0x00,0x00,0x00,0x00,0x00,0x00,0x00,0x00,0x00,0x00,0x00,0x00,0x00,0x00,0x00,
    0x00,0x00,0x00,0x00,0x00,0x00,0x00,0x00,0x00,0x00,0x00,0x00,0x00,0x00,0x00,0x00,0x00,0x00,0x00,0x00,0x00,0x00,0x00,0x00,0x00,0x00,0x00,0x00,0x00,0x00,0x00,0x00,0x00,0x00,0x00,0x00,0x00,0x00,0x00,0x00,0x00,0x00,0x00,0x00,0x00,0x00,0x00,0x00,
    0x00,0x00,0x00,0x00,0x00,0x00,0x00,0x00,0x00,0x00,0xFF,0xFF,0xFF,0xFF,0xFF,0xFF,0xFF,0xFF,0xFF,0xFF,0xFF,0xFF,0xFF,0xFF,0xFF,0xFF,0xFF,0xFF,0xFF,0xFF,0xFF,0xFF,0xFF,0xFF,0xFF,0xFF,0xFF,0xFF,0xFF,0x00,0x00,0x00,0x00,0x00,0x00,0x00,0x00,0x00,
    0x00,0x00,0x00,0x00,0x00,0x00,0x00,0x00,0x00,0xFF,0xFF,0xFF,0xFF,0xFF,0xFF,0xFF,0xFF,0xFF,0xFF,0xFF,0xFF,0xFF,0xFF,0xFF,0xFF,0xFF,0xFF,0xFF,0xFF,0xFF,0xFF,0xFF,0xFF,0xFF,0xFF,0xFF,0xFF,0xFF,0xFF,0xFF,0x00,0x00,0x00,0x00,0x00,0x00,0x00,0x00,
    0x00,0x00,0x00,0x00,0x00,0x00,0x00,0x00,0xFF,0xFF,0xFF,0xFF,0xFF,0xFF,0xFF,0xFF,0xFF,0xFF,0xFF,0xFF,0xFF,0xFF,0xFF,0xFF,0xFF,0xFF,0xFF,0xFF,0xFF,0xFF,0xFF,0xFF,0xFF,0xFF,0xFF,0xFF,0xFF,0xFF,0xFF,0xFF,0xFF,0x00,0x00,0x00,0x00,0x00,0x00,0x00,
    0x00,0x00,0x00,0x00,0x00,0x00,0x00,0x00,0xFF,0xFF,0xFF,0x00,0xFF,0xFF,0xFF,0x00,0x00,0x00,0x00,0x00,0x00,0x00,0x00,0x00,0x00,0x00,0x00,0x00,0x00,0x00,0x00,0x00,0x00,0x00,0xFF,0xFF,0xFF,0x00,0xFF,0xFF,0xFF,0x00,0x00,0x00,0x00,0x00,0x00,0x00,
    0x00,0x00,0x00,0x00,0x00,0x00,0x00,0x00,0xFF,0xFF,0xFF,0x00,0xFF,0xFF,0xFF,0x00,0x00,0x00,0x00,0x00,0x00,0x00,0x00,0x00,0x00,0x00,0x00,0x00,0x00,0x00,0x00,0x00,0x00,0xFF,0xFF,0xFF,0x00,0x00,0xFF,0xFF,0xFF,0x00,0x00,0x00,0x00,0x00,0x00,0x00,
    0x00,0x00,0x00,0x00,0x00,0x00,0x00,0x00,0xFF,0xFF,0xFF,0x00,0x00,0xFF,0xFF,0xFF,0x00,0x00,0x00,0x00,0x00,0x00,0x00,0x00,0x00,0x00,0x00,0x00,0x00,0x00,0x00,0x00,0x00,0xFF,0xFF,0xFF,0x00,0x00,0xFF,0xFF,0xFF,0x00,0x00,0x00,0x00,0x00,0x00,0x00,
    0x00,0x00,0x00,0x00,0x00,0x00,0x00,0x00,0xFF,0xFF,0xFF,0x00,0x00,0xFF,0xFF,0xFF,0x00,0x00,0x00,0x00,0x00,0x00,0x00,0x00,0x00,0x00,0x00,0x00,0x00,0x00,0x00,0x00,0xFF,0xFF,0xFF,0x00,0x00,0x00,0xFF,0xFF,0xFF,0x00,0x00,0x00,0x00,0x00,0x00,0x00,
    0x00,0x00,0x00,0x00,0x00,0x00,0x00,0x00,0xFF,0xFF,0xFF,0x00,0x00,0xFF,0xFF,0xFF,0x00,0x00,0x00,0x00,0x00,0x00,0x00,0x00,0x00,0x00,0x00,0x00,0x00,0x00,0x00,0x00,0xFF,0xFF,0xFF,0x00,0x00,0x00,0xFF,0xFF,0xFF,0x00,0x00,0x00,0x00,0x00,0x00,0x00,
    0x00,0x00,0x00,0x00,0x00,0x00,0x00,0x00,0xFF,0xFF,0xFF,0x00,0x00,0x00,0xFF,0xFF,0xFF,0xFF,0xFF,0xFF,0xFF,0xFF,0xFF,0xFF,0xFF,0xFF,0xFF,0xFF,0xFF,0xFF,0xFF,0xFF,0xFF,0xFF,0x00,0x00,0x00,0x00,0xFF,0xFF,0xFF,0x00,0x00,0x00,0x00,0x00,0x00,0x00,
    0x00,0x00,0x00,0x00,0x00,0x00,0x00,0x00,0xFF,0xFF,0xFF,0x00,0x00,0x00,0xFF,0xFF,0xFF,0xFF,0xFF,0xFF,0xFF,0xFF,0xFF,0xFF,0xFF,0xFF,0xFF,0xFF,0xFF,0xFF,0xFF,0xFF,0xFF,0xFF,0x00,0x00,0x00,0x00,0xFF,0xFF,0xFF,0x00,0x00,0x00,0x00,0x00,0x00,0x00,
    0x00,0x00,0x00,0x00,0x00,0x00,0x00,0x00,0xFF,0xFF,0xFF,0x00,0x00,0x00,0x00,0xFF,0xFF,0xFF,0xFF,0xFF,0xFF,0xFF,0xFF,0xFF,0xFF,0xFF,0xFF,0xFF,0xFF,0xFF,0xFF,0xFF,0xFF,0x00,0x00,0x00,0x00,0x00,0xFF,0xFF,0xFF,0x00,0x00,0x00,0x00,0x00,0x00,0x00,
    0x00,0x00,0x00,0x00,0x00,0x00,0x00,0x00,0xFF,0xFF,0xFF,0x00,0x00,0x00,0x00,0x00,0x00,0x00,0x00,0x00,0x00,0x00,0x00,0x00,0x00,0x00,0x00,0x00,0x00,0x00,0x00,0x00,0x00,0x00,0x00,0x00,0x00,0x00,0xFF,0xFF,0xFF,0x00,0x00,0x00,0x00,0x00,0x00,0x00,
    0x00,0x00,0x00,0x00,0x00,0x00,0x00,0x00,0xFF,0xFF,0xFF,0x00,0x00,0x00,0x00,0x00,0x00,0x00,0x00,0x00,0x00,0x00,0x00,0x00,0x00,0x00,0x00,0x00,0x00,0x00,0x00,0x00,0x00,0x00,0x00,0x00,0x00,0x00,0xFF,0xFF,0xFF,0x00,0x00,0x00,0x00,0x00,0x00,0x00,
    0x00,0x00,0x00,0x00,0x00,0x00,0x00,0x00,0xFF,0xFF,0xFF,0x00,0x00,0x00,0x00,0x00,0x00,0x00,0x00,0x00,0x00,0x00,0x00,0x00,0x00,0x00,0x00,0x00,0x00,0x00,0x00,0x00,0x00,0x00,0x00,0x00,0x00,0x00,0xFF,0xFF,0xFF,0x00,0x00,0x00,0x00,0x00,0x00,0x00,
    0x00,0x00,0x00,0x00,0x00,0x00,0x00,0x00,0xFF,0xFF,0xFF,0x00,0x00,0x00,0x00,0x00,0x00,0x00,0x00,0x00,0x00,0x00,0x00,0x00,0x00,0x00,0x00,0x00,0x00,0x00,0x00,0x00,0x00,0x00,0x00,0x00,0x00,0x00,0xFF,0xFF,0xFF,0x00,0x00,0x00,0x00,0x00,0x00,0x00,
    0x00,0x00,0x00,0x00,0x00,0x00,0x00,0x00,0xFF,0xFF,0xFF,0x00,0x00,0x00,0x00,0x00,0x00,0x00,0x00,0x00,0x00,0x00,0x00,0x00,0x00,0x00,0x00,0x00,0x00,0x00,0x00,0x00,0x00,0x00,0x00,0x00,0x00,0x00,0xFF,0xFF,0xFF,0x00,0x00,0x00,0x00,0x00,0x00,0x00,
    0x00,0x00,0x00,0x00,0x00,0x00,0x00,0x00,0xFF,0xFF,0xFF,0x00,0x00,0x00,0x00,0x00,0x00,0x00,0x00,0x00,0x00,0x00,0x00,0x00,0x00,0x00,0x00,0x00,0x00,0x00,0x00,0x00,0x00,0x00,0x00,0x00,0x00,0x00,0xFF,0xFF,0xFF,0x00,0x00,0x00,0x00,0x00,0x00,0x00,
    0x00,0x00,0x00,0x00,0x00,0x00,0x00,0x00,0xFF,0xFF,0xFF,0x00,0x00,0x00,0x00,0x00,0x00,0x00,0x00,0x00,0x00,0x00,0x00,0x00,0x00,0x00,0x00,0x00,0x00,0x00,0x00,0x00,0x00,0x00,0x00,0x00,0x00,0x00,0xFF,0xFF,0xFF,0x00,0x00,0x00,0x00,0x00,0x00,0x00,
    0x00,0x00,0x00,0x00,0x00,0x00,0x00,0x00,0xFF,0xFF,0xFF,0x00,0x00,0x00,0x00,0x00,0x00,0x00,0x00,0x00,0x00,0x00,0x00,0x00,0x00,0x00,0x00,0x00,0x00,0x00,0x00,0x00,0x00,0x00,0x00,0x00,0x00,0x00,0xFF,0xFF,0xFF,0x00,0x00,0x00,0x00,0x00,0x00,0x00,
    0x00,0x00,0x00,0x00,0x00,0x00,0x00,0x00,0xFF,0xFF,0xFF,0xFF,0xFF,0xFF,0xFF,0xFF,0xFF,0xFF,0xFF,0xFF,0xFF,0xFF,0xFF,0xFF,0xFF,0xFF,0xFF,0xFF,0xFF,0xFF,0xFF,0xFF,0xFF,0xFF,0xFF,0xFF,0xFF,0xFF,0xFF,0xFF,0xFF,0x00,0x00,0x00,0x00,0x00,0x00,0x00,
    0x00,0x00,0x00,0x00,0x00,0x00,0x00,0x00,0x00,0xFF,0xFF,0xFF,0xFF,0xFF,0xFF,0xFF,0xFF,0xFF,0xFF,0xFF,0xFF,0xFF,0xFF,0xFF,0xFF,0xFF,0xFF,0xFF,0xFF,0xFF,0xFF,0xFF,0xFF,0xFF,0xFF,0xFF,0xFF,0xFF,0xFF,0xFF,0x00,0x00,0x00,0x00,0x00,0x00,0x00,0x00,
    0x00,0x00,0x00,0x00,0x00,0x00,0x00,0x00,0x00,0x00,0xFF,0xFF,0xFF,0xFF,0xFF,0xFF,0xFF,0xFF,0xFF,0xFF,0xFF,0xFF,0xFF,0xFF,0xFF,0xFF,0xFF,0xFF,0xFF,0xFF,0xFF,0xFF,0xFF,0xFF,0xFF,0xFF,0xFF,0xFF,0xFF,0x00,0x00,0x00,0x00,0x00,0x00,0x00,0x00,0x00,
    0x00,0x00,0x00,0x00,0x00,0x00,0x00,0x00,0x00,0x00,0x00,0x00,0x00,0x00,0x00,0x00,0x00,0x00,0x00,0x00,0x00,0x00,0x00,0x00,0x00,0x00,0x00,0x00,0x00,0x00,0x00,0x00,0x00,0x00,0x00,0x00,0x00,0x00,0x00,0x00,0x00,0x00,0x00,0x00,0x00,0x00,0x00,0x00,
    0x00,0x00,0x00,0x00,0x00,0x00,0x00,0x00,0x00,0x00,0x00,0x00,0x00,0x00,0x00,0x00,0x00,0x00,0x00,0x00,0x00,0x00,0x00,0x00,0x00,0x00,0x00,0x00,0x00,0x00,0x00,0x00,0x00,0x00,0x00,0x00,0x00,0x00,0x00,0x00,0x00,0x00,0x00,0x00,0x00,0x00,0x00,0x00,
    0x00,0x00,0x00,0x00,0x00,0x00,0x00,0x00,0x00,0x00,0x00,0x00,0x00,0x00,0x00,0x00,0x00,0x00,0x00,0x00,0x00,0x00,0x00,0x00,0x00,0x00,0x00,0x00,0x00,0x00,0x00,0x00,0x00,0x00,0x00,0x00,0x00,0x00,0x00,0x00,0x00,0x00,0x00,0x00,0x00,0x00,0x00,0x00,
    0x00,0x00,0x00,0x00,0x00,0x00,0x00,0x00,0x00,0x00,0x00,0x00,0x00,0x00,0x00,0x00,0x00,0x00,0x00,0x00,0x00,0x00,0x00,0x00,0x00,0x00,0x00,0x00,0x00,0x00,0x00,0x00,0x00,0x00,0x00,0x00,0x00,0x00,0x00,0x00,0x00,0x00,0x00,0x00,0x00,0x00,0x00,0x00,
    0x00,0x00,0x00,0x00,0x00,0x00,0x00,0x00,0x00,0x00,0x00,0x00,0x00,0x00,0x00,0x00,0x00,0x00,0x00,0x00,0x00,0x00,0x00,0x00,0x00,0x00,0x00,0x00,0x00,0x00,0x00,0x00,0x00,0x00,0x00,0x00,0x00,0x00,0x00,0x00,0x00,0x00,0x00,0x00,0x00,0x00,0x00,0x00,
    0x00,0x00,0x00,0x00,0x00,0x00,0x00,0x00,0x00,0x00,0x00,0x00,0x00,0x00,0x00,0x00,0x00,0x00,0x00,0x00,0x00,0x00,0x00,0x00,0x00,0x00,0x00,0x00,0x00,0x00,0x00,0x00,0x00,0x00,0x00,0x00,0x00,0x00,0x00,0x00,0x00,0x00,0x00,0x00,0x00,0x00,0x00,0x00,
    0x00,0x00,0x00,0x00,0x00,0x00,0x00,0x00,0x00,0x00,0x00,0x00,0x00,0x00,0x00,0x00,0x00,0x00,0x00,0x00,0x00,0x00,0x00,0x00,0x00,0x00,0x00,0x00,0x00,0x00,0x00,0x00,0x00,0x00,0x00,0x00,0x00,0x00,0x00,0x00,0x00,0x00,0x00,0x00,0x00,0x00,0x00,0x00,
    0x00,0x00,0x00,0x00,0x00,0x00,0x00,0x00,0x00,0x00,0x00,0x00,0x00,0x00,0x00,0x00,0x00,0x00,0x00,0x00,0x00,0x00,0x00,0x00,0x00,0x00,0x00,0x00,0x00,0x00,0x00,0x00,0x00,0x00,0x00,0x00,0x00,0x00,0x00,0x00,0x00,0x00,0x00,0x00,0x00,0x00,0x00,0x00,
    0x00,0x00,0x00,0x00,0x00,0x00,0x00,0x00,0x00,0x00,0x00,0x00,0x00,0x00,0x00,0x00,0x00,0x00,0x00,0x00,0x00,0x00,0x00,0x00,0x00,0x00,0x00,0x00,0x00,0x00,0x00,0x00,0x00,0x00,0x00,0x00,0x00,0x00,0x00,0x00,0x00,0x00,0x00,0x00,0x00,0x00,0x00,0x00,
    0x00,0x00,0x00,0x00,0x00,0x00,0x00,0x00,0x00,0x00,0x00,0x00,0x00,0x00,0x00,0x00,0x00,0x00,0x00,0x00,0x00,0x00,0x00,0x00,0x00,0x00,0x00,0x00,0x00,0x00,0x00,0x00,0x00,0x00,0x00,0x00,0x00,0x00,0x00,0x00,0x00,0x00,0x00,0x00,0x00,0x00,0x00,0x00,
    0x00,0x00,0x00,0x00,0x00,0x00,0x00,0x00,0x00,0x00,0x00,0x00,0x00,0x00,0x00,0x00,0x00,0x00,0x00,0x00,0x00,0x00,0x00,0x00,0x00,0x00,0x00,0x00,0x00,0x00,0x00,0x00,0x00,0x00,0x00,0x00,0x00,0x00,0x00,0x00,0x00,0x00,0x00,0x00,0x00,0x00,0x00,0x00,
    0x00,0x00,0x00,0x00,0x00,0x00,0x00,0x00,0x00,0x00,0x00,0x00,0x00,0x00,0x00,0x00,0x00,0x00,0x00,0x00,0x00,0x00,0x00,0x00,0x00,0x00,0x00,0x00,0x00,0x00,0x00,0x00,0x00,0x00,0x00,0x00,0x00,0x00,0x00,0x00,0x00,0x00,0x00,0x00,0x00,0x00,0x00,0x00
};

const lv_image_dsc_t key_icon_frunk = {
    .header = {
        .magic = LV_IMAGE_HEADER_MAGIC,
        .cf = LV_COLOR_FORMAT_L8,
        .flags = 0,
        .w = 48,
        .h = 48,
        .stride = 48,
        .reserved_2 = 0,
    },
    .data_size = sizeof(key_icon_frunk_map),
    .data = key_icon_frunk_map,
    .reserved = NULL,
};

static const uint8_t key_icon_trunk_map[48 * 48] = {
    0x00,0x00,0x00,0x00,0x00,0x00,0x00,0x00,0x00,0x00,0x00,0x00,0x00,0x00,0x00,0x00,0x00,0x00,0x00,0x00,0x00,0x00,0x00,0x00,0x00,0x00,0x00,0x00,0x00,0x00,0x00,0x00,0x00,0x00,0x00,0x00,0x00,0x00,0x00,0x00,0x00,0x00,0x00,0x00,0x00,0x00,0x00,0x00,
    0x00,0x00,0x00,0x00,0x00,0x00,0x00,0x00,0x00,0x00,0x00,0x00,0x00,0x00,0x00,0x00,0x00,0x00,0x00,0x00,0x00,0x00,0x00,0x00,0x00,0x00,0x00,0x00,0x00,0x00,0x00,0x00,0x00,0x00,0x00,0x00,0x00,0x00,0x00,0x00,0x00,0x00,0x00,0x00,0x00,0x00,0x00,0x00,
    0x00,0x00,0x00,0x00,0x00,0x00,0x00,0x00,0x00,0x00,0x00,0x00,0x00,0x00,0x00,0x00,0x00,0x00,0x00,0x00,0x00,0x00,0x00,0x00,0x00,0x00,0x00,0x00,0x00,0x00,0x00,0x00,0x00,0x00,0x00,0x00,0x00,0x00,0x00,0x00,0x00,0x00,0x00,0x00,0x00,0x00,0x00,0x00,
    0x00,0x00,0x00,0x00,0x00,0x00,0x00,0x00,0x00,0x00,0x00,0x00,0x00,0x00,0x00,0x00,0x00,0x00,0x00,0x00,0x00,0x00,0x00,0x00,0x00,0x00,0x00,0x00,0x00,0x00,0x00,0x00,0x00,0x00,0x00,0x00,0x00,0x00,0x00,0x00,0x00,0x00,0x00,0x00,0x00,0x00,0x00,0x00,
    0x00,0x00,0x00,0x00,0x00,0x00,0x00,0x00,0x00,0x00,0x00,0x00,0x00,0x00,0x00,0x00,0x00,0x00,0x00,0x00,0x00,0x00,0x00,0x00,0x00,0x00,0x00,0x00,0x00,0x00,0x00,0x00,0x00,0x00,0x00,0x00,0x00,0x00,0x00,0x00,0x00,0x00,0x00,0x00,0x00,0x00,0x00,0x00,
    0x00,0x00,0x00,0x00,0x00,0x00,0x00,0x00,0x00,0x00,0x00,0x00,0x00,0x00,0x00,0x00,0x00,0x00,0x00,0x00,0x00,0x00,0x00,0x00,0x00,0x00,0x00,0x00,0x00,0x00,0x00,0x00,0x00,0x00,0x00,0x00,0x00,0x00,0x00,0x00,0x00,0x00,0x00,0x00,0x00,0x00,0x00,0x00,
    0x00,0x00,0x00,0x00,0x00,0x00,0x00,0x00,0x00,0x00,0x00,0x00,0x00,0x00,0x00,0x00,0x00,0x00,0x00,0x00,0x00,0x00,0x00,0x00,0x00,0x00,0x00,0x00,0x00,0x00,0x00,0x00,0x00,0x00,0x00,0x00,0x00,0x00,0x00,0x00,0x00,0x00,0x00,0x00,0x00,0x00,0x00,0x00,
    0x00,0x00,0x00,0x00,0x00,0x00,0x00,0x00,0x00,0x00,0x00,0x00,0x00,0x00,0x00,0x00,0x00,0x00,0x00,0x00,0x00,0x00,0x00,0x00,0x00,0x00,0x00,0x00,0x00,0x00,0x00,0x00,0x00,0x00,0x00,0x00,0x00,0x00,0x00,0x00,0x00,0x00,0x00,0x00,0x00,0x00,0x00,0x00,
    0x00,0x00,0x00,0x00,0x00,0x00,0x00,0x00,0x00,0x00,0x00,0x00,0x00,0x00,0x00,0x00,0x00,0x00,0x00,0x00,0x00,0x00,0x00,0x00,0x00,0x00,0x00,0x00,0x00,0x00,0x00,0x00,0x00,0x00,0x00,0x00,0x00,0x00,0x00,0x00,0x00,0x00,0x00,0x00,0x00,0x00,0x00,0x00,
    0x00,0x00,0x00,0x00,0x00,0x00,0x00,0x00,0x00,0x00,0x00,0x00,0x00,0x00,0x00,0x00,0x00,0x00,0x00,0x00,0x00,0x00,0x00,0x00,0x00,0x00,0x00,0x00,0x00,0x00,0x00,0x00,0x00,0x00,0x00,0x00,0x00,0x00,0x00,0x00,0x00,0x00,0x00,0x00,0x00,0x00,0x00,0x00,
    0x00,0x00,0x00,0x00,0x00,0x00,0x00,0x00,0x00,0x00,0x00,0x00,0x00,0x00,0x00,0x00,0x00,0x00,0x00,0x00,0x00,0x00,0x00,0x00,0x00,0x00,0x00,0x00,0x00,0x00,0x00,0x00,0x00,0x00,0x00,0x00,0x00,0x00,0x00,0x00,0x00,0x00,0x00,0x00,0x00,0x00,0x00,0x00,
    0x00,0x00,0x00,0x00,0x00,0x00,0x00,0x00,0x00,0x00,0x00,0x00,0x00,0x00,0x00,0x00,0x00,0x00,0x00,0x00,0x00,0x00,0x00,0x00,0x00,0x00,0x00,0x00,0x00,0x00,0x00,0x00,0x00,0x00,0x00,0x00,0x00,0x00,0x00,0x00,0x00,0x00,0x00,0x00,0x00,0x00,0x00,0x00,
    0x00,0x00,0x00,0x00,0x00,0x00,0x00,0x00,0x00,0x00,0x00,0xFF,0xFF,0xFF,0xFF,0xFF,0xFF,0xFF,0xFF,0xFF,0xFF,0xFF,0xFF,0xFF,0xFF,0xFF,0xFF,0xFF,0xFF,0xFF,0xFF,0xFF,0xFF,0xFF,0xFF,0xFF,0xFF,0x00,0x00,0x00,0x00,0x00,0x00,0x00,0x00,0x00,0x00,0x00,
    0x00,0x00,0x00,0x00,0x00,0x00,0x00,0x00,0x00,0x00,0xFF,0xFF,0xFF,0xFF,0xFF,0xFF,0xFF,0xFF,0xFF,0xFF,0xFF,0xFF,0xFF,0xFF,0xFF,0xFF,0xFF,0xFF,0xFF,0xFF,0xFF,0xFF,0xFF,0xFF,0xFF,0xFF,0xFF,0xFF,0xFF,0x00,0x00,0x00,0x00,0x00,0x00,0x00,0x00,0x00,
    0x00,0x00,0x00,0x00,0x00,0x00,0x00,0x00,0x00,0xFF,0xFF,0xFF,0xFF,0xFF,0xFF,0xFF,0xFF,0xFF,0xFF,0xFF,0xFF,0xFF,0xFF,0xFF,0xFF,0xFF,0xFF,0xFF,0xFF,0xFF,0xFF,0xFF,0xFF,0xFF,0xFF,0xFF,0xFF,0xFF,0xFF,0xFF,0x00,0x00,0x00,0x00,0x00,0x00,0x00,0x00,
    0x00,0x00,0x00,0x00,0x00,0x00,0x00,0x00,0x00,0xFF,0xFF,0xFF,0x00,0xFF,0xFF,0xFF,0x00,0x00,0x00,0x00,0x00,0x00,0x00,0x00,0x00,0x00,0x00,0x00,0x00,0x00,0x00,0x00,0xFF,0xFF,0xFF,0x00,0x00,0xFF,0xFF,0xFF,0x00,0x00,0x00,0x00,0x00,0x00,0x00,0x00,
    0x00,0x00,0x00,0x00,0x00,0x00,0x00,0x00,0x00,0xFF,0xFF,0xFF,0x00,0x00,0xFF,0xFF,0x00,0x00,0x00,0x00,0x00,0x00,0x00,0x00,0x00,0x00,0x00,0x00,0x00,0x00,0x00,0x00,0xFF,0xFF,0x00,0x00,0x00,0xFF,0xFF,0xFF,0x00,0x00,0x00,0x00,0x00,0x00,0x00,0x00,
    0x00,0x00,0x00,0x00,0x00,0x00,0x00,0x00,0x00,0xFF,0xFF,0xFF,0x00,0x00,0xFF,0xFF,0xFF,0x00,0x00,0x00,0x00,0x00,0x00,0x00,0x00,0x00,0x00,0x00,0x00,0x00,0x00,0xFF,0xFF,0xFF,0x00,0x00,0x00,0xFF,0xFF,0xFF,0x00,0x00,0x00,0x00,0x00,0x00,0x00,0x00,
    0x00,0x00,0x00,0x00,0x00,0x00,0x00,0x00,0x00,0xFF,0xFF,0xFF,0x00,0x00,0xFF,0xFF,0xFF,0x00,0x00,0x00,0x00,0x00,0x00,0x00,0x00,0x00,0x00,0x00,0x00,0x00,0x00,0xFF,0xFF,0xFF,0x00,0x00,0x00,0xFF,0xFF,0xFF,0x00,0x00,0x00,0x00,0x00,0x00,0x00,0x00,
    0x00,0x00,0x00,0x00,0x00,0x00,0x00,0x00,0x00,0xFF,0xFF,0xFF,0x00,0x00,0x00,0xFF,0xFF,0xFF,0xFF,0xFF,0xFF,0xFF,0xFF,0xFF,0xFF,0xFF,0xFF,0xFF,0xFF,0xFF,0xFF,0xFF,0xFF,0x00,0x00,0x00,0x00,0xFF,0xFF,0xFF,0x00,0x00,0x00,0x00,0x00,0x00,0x00,0x00,
    0x00,0x00,0x00,0x00,0x00,0x00,0x00,0x00,0x00,0xFF,0xFF,0xFF,0x00,0x00,0x00,0xFF,0xFF,0xFF,0xFF,0xFF,0xFF,0xFF,0xFF,0xFF,0xFF,0xFF,0xFF,0xFF,0xFF,0xFF,0xFF,0xFF,0xFF,0x00,0x00,0x00,0x00,0xFF,0xFF,0xFF,0x00,0x00,0x00,0x00,0x00,0x00,0x00,0x00,
    0x00,0x00,0x00,0x00,0x00,0x00,0x00,0x00,0x00,0xFF,0xFF,0xFF,0x00,0x00,0x00,0x00,0xFF,0xFF,0xFF,0xFF,0xFF,0xFF,0xFF,0xFF,0xFF,0xFF,0xFF,0xFF,0xFF,0xFF,0xFF,0xFF,0x00,0x00,0x00,0x00,0x00,0xFF,0xFF,0xFF,0x00,0x00,0x00,0x00,0x00,0x00,0x00,0x00,
    0x00,0x00,0x00,0x00,0x00,0x00,0x00,0x00,0x00,0xFF,0xFF,0xFF,0x00,0x00,0x00,0x00,0x00,0x00,0x00,0x00,0x00,0x00,0x00,0x00,0x00,0x00,0x00,0x00,0x00,0x00,0x00,0x00,0x00,0x00,0x00,0x00,0x00,0xFF,0xFF,0xFF,0x00,0x00,0x00,0x00,0x00,0x00,0x00,0x00,
    0x00,0x00,0x00,0x00,0x00,0x00,0x00,0x00,0x00,0xFF,0xFF,0xFF,0x00,0x00,0x00,0x00,0x00,0x00,0x00,0x00,0x00,0x00,0x00,0x00,0x00,0x00,0x00,0x00,0x00,0x00,0x00,0x00,0x00,0x00,0x00,0x00,0x00,0xFF,0xFF,0xFF,0x00,0x00,0x00,0x00,0x00,0x00,0x00,0x00,
    0x00,0x00,0x00,0x00,0x00,0x00,0x00,0x00,0x00,0xFF,0xFF,0xFF,0x00,0x00,0x00,0x00,0x00,0x00,0x00,0x00,0x00,0x00,0x00,0x00,0x00,0x00,0x00,0x00,0x00,0x00,0x00,0x00,0x00,0x00,0x00,0x00,0x00,0xFF,0xFF,0xFF,0x00,0x00,0x00,0x00,0x00,0x00,0x00,0x00,
    0x00,0x00,0x00,0x00,0x00,0x00,0x00,0x00,0x00,0xFF,0xFF,0xFF,0x00,0x00,0x00,0x00,0x00,0x00,0x00,0x00,0x00,0x00,0x00,0x00,0x00,0x00,0x00,0x00,0x00,0x00,0x00,0x00,0x00,0x00,0x00,0x00,0x00,0xFF,0xFF,0xFF,0x00,0x00,0x00,0x00,0x00,0x00,0x00,0x00,
    0x00,0x00,0x00,0x00,0x00,0x00,0x00,0x00,0x00,0xFF,0xFF,0xFF,0x00,0x00,0x00,0x00,0x00,0x00,0x00,0x00,0x00,0x00,0x00,0x00,0x00,0x00,0x00,0x00,0x00,0x00,0x00,0x00,0x00,0x00,0x00,0x00,0x00,0xFF,0xFF,0xFF,0x00,0x00,0x00,0x00,0x00,0x00,0x00,0x00,
    0x00,0x00,0x00,0x00,0x00,0x00,0x00,0x00,0x00,0xFF,0xFF,0xFF,0x00,0x00,0x00,0x00,0x00,0x00,0x00,0x00,0x00,0x00,0x00,0x00,0x00,0x00,0x00,0x00,0x00,0x00,0x00,0x00,0x00,0x00,0x00,0x00,0x00,0xFF,0xFF,0xFF,0x00,0x00,0x00,0x00,0x00,0x00,0x00,0x00,
    0x00,0x00,0x00,0x00,0x00,0x00,0x00,0x00,0x00,0xFF,0xFF,0xFF,0x00,0x00,0x00,0x00,0x00,0x00,0x00,0x00,0x00,0x00,0x00,0x00,0x00,0x00,0x00,0x00,0x00,0x00,0x00,0x00,0x00,0x00,0x00,0x00,0x00,0xFF,0xFF,0xFF,0x00,0x00,0x00,0x00,0x00,0x00,0x00,0x00,
    0x00,0x00,0x00,0x00,0x00,0x00,0x00,0x00,0x00,0xFF,0xFF,0xFF,0x00,0x00,0x00,0x00,0x00,0x00,0x00,0x00,0x00,0x00,0x00,0x00,0x00,0x00,0x00,0x00,0x00,0x00,0x00,0x00,0x00,0x00,0x00,0x00,0x00,0xFF,0xFF,0xFF,0x00,0x00,0x00,0x00,0x00,0x00,0x00,0x00,
    0x00,0x00,0x00,0x00,0x00,0x00,0x00,0x00,0x00,0xFF,0xFF,0xFF,0x00,0x00,0x00,0x00,0x00,0x00,0x00,0x00,0x00,0x00,0x00,0x00,0x00,0x00,0x00,0x00,0x00,0x00,0x00,0x00,0x00,0x00,0x00,0x00,0x00,0xFF,0xFF,0xFF,0x00,0x00,0x00,0x00,0x00,0x00,0x00,0x00,
    0x00,0x00,0x00,0x00,0x00,0x00,0x00,0x00,0x00,0xFF,0xFF,0xFF,0x00,0x00,0x00,0x00,0x00,0x00,0x00,0x00,0x00,0x00,0x00,0x00,0x00,0x00,0x00,0x00,0x00,0x00,0x00,0x00,0x00,0x00,0x00,0x00,0x00,0xFF,0xFF,0xFF,0x00,0x00,0x00,0x00,0x00,0x00,0x00,0x00,
    0x00,0x00,0x00,0x00,0x00,0x00,0x00,0x00,0x00,0xFF,0xFF,0xFF,0x00,0x00,0x00,0x00,0x00,0x00,0x00,0x00,0x00,0x00,0x00,0x00,0x00,0x00,0x00,0x00,0x00,0x00,0x00,0x00,0x00,0x00,0x00,0x00,0x00,0xFF,0xFF,0xFF,0x00,0x00,0x00,0x00,0x00,0x00,0x00,0x00,
    0x00,0x00,0x00,0x00,0x00,0x00,0x00,0x00,0x00,0xFF,0xFF,0xFF,0x00,0x00,0x00,0x00,0x00,0x00,0x00,0x00,0x00,0x00,0x00,0x00,0x00,0x00,0x00,0x00,0x00,0x00,0x00,0x00,0x00,0x00,0x00,0x00,0x00,0xFF,0xFF,0xFF,0x00,0x00,0x00,0x00,0x00,0x00,0x00,0x00,
    0x00,0x00,0x00,0x00,0x00,0x00,0x00,0x00,0x00,0x00,0xFF,0xFF,0xFF,0xFF,0xFF,0xFF,0xFF,0xFF,0xFF,0xFF,0xFF,0xFF,0xFF,0xFF,0xFF,0xFF,0xFF,0xFF,0xFF,0xFF,0xFF,0xFF,0xFF,0xFF,0xFF,0xFF,0xFF,0xFF,0xFF,0x00,0x00,0x00,0x00,0x00,0x00,0x00,0x00,0x00,
    0x00,0x00,0x00,0x00,0x00,0x00,0x00,0x00,0x00,0x00,0xFF,0xFF,0xFF,0xFF,0xFF,0xFF,0xFF,0xFF,0xFF,0xFF,0xFF,0xFF,0xFF,0xFF,0xFF,0xFF,0xFF,0xFF,0xFF,0xFF,0xFF,0xFF,0xFF,0xFF,0xFF,0xFF,0xFF,0xFF,0xFF,0x00,0x00,0x00,0x00,0x00,0x00,0x00,0x00,0x00,
    0x00,0x00,0x00,0x00,0x00,0x00,0x00,0x00,0x00,0x00,0x00,0xFF,0xFF,0xFF,0xFF,0xFF,0xFF,0xFF,0xFF,0xFF,0xFF,0xFF,0xFF,0xFF,0xFF,0xFF,0xFF,0xFF,0xFF,0xFF,0xFF,0xFF,0xFF,0xFF,0xFF,0xFF,0xFF,0x00,0x00,0x00,0x00,0x00,0x00,0x00,0x00,0x00,0x00,0x00,
    0x00,0x00,0x00,0x00,0x00,0x00,0x00,0x00,0x00,0x00,0x00,0x00,0x00,0x00,0x00,0x00,0x00,0x00,0x00,0x00,0x00,0x00,0x00,0x00,0x00,0x00,0x00,0x00,0x00,0x00,0x00,0x00,0x00,0x00,0x00,0x00,0x00,0x00,0x00,0x00,0x00,0x00,0x00,0x00,0x00,0x00,0x00,0x00,
    0x00,0x00,0x00,0x00,0x00,0x00,0x00,0x00,0x00,0x00,0x00,0x00,0x00,0x00,0x00,0x00,0x00,0x00,0x00,0x00,0x00,0x00,0x00,0x00,0x00,0x00,0x00,0x00,0x00,0x00,0x00,0x00,0x00,0x00,0x00,0x00,0x00,0x00,0x00,0x00,0x00,0x00,0x00,0x00,0x00,0x00,0x00,0x00,
    0x00,0x00,0x00,0x00,0x00,0x00,0x00,0x00,0x00,0x00,0x00,0x00,0x00,0x00,0x00,0x00,0x00,0x00,0x00,0x00,0x00,0x00,0x00,0x00,0x00,0x00,0x00,0x00,0x00,0x00,0x00,0x00,0x00,0x00,0x00,0x00,0x00,0x00,0x00,0x00,0x00,0x00,0x00,0x00,0x00,0x00,0x00,0x00,
    0x00,0x00,0x00,0x00,0x00,0x00,0x00,0x00,0x00,0x00,0x00,0x00,0x00,0x00,0x00,0x00,0x00,0x00,0x00,0x00,0x00,0x00,0x00,0x00,0x00,0x00,0x00,0x00,0x00,0x00,0x00,0x00,0x00,0x00,0x00,0x00,0x00,0x00,0x00,0x00,0x00,0x00,0x00,0x00,0x00,0x00,0x00,0x00,
    0x00,0x00,0x00,0x00,0x00,0x00,0x00,0x00,0x00,0x00,0x00,0x00,0x00,0x00,0x00,0x00,0x00,0x00,0x00,0x00,0x00,0x00,0x00,0x00,0x00,0x00,0x00,0x00,0x00,0x00,0x00,0x00,0x00,0x00,0x00,0x00,0x00,0x00,0x00,0x00,0x00,0x00,0x00,0x00,0x00,0x00,0x00,0x00,
    0x00,0x00,0x00,0x00,0x00,0x00,0x00,0x00,0x00,0x00,0x00,0x00,0x00,0x00,0x00,0x00,0x00,0x00,0x00,0x00,0x00,0x00,0x00,0x00,0x00,0x00,0x00,0x00,0x00,0x00,0x00,0x00,0x00,0x00,0x00,0x00,0x00,0x00,0x00,0x00,0x00,0x00,0x00,0x00,0x00,0x00,0x00,0x00,
    0x00,0x00,0x00,0x00,0x00,0x00,0x00,0x00,0x00,0x00,0x00,0x00,0x00,0x00,0x00,0x00,0x00,0x00,0x00,0x00,0x00,0x00,0x00,0x00,0x00,0x00,0x00,0x00,0x00,0x00,0x00,0x00,0x00,0x00,0x00,0x00,0x00,0x00,0x00,0x00,0x00,0x00,0x00,0x00,0x00,0x00,0x00,0x00,
    0x00,0x00,0x00,0x00,0x00,0x00,0x00,0x00,0x00,0x00,0x00,0x00,0x00,0x00,0x00,0x00,0x00,0x00,0x00,0x00,0x00,0x00,0x00,0x00,0x00,0x00,0x00,0x00,0x00,0x00,0x00,0x00,0x00,0x00,0x00,0x00,0x00,0x00,0x00,0x00,0x00,0x00,0x00,0x00,0x00,0x00,0x00,0x00,
    0x00,0x00,0x00,0x00,0x00,0x00,0x00,0x00,0x00,0x00,0x00,0x00,0x00,0x00,0x00,0x00,0x00,0x00,0x00,0x00,0x00,0x00,0x00,0x00,0x00,0x00,0x00,0x00,0x00,0x00,0x00,0x00,0x00,0x00,0x00,0x00,0x00,0x00,0x00,0x00,0x00,0x00,0x00,0x00,0x00,0x00,0x00,0x00,
    0x00,0x00,0x00,0x00,0x00,0x00,0x00,0x00,0x00,0x00,0x00,0x00,0x00,0x00,0x00,0x00,0x00,0x00,0x00,0x00,0x00,0x00,0x00,0x00,0x00,0x00,0x00,0x00,0x00,0x00,0x00,0x00,0x00,0x00,0x00,0x00,0x00,0x00,0x00,0x00,0x00,0x00,0x00,0x00,0x00,0x00,0x00,0x00,
    0x00,0x00,0x00,0x00,0x00,0x00,0x00,0x00,0x00,0x00,0x00,0x00,0x00,0x00,0x00,0x00,0x00,0x00,0x00,0x00,0x00,0x00,0x00,0x00,0x00,0x00,0x00,0x00,0x00,0x00,0x00,0x00,0x00,0x00,0x00,0x00,0x00,0x00,0x00,0x00,0x00,0x00,0x00,0x00,0x00,0x00,0x00,0x00
};

const lv_image_dsc_t key_icon_trunk = {
    .header = {
        .magic = LV_IMAGE_HEADER_MAGIC,
        .cf = LV_COLOR_FORMAT_L8,
        .flags = 0,
        .w = 48,
        .h = 48,
        .stride = 48,
        .reserved_2 = 0,
    },
    .data_size = sizeof(key_icon_trunk_map),
    .data = key_icon_trunk_map,
    .reserved = NULL,
};

static const uint8_t key_icon_bluetooth_map[48 * 48] = {
    0x00,0x00,0x00,0x00,0x00,0x00,0x00,0x00,0x00,0x00,0x00,0x00,0x00,0x00,0x00,0x00,0x00,0x00,0x00,0x00,0x00,0x00,0x00,0x00,0x00,0x00,0x00,0x00,0x00,0x00,0x00,0x00,0x00,0x00,0x00,0x00,0x00,0x00,0x00,0x00,0x00,0x00,0x00,0x00,0x00,0x00,0x00,0x00,
    0x00,0x00,0x00,0x00,0x00,0x00,0x00,0x00,0x00,0x00,0x00,0x00,0x00,0x00,0x00,0x00,0x00,0x00,0x00,0x00,0x00,0x00,0x00,0x00,0x00,0x00,0x00,0x00,0x00,0x00,0x00,0x00,0x00,0x00,0x00,0x00,0x00,0x00,0x00,0x00,0x00,0x00,0x00,0x00,0x00,0x00,0x00,0x00,
    0x00,0x00,0x00,0x00,0x00,0x00,0x00,0x00,0x00,0x00,0x00,0x00,0x00,0x00,0x00,0x00,0x00,0x00,0x00,0x00,0x00,0x00,0x00,0x00,0x00,0x00,0x00,0x00,0x00,0x00,0x00,0x00,0x00,0x00,0x00,0x00,0x00,0x00,0x00,0x00,0x00,0x00,0x00,0x00,0x00,0x00,0x00,0x00,
    0x00,0x00,0x00,0x00,0x00,0x00,0x00,0x00,0x00,0x00,0x00,0x00,0x00,0x00,0x00,0x00,0x00,0x00,0x00,0x00,0x00,0x00,0x00,0x00,0xFF,0x00,0x00,0x00,0x00,0x00,0x00,0x00,0x00,0x00,0x00,0x00,0x00,0x00,0x00,0x00,0x00,0x00,0x00,0x00,0x00,0x00,0x00,0x00,
    0x00,0x00,0x00,0x00,0x00,0x00,0x00,0x00,0x00,0x00,0x00,0x00,0x00,0x00,0x00,0x00,0x00,0x00,0x00,0x00,0x00,0x00,0xFF,0xFF,0xFF,0xFF,0x00,0x00,0x00,0x00,0x00,0x00,0x00,0x00,0x00,0x00,0x00,0x00,0x00,0x00,0x00,0x00,0x00,0x00,0x00,0x00,0x00,0x00,
    0x00,0x00,0x00,0x00,0x00,0x00,0x00,0x00,0x00,0x00,0x00,0x00,0x00,0x00,0x00,0x00,0x00,0x00,0x00,0x00,0x00,0x00,0xFF,0xFF,0xFF,0xFF,0xFF,0x00,0x00,0x00,0x00,0x00,0x00,0x00,0x00,0x00,0x00,0x00,0x00,0x00,0x00,0x00,0x00,0x00,0x00,0x00,0x00,0x00,
    0x00,0x00,0x00,0x00,0x00,0x00,0x00,0x00,0x00,0x00,0x00,0x00,0x00,0x00,0x00,0x00,0x00,0x00,0x00,0x00,0x00,0x00,0xFF,0xFF,0xFF,0xFF,0xFF,0xFF,0x00,0x00,0x00,0x00,0x00,0x00,0x00,0x00,0x00,0x00,0x00,0x00,0x00,0x00,0x00,0x00,0x00,0x00,0x00,0x00,
    0x00,0x00,0x00,0x00,0x00,0x00,0x00,0x00,0x00,0x00,0x00,0x00,0x00,0x00,0x00,0x00,0x00,0x00,0x00,0x00,0x00,0x00,0xFF,0xFF,0xFF,0xFF,0xFF,0xFF,0xFF,0x00,0x00,0x00,0x00,0x00,0x00,0x00,0x00,0x00,0x00,0x00,0x00,0x00,0x00,0x00,0x00,0x00,0x00,0x00,
    0x00,0x00,0x00,0x00,0x00,0x00,0x00,0x00,0x00,0x00,0x00,0x00,0x00,0x00,0x00,0x00,0x00,0x00,0x00,0x00,0x00,0x00,0xFF,0xFF,0xFF,0xFF,0xFF,0xFF,0xFF,0xFF,0x00,0x00,0x00,0x00,0x00,0x00,0x00,0x00,0x00,0x00,0x00,0x00,0x00,0x00,0x00,0x00,0x00,0x00,
    0x00,0x00,0x00,0x00,0x00,0x00,0x00,0x00,0x00,0x00,0x00,0x00,0x00,0x00,0x00,0x00,0x00,0x00,0x00,0x00,0x00,0x00,0xFF,0xFF,0xFF,0x00,0xFF,0xFF,0xFF,0xFF,0xFF,0x00,0x00,0x00,0x00,0x00,0x00,0x00,0x00,0x00,0x00,0x00,0x00,0x00,0x00,0x00,0x00,0x00,
    0x00,0x00,0x00,0x00,0x00,0x00,0x00,0x00,0x00,0x00,0x00,0x00,0x00,0x00,0x00,0x00,0x00,0x00,0x00,0x00,0x00,0x00,0xFF,0xFF,0xFF,0x00,0x00,0xFF,0xFF,0xFF,0xFF,0xFF,0x00,0x00,0x00,0x00,0x00,0x00,0x00,0x00,0x00,0x00,0x00,0x00,0x00,0x00,0x00,0x00,
    0x00,0x00,0x00,0x00,0x00,0x00,0x00,0x00,0x00,0x00,0x00,0x00,0x00,0x00,0x00,0x00,0x00,0x00,0x00,0x00,0x00,0x00,0xFF,0xFF,0xFF,0x00,0x00,0x00,0xFF,0xFF,0xFF,0xFF,0xFF,0x00,0x00,0x00,0x00,0x00,0x00,0x00,0x00,0x00,0x00,0x00,0x00,0x00,0x00,0x00,
    0x00,0x00,0x00,0x00,0x00,0x00,0x00,0x00,0x00,0x00,0x00,0x00,0x00,0x00,0x00,0x00,0x00,0x00,0x00,0x00,0x00,0x00,0xFF,0xFF,0xFF,0x00,0x00,0x00,0x00,0xFF,0xFF,0xFF,0xFF,0xFF,0x00,0x00,0x00,0x00,0x00,0x00,0x00,0x00,0x00,0x00,0x00,0x00,0x00,0x00,
    0x00,0x00,0x00,0x00,0x00,0x00,0x00,0x00,0x00,0x00,0x00,0x00,0x00,0x00,0x00,0x00,0x00,0x00,0x00,0x00,0x00,0xFF,0xFF,0xFF,0xFF,0x00,0x00,0x00,0x00,0x00,0xFF,0xFF,0xFF,0xFF,0xFF,0x00,0x00,0x00,0x00,0x00,0x00,0x00,0x00,0x00,0x00,0x00,0x00,0x00,
    0x00,0x00,0x00,0x00,0x00,0x00,0x00,0x00,0x00,0x00,0x00,0x00,0x00,0x00,0x00,0x00,0x00,0x00,0x00,0x00,0xFF,0xFF,0xFF,0xFF,0xFF,0x00,0x00,0x00,0x00,0x00,0x00,0xFF,0xFF,0xFF,0xFF,0xFF,0x00,0x00,0x00,0x00,0x00,0x00,0x00,0x00,0x00,0x00,0x00,0x00,
    0x00,0x00,0x00,0x00,0x00,0x00,0x00,0x00,0x00,0x00,0x00,0x00,0x00,0x00,0x00,0x00,0x00,0x00,0x00,0xFF,0xFF,0xFF,0xFF,0xFF,0xFF,0x00,0x00,0x00,0x00,0x00,0x00,0x00,0xFF,0xFF,0xFF,0x00,0x00,0x00,0x00,0x00,0x00,0x00,0x00,0x00,0x00,0x00,0x00,0x00,
    0x00,0x00,0x00,0x00,0x00,0x00,0x00,0x00,0x00,0x00,0x00,0x00,0x00,0x00,0x00,0x00,0x00,0x00,0xFF,0xFF,0xFF,0xFF,0xFF,0xFF,0xFF,0x00,0x00,0x00,0x00,0x00,0x00,0xFF,0xFF,0xFF,0xFF,0xFF,0x00,0x00,0x00,0x00,0x00,0x00,0x00,0x00,0x00,0x00,0x00,0x00,
    0x00,0x00,0x00,0x00,0x00,0x00,0x00,0x00,0x00,0x00,0x00,0x00,0x00,0x00,0x00,0x00,0x00,0xFF,0xFF,0xFF,0xFF,0xFF,0xFF,0xFF,0xFF,0x00,0x00,0x00,0x00,0x00,0xFF,0xFF,0xFF,0xFF,0xFF,0x00,0x00,0x00,0x00,0x00,0x00,0x00,0x00,0x00,0x00,0x00,0x00,0x00,
    0x00,0x00,0x00,0x00,0x00,0x00,0x00,0x00,0x00,0x00,0x00,0x00,0x00,0x00,0x00,0x00,0xFF,0xFF,0xFF,0xFF,0xFF,0x00,0xFF,0xFF,0xFF,0x00,0x00,0x00,0x00,0xFF,0xFF,0xFF,0xFF,0xFF,0x00,0x00,0x00,0x00,0x00,0x00,0x00,0x00,0x00,0x00,0x00,0x00,0x00,0x00,
    0x00,0x00,0x00,0x00,0x00,0x00,0x00,0x00,0x00,0x00,0x00,0x00,0x00,0x00,0x00,0xFF,0xFF,0xFF,0xFF,0xFF,0x00,0x00,0xFF,0xFF,0xFF,0x00,0x00,0x00,0xFF,0xFF,0xFF,0xFF,0xFF,0x00,0x00,0x00,0x00,0x00,0x00,0x00,0x00,0x00,0x00,0x00,0x00,0x00,0x00,0x00,
    0x00,0x00,0x00,0x00,0x00,0x00,0x00,0x00,0x00,0x00,0x00,0x00,0x00,0x00,0xFF,0xFF,0xFF,0xFF,0xFF,0x00,0x00,0x00,0xFF,0xFF,0xFF,0x00,0x00,0xFF,0xFF,0xFF,0xFF,0xFF,0x00,0x00,0x00,0x00,0x00,0x00,0x00,0x00,0x00,0x00,0x00,0x00,0x00,0x00,0x00,0x00,
    0x00,0x00,0x00,0x00,0x00,0x00,0x00,0x00,0x00,0x00,0x00,0x00,0x00,0xFF,0xFF,0xFF,0xFF,0xFF,0x00,0x00,0x00,0x00,0xFF,0xFF,0xFF,0x00,0xFF,0xFF,0xFF,0xFF,0xFF,0x00,0x00,0x00,0x00,0x00,0x00,0x00,0x00,0x00,0x00,0x00,0x00,0x00,0x00,0x00,0x00,0x00,
    0x00,0x00,0x00,0x00,0x00,0x00,0x00,0x00,0x00,0x00,0x00,0x00,0xFF,0xFF,0xFF,0xFF,0xFF,0x00,0x00,0x00,0x00,0x00,0xFF,0xFF,0xFF,0xFF,0xFF,0xFF,0xFF,0xFF,0x00,0x00,0x00,0x00,0x00,0x00,0x00,0x00,0x00,0x00,0x00,0x00,0x00,0x00,0x00,0x00,0x00,0x00,
    0x00,0x00,0x00,0x00,0x00,0x00,0x00,0x00,0x00,0x00,0x00,0x00,0x00,0xFF,0xFF,0xFF,0x00,0x00,0x00,0x00,0x00,0x00,0xFF,0xFF,0xFF,0x00,0xFF,0xFF,0xFF,0x00,0x00,0x00,0x00,0x00,0x00,0x00,0x00,0x00,0x00,0x00,0x00,0x00,0x00,0x00,0x00,0x00,0x00,0x00,
    0x00,0x00,0x00,0x00,0x00,0x00,0x00,0x00,0x00,0x00,0x00,0x00,0xFF,0xFF,0xFF,0xFF,0xFF,0x00,0x00,0x00,0x00,0x00,0xFF,0xFF,0xFF,0xFF,0xFF,0xFF,0xFF,0xFF,0x00,0x00,0x00,0x00,0x00,0x00,0x00,0x00,0x00,0x00,0x00,0x00,0x00,0x00,0x00,0x00,0x00,0x00,
    0x00,0x00,0x00,0x00,0x00,0x00,0x00,0x00,0x00,0x00,0x00,0x00,0x00,0xFF,0xFF,0xFF,0xFF,0xFF,0x00,0x00,0x00,0x00,0xFF,0xFF,0xFF,0x00,0xFF,0xFF,0xFF,0xFF,0xFF,0x00,0x00,0x00,0x00,0x00,0x00,0x00,0x00,0x00,0x00,0x00,0x00,0x00,0x00,0x00,0x00,0x00,
    0x00,0x00,0x00,0x00,0x00,0x00,0x00,0x00,0x00,0x00,0x00,0x00,0x00,0x00,0xFF,0xFF,0xFF,0xFF,0xFF,0x00,0x00,0x00,0xFF,0xFF,0xFF,0x00,0x00,0xFF,0xFF,0xFF,0xFF,0xFF,0x00,0x00,0x00,0x00,0x00,0x00,0x00,0x00,0x00,0x00,0x00,0x00,0x00,0x00,0x00,0x00,
    0x00,0x00,0x00,0x00,0x00,0x00,0x00,0x00,0x00,0x00,0x00,0x00,0x00,0x00,0x00,0xFF,0xFF,0xFF,0xFF,0xFF,0xFF,0x00,0xFF,0xFF,0xFF,0x00,0x00,0x00,0xFF,0xFF,0xFF,0xFF,0x00,0x00,0x00,0x00,0x00,0x00,0x00,0x00,0x00,0x00,0x00,0x00,0x00,0x00,0x00,0x00,
    0x00,0x00,0x00,0x00,0x00,0x00,0x00,0x00,0x00,0x00,0x00,0x00,0x00,0x00,0x00,0x00,0xFF,0xFF,0xFF,0xFF,0xFF,0xFF,0xFF,0xFF,0xFF,0x00,0x00,0x00,0x00,0xFF,0xFF,0xFF,0xFF,0x00,0x00,0x00,0x00,0x00,0x00,0x00,0x00,0x00,0x00,0x00,0x00,0x00,0x00,0x00,
    0x00,0x00,0x00,0x00,0x00,0x00,0x00,0x00,0x00,0x00,0x00,0x00,0x00,0x00,0x00,0x00,0x00,0x00,0xFF,0xFF,0xFF,0xFF,0xFF,0xFF,0xFF,0x00,0x00,0x00,0x00,0xFF,0xFF,0xFF,0xFF,0xFF,0x00,0x00,0x00,0x00,0x00,0x00,0x00,0x00,0x00,0x00,0x00,0x00,0x00,0x00,
    0x00,0x00,0x00,0x00,0x00,0x00,0x00,0x00,0x00,0x00,0x00,0x00,0x00,0x00,0x00,0x00,0x00,0x00,0x00,0xFF,0xFF,0xFF,0xFF,0xFF,0xFF,0x00,0x00,0x00,0x00,0x00,0xFF,0xFF,0xFF,0xFF,0xFF,0x00,0x00,0x00,0x00,0x00,0x00,0x00,0x00,0x00,0x00,0x00,0x00,0x00,
    0x00,0x00,0x00,0x00,0x00,0x00,0x00,0x00,0x00,0x00,0x00,0x00,0x00,0x00,0x00,0x00,0x00,0x00,0x00,0x00,0xFF,0xFF,0xFF,0xFF,0xFF,0x00,0x00,0x00,0x00,0x00,0x00,0xFF,0xFF,0xFF,0xFF,0xFF,0x00,0x00,0x00,0x00,0x00,0x00,0x00,0x00,0x00,0x00,0x00,0x00,
    0x00,0x00,0x00,0x00,0x00,0x00,0x00,0x00,0x00,0x00,0x00,0x00,0x00,0x00,0x00,0x00,0x00,0x00,0x00,0x00,0x00,0xFF,0xFF,0xFF,0xFF,0x00,0x00,0x00,0x00,0x00,0x00,0x00,0xFF,0xFF,0xFF,0x00,0x00,0x00,0x00,0x00,0x00,0x00,0x00,0x00,0x00,0x00,0x00,0x00,
    0x00,0x00,0x00,0x00,0x00,0x00,0x00,0x00,0x00,0x00,0x00,0x00,0x00,0x00,0x00,0x00,0x00,0x00,0x00,0x00,0x00,0x00,0xFF,0xFF,0xFF,0x00,0x00,0x00,0x00,0x00,0x00,0xFF,0xFF,0xFF,0xFF,0xFF,0x00,0x00,0x00,0x00,0x00,0x00,0x00,0x00,0x00,0x00,0x00,0x00,
    0x00,0x00,0x00,0x00,0x00,0x00,0x00,0x00,0x00,0x00,0x00,0x00,0x00,0x00,0x00,0x00,0x00,0x00,0x00,0x00,0x00,0x00,0xFF,0xFF,0xFF,0x00,0x00,0x00,0x00,0x00,0xFF,0xFF,0xFF,0xFF,0xFF,0x00,0x00,0x00,0x00,0x00,0x00,0x00,0x00,0x00,0x00,0x00,0x00,0x00,
    0x00,0x00,0x00,0x00,0x00,0x00,0x00,0x00,0x00,0x00,0x00,0x00,0x00,0x00,0x00,0x00,0x00,0x00,0x00,0x00,0x00,0x00,0xFF,0xFF,0xFF,0x00,0x00,0x00,0x00,0xFF,0xFF,0xFF,0xFF,0xFF,0x00,0x00,0x00,0x00,0x00,0x00,0x00,0x00,0x00,0x00,0x00,0x00,0x00,0x00,
    0x00,0x00,0x00,0x00,0x00,0x00,0x00,0x00,0x00,0x00,0x00,0x00,0x00,0x00,0x00,0x00,0x00,0x00,0x00,0x00,0x00,0x00,0xFF,0xFF,0xFF,0x00,0x00,0x00,0xFF,0xFF,0xFF,0xFF,0xFF,0x00,0x00,0x00,0x00,0x00,0x00,0x00,0x00,0x00,0x00,0x00,0x00,0x00,0x00,0x00,
    0x00,0x00,0x00,0x00,0x00,0x00,0x00,0x00,0x00,0x00,0x00,0x00,0x00,0x00,0x00,0x00,0x00,0x00,0x00,0x00,0x00,0x00,0xFF,0xFF,0xFF,0x00,0x00,0xFF,0xFF,0xFF,0xFF,0xFF,0x00,0x00,0x00,0x00,0x00,0x00,0x00,0x00,0x00,0x00,0x00,0x00,0x00,0x00,0x00,0x00,
    0x00,0x00,0x00,0x00,0x00,0x00,0x00,0x00,0x00,0x00,0x00,0x00,0x00,0x00,0x00,0x00,0x00,0x00,0x00,0x00,0x00,0x00,0xFF,0xFF,0xFF,0x00,0xFF,0xFF,0xFF,0xFF,0xFF,0x00,0x00,0x00,0x00,0x00,0x00,0x00,0x00,0x00,0x00,0x00,0x00,0x00,0x00,0x00,0x00,0x00,
    0x00,0x00,0x00,0x00,0x00,0x00,0x00,0x00,0x00,0x00,0x00,0x00,0x00,0x00,0x00,0x00,0x00,0x00,0x00,0x00,0x00,0x00,0xFF,0xFF,0xFF,0xFF,0xFF,0xFF,0xFF,0xFF,0x00,0x00,0x00,0x00,0x00,0x00,0x00,0x00,0x00,0x00,0x00,0x00,0x00,0x00,0x00,0x00,0x00,0x00,
    0x00,0x00,0x00,0x00,0x00,0x00,0x00,0x00,0x00,0x00,0x00,0x00,0x00,0x00,0x00,0x00,0x00,0x00,0x00,0x00,0x00,0x00,0xFF,0xFF,0xFF,0xFF,0xFF,0xFF,0xFF,0x00,0x00,0x00,0x00,0x00,0x00,0x00,0x00,0x00,0x00,0x00,0x00,0x00,0x00,0x00,0x00,0x00,0x00,0x00,
    0x00,0x00,0x00,0x00,0x00,0x00,0x00,0x00,0x00,0x00,0x00,0x00,0x00,0x00,0x00,0x00,0x00,0x00,0x00,0x00,0x00,0x00,0xFF,0xFF,0xFF,0xFF,0xFF,0xFF,0x00,0x00,0x00,0x00,0x00,0x00,0x00,0x00,0x00,0x00,0x00,0x00,0x00,0x00,0x00,0x00,0x00,0x00,0x00,0x00,
    0x00,0x00,0x00,0x00,0x00,0x00,0x00,0x00,0x00,0x00,0x00,0x00,0x00,0x00,0x00,0x00,0x00,0x00,0x00,0x00,0x00,0x00,0xFF,0xFF,0xFF,0xFF,0xFF,0x00,0x00,0x00,0x00,0x00,0x00,0x00,0x00,0x00,0x00,0x00,0x00,0x00,0x00,0x00,0x00,0x00,0x00,0x00,0x00,0x00,
    0x00,0x00,0x00,0x00,0x00,0x00,0x00,0x00,0x00,0x00,0x00,0x00,0x00,0x00,0x00,0x00,0x00,0x00,0x00,0x00,0x00,0x00,0xFF,0xFF,0xFF,0xFF,0x00,0x00,0x00,0x00,0x00,0x00,0x00,0x00,0x00,0x00,0x00,0x00,0x00,0x00,0x00,0x00,0x00,0x00,0x00,0x00,0x00,0x00,
    0x00,0x00,0x00,0x00,0x00,0x00,0x00,0x00,0x00,0x00,0x00,0x00,0x00,0x00,0x00,0x00,0x00,0x00,0x00,0x00,0x00,0x00,0x00,0x00,0xFF,0x00,0x00,0x00,0x00,0x00,0x00,0x00,0x00,0x00,0x00,0x00,0x00,0x00,0x00,0x00,0x00,0x00,0x00,0x00,0x00,0x00,0x00,0x00,
    0x00,0x00,0x00,0x00,0x00,0x00,0x00,0x00,0x00,0x00,0x00,0x00,0x00,0x00,0x00,0x00,0x00,0x00,0x00,0x00,0x00,0x00,0x00,0x00,0x00,0x00,0x00,0x00,0x00,0x00,0x00,0x00,0x00,0x00,0x00,0x00,0x00,0x00,0x00,0x00,0x00,0x00,0x00,0x00,0x00,0x00,0x00,0x00,
    0x00,0x00,0x00,0x00,0x00,0x00,0x00,0x00,0x00,0x00,0x00,0x00,0x00,0x00,0x00,0x00,0x00,0x00,0x00,0x00,0x00,0x00,0x00,0x00,0x00,0x00,0x00,0x00,0x00,0x00,0x00,0x00,0x00,0x00,0x00,0x00,0x00,0x00,0x00,0x00,0x00,0x00,0x00,0x00,0x00,0x00,0x00,0x00,
    0x00,0x00,0x00,0x00,0x00,0x00,0x00,0x00,0x00,0x00,0x00,0x00,0x00,0x00,0x00,0x00,0x00,0x00,0x00,0x00,0x00,0x00,0x00,0x00,0x00,0x00,0x00,0x00,0x00,0x00,0x00,0x00,0x00,0x00,0x00,0x00,0x00,0x00,0x00,0x00,0x00,0x00,0x00,0x00,0x00,0x00,0x00,0x00
};

const lv_image_dsc_t key_icon_bluetooth = {
    .header = {
        .magic = LV_IMAGE_HEADER_MAGIC,
        .cf = LV_COLOR_FORMAT_L8,
        .flags = 0,
        .w = 48,
        .h = 48,
        .stride = 48,
        .reserved_2 = 0,
    },
    .data_size = sizeof(key_icon_bluetooth_map),
    .data = key_icon_bluetooth_map,
    .reserved = NULL,
};

static const uint8_t key_icon_battery_map[48 * 48] = {
    0x00,0x00,0x00,0x00,0x00,0x00,0x00,0x00,0x00,0x00,0x00,0x00,0x00,0x00,0x00,0x00,0x00,0x00,0x00,0x00,0x00,0x00,0x00,0x00,0x00,0x00,0x00,0x00,0x00,0x00,0x00,0x00,0x00,0x00,0x00,0x00,0x00,0x00,0x00,0x00,0x00,0x00,0x00,0x00,0x00,0x00,0x00,0x00,
    0x00,0x00,0x00,0x00,0x00,0x00,0x00,0x00,0x00,0x00,0x00,0x00,0x00,0x00,0x00,0x00,0x00,0x00,0x00,0x00,0x00,0x00,0x00,0x00,0x00,0x00,0x00,0x00,0x00,0x00,0x00,0x00,0x00,0x00,0x00,0x00,0x00,0x00,0x00,0x00,0x00,0x00,0x00,0x00,0x00,0x00,0x00,0x00,
    0x00,0x00,0x00,0x00,0x00,0x00,0x00,0x00,0x00,0x00,0x00,0x00,0x00,0x00,0x00,0x00,0x00,0x00,0x00,0x00,0x00,0x00,0x00,0x00,0x00,0x00,0x00,0x00,0x00,0x00,0x00,0x00,0x00,0x00,0x00,0x00,0x00,0x00,0x00,0x00,0x00,0x00,0x00,0x00,0x00,0x00,0x00,0x00,
    0x00,0x00,0x00,0x00,0x00,0x00,0x00,0x00,0x00,0x00,0x00,0x00,0x00,0x00,0x00,0x00,0x00,0x00,0x00,0x00,0x00,0x00,0x00,0x00,0x00,0x00,0x00,0x00,0x00,0x00,0x00,0x00,0x00,0x00,0x00,0x00,0x00,0x00,0x00,0x00,0x00,0x00,0x00,0x00,0x00,0x00,0x00,0x00,
    0x00,0x00,0x00,0x00,0x00,0x00,0x00,0x00,0x00,0x00,0x00,0x00,0x00,0x00,0x00,0x00,0x00,0x00,0x00,0x00,0x00,0x00,0x00,0x00,0x00,0x00,0x00,0x00,0x00,0x00,0x00,0x00,0x00,0x00,0x00,0x00,0x00,0x00,0x00,0x00,0x00,0x00,0x00,0x00,0x00,0x00,0x00,0x00,
    0x00,0x00,0x00,0x00,0x00,0x00,0x00,0x00,0x00,0x00,0x00,0x00,0x00,0x00,0x00,0x00,0x00,0x00,0x00,0x00,0x00,0x00,0x00,0x00,0x00,0x00,0x00,0x00,0x00,0x00,0x00,0x00,0x00,0x00,0x00,0x00,0x00,0x00,0x00,0x00,0x00,0x00,0x00,0x00,0x00,0x00,0x00,0x00,
    0x00,0x00,0x00,0x00,0x00,0x00,0x00,0x00,0x00,0x00,0x00,0x00,0x00,0x00,0x00,0x00,0x00,0x00,0x00,0x00,0x00,0x00,0x00,0x00,0x00,0x00,0x00,0x00,0x00,0x00,0x00,0x00,0x00,0x00,0x00,0x00,0x00,0x00,0x00,0x00,0x00,0x00,0x00,0x00,0x00,0x00,0x00,0x00,
    0x00,0x00,0x00,0x00,0x00,0x00,0x00,0x00,0x00,0x00,0x00,0x00,0x00,0x00,0x00,0x00,0x00,0x00,0x00,0x00,0x00,0x00,0x00,0x00,0x00,0x00,0x00,0x00,0x00,0x00,0x00,0x00,0x00,0x00,0x00,0x00,0x00,0x00,0x00,0x00,0x00,0x00,0x00,0x00,0x00,0x00,0x00,0x00,
    0x00,0x00,0x00,0x00,0x00,0x00,0x00,0x00,0x00,0x00,0x00,0x00,0x00,0x00,0x00,0x00,0x00,0x00,0x00,0x00,0x00,0x00,0x00,0x00,0x00,0x00,0x00,0x00,0x00,0x00,0x00,0x00,0x00,0x00,0x00,0x00,0x00,0x00,0x00,0x00,0x00,0x00,0x00,0x00,0x00,0x00,0x00,0x00,
    0x00,0x00,0x00,0x00,0x00,0x00,0x00,0x00,0x00,0x00,0x00,0x00,0x00,0x00,0x00,0x00,0x00,0x00,0x00,0x00,0x00,0x00,0x00,0x00,0x00,0x00,0x00,0x00,0x00,0x00,0x00,0x00,0x00,0x00,0x00,0x00,0x00,0x00,0x00,0x00,0x00,0x00,0x00,0x00,0x00,0x00,0x00,0x00,
    0x00,0x00,0x00,0x00,0x00,0x00,0x00,0x00,0x00,0x00,0x00,0x00,0x00,0x00,0x00,0x00,0x00,0x00,0x00,0x00,0x00,0x00,0x00,0x00,0x00,0x00,0x00,0x00,0x00,0x00,0x00,0x00,0x00,0x00,0x00,0x00,0x00,0x00,0x00,0x00,0x00,0x00,0x00,0x00,0x00,0x00,0x00,0x00,
    0x00,0x00,0x00,0x00,0x00,0x00,0x00,0x00,0x00,0x00,0x00,0x00,0x00,0x00,0x00,0x00,0x00,0x00,0x00,0x00,0x00,0x00,0x00,0x00,0x00,0x00,0x00,0x00,0x00,0x00,0x00,0x00,0x00,0x00,0x00,0x00,0x00,0x00,0x00,0x00,0x00,0x00,0x00,0x00,0x00,0x00,0x00,0x00,
    0x00,0x00,0x00,0x00,0x00,0x00,0x00,0x00,0x00,0x00,0x00,0x00,0x00,0x00,0x00,0x00,0x00,0x00,0x00,0x00,0x00,0x00,0x00,0x00,0x00,0x00,0x00,0x00,0x00,0x00,0x00,0x00,0x00,0x00,0x00,0x00,0x00,0x00,0x00,0x00,0x00,0x00,0x00,0x00,0x00,0x00,0x00,0x00,
    0x00,0x00,0x00,0x00,0x00,0x00,0x00,0x00,0xFF,0xFF,0xFF,0xFF,0xFF,0xFF,0xFF,0xFF,0xFF,0xFF,0xFF,0xFF,0xFF,0xFF,0xFF,0xFF,0xFF,0xFF,0xFF,0xFF,0xFF,0xFF,0xFF,0xFF,0xFF,0xFF,0xFF,0xFF,0xFF,0xFF,0xFF,0x00,0x00,0x00,0x00,0x00,0x00,0x00,0x00,0x00,
    0x00,0x00,0x00,0x00,0x00,0x00,0x00,0xFF,0xFF,0xFF,0xFF,0xFF,0xFF,0xFF,0xFF,0xFF,0xFF,0xFF,0xFF,0xFF,0xFF,0xFF,0xFF,0xFF,0xFF,0xFF,0xFF,0xFF,0xFF,0xFF,0xFF,0xFF,0xFF,0xFF,0xFF,0xFF,0xFF,0xFF,0xFF,0xFF,0x00,0x00,0x00,0x00,0x00,0x00,0x00,0x00,
    0x00,0x00,0x00,0x00,0x00,0x00,0x00,0xFF,0xFF,0xFF,0xFF,0xFF,0xFF,0xFF,0xFF,0xFF,0xFF,0xFF,0xFF,0xFF,0xFF,0xFF,0xFF,0xFF,0xFF,0xFF,0xFF,0xFF,0xFF,0xFF,0xFF,0xFF,0xFF,0xFF,0xFF,0xFF,0xFF,0xFF,0xFF,0xFF,0x00,0x00,0x00,0x00,0x00,0x00,0x00,0x00,
    0x00,0x00,0x00,0x00,0x00,0x00,0x00,0xFF,0xFF,0xFF,0x00,0x00,0x00,0x00,0x00,0x00,0x00,0x00,0x00,0x00,0x00,0x00,0x00,0x00,0x00,0x00,0x00,0x00,0x00,0x00,0x00,0x00,0x00,0x00,0x00,0x00,0x00,0xFF,0xFF,0xFF,0x00,0x00,0x00,0x00,0x00,0x00,0x00,0x00,
    0x00,0x00,0x00,0x00,0x00,0x00,0x00,0xFF,0xFF,0xFF,0x00,0xFF,0xFF,0xFF,0xFF,0xFF,0xFF,0xFF,0xFF,0xFF,0xFF,0xFF,0xFF,0xFF,0xFF,0xFF,0xFF,0xFF,0xFF,0xFF,0xFF,0x00,0x00,0x00,0x00,0x00,0x00,0xFF,0xFF,0xFF,0x00,0x00,0x00,0x00,0x00,0x00,0x00,0x00,
    0x00,0x00,0x00,0x00,0x00,0x00,0x00,0xFF,0xFF,0xFF,0x00,0xFF,0xFF,0xFF,0xFF,0xFF,0xFF,0xFF,0xFF,0xFF,0xFF,0xFF,0xFF,0xFF,0xFF,0xFF,0xFF,0xFF,0xFF,0xFF,0xFF,0x00,0x00,0x00,0x00,0x00,0x00,0xFF,0xFF,0xFF,0x00,0x00,0x00,0x00,0x00,0x00,0x00,0x00,
    0x00,0x00,0x00,0x00,0x00,0x00,0x00,0xFF,0xFF,0xFF,0x00,0xFF,0xFF,0xFF,0xFF,0xFF,0xFF,0xFF,0xFF,0xFF,0xFF,0xFF,0xFF,0xFF,0xFF,0xFF,0xFF,0xFF,0xFF,0xFF,0xFF,0x00,0x00,0x00,0x00,0x00,0x00,0xFF,0xFF,0xFF,0x00,0x00,0x00,0x00,0x00,0x00,0x00,0x00,
    0x00,0x00,0x00,0x00,0x00,0x00,0x00,0xFF,0xFF,0xFF,0x00,0xFF,0xFF,0xFF,0xFF,0xFF,0xFF,0xFF,0xFF,0xFF,0xFF,0xFF,0xFF,0xFF,0xFF,0xFF,0xFF,0xFF,0xFF,0xFF,0xFF,0x00,0x00,0x00,0x00,0x00,0x00,0xFF,0xFF,0xFF,0xFF,0xFF,0xFF,0xFF,0x00,0x00,0x00,0x00,
    0x00,0x00,0x00,0x00,0x00,0x00,0x00,0xFF,0xFF,0xFF,0x00,0xFF,0xFF,0xFF,0xFF,0xFF,0xFF,0xFF,0xFF,0xFF,0xFF,0xFF,0xFF,0xFF,0xFF,0xFF,0xFF,0xFF,0xFF,0xFF,0xFF,0x00,0x00,0x00,0x00,0x00,0x00,0xFF,0xFF,0xFF,0xFF,0xFF,0xFF,0xFF,0x00,0x00,0x00,0x00,
    0x00,0x00,0x00,0x00,0x00,0x00,0x00,0xFF,0xFF,0xFF,0x00,0xFF,0xFF,0xFF,0xFF,0xFF,0xFF,0xFF,0xFF,0xFF,0xFF,0xFF,0xFF,0xFF,0xFF,0xFF,0xFF,0xFF,0xFF,0xFF,0xFF,0x00,0x00,0x00,0x00,0x00,0x00,0xFF,0xFF,0xFF,0xFF,0xFF,0xFF,0xFF,0x00,0x00,0x00,0x00,
    0x00,0x00,0x00,0x00,0x00,0x00,0x00,0xFF,0xFF,0xFF,0x00,0xFF,0xFF,0xFF,0xFF,0xFF,0xFF,0xFF,0xFF,0xFF,0xFF,0xFF,0xFF,0xFF,0xFF,0xFF,0xFF,0xFF,0xFF,0xFF,0xFF,0x00,0x00,0x00,0x00,0x00,0x00,0xFF,0xFF,0xFF,0xFF,0xFF,0xFF,0xFF,0x00,0x00,0x00,0x00,
    0x00,0x00,0x00,0x00,0x00,0x00,0x00,0xFF,0xFF,0xFF,0x00,0xFF,0xFF,0xFF,0xFF,0xFF,0xFF,0xFF,0xFF,0xFF,0xFF,0xFF,0xFF,0xFF,0xFF,0xFF,0xFF,0xFF,0xFF,0xFF,0xFF,0x00,0x00,0x00,0x00,0x00,0x00,0xFF,0xFF,0xFF,0xFF,0xFF,0xFF,0xFF,0x00,0x00,0x00,0x00,
    0x00,0x00,0x00,0x00,0x00,0x00,0x00,0xFF,0xFF,0xFF,0x00,0xFF,0xFF,0xFF,0xFF,0xFF,0xFF,0xFF,0xFF,0xFF,0xFF,0xFF,0xFF,0xFF,0xFF,0xFF,0xFF,0xFF,0xFF,0xFF,0xFF,0x00,0x00,0x00,0x00,0x00,0x00,0xFF,0xFF,0xFF,0xFF,0xFF,0xFF,0xFF,0x00,0x00,0x00,0x00,
    0x00,0x00,0x00,0x00,0x00,0x00,0x00,0xFF,0xFF,0xFF,0x00,0xFF,0xFF,0xFF,0xFF,0xFF,0xFF,0xFF,0xFF,0xFF,0xFF,0xFF,0xFF,0xFF,0xFF,0xFF,0xFF,0xFF,0xFF,0xFF,0xFF,0x00,0x00,0x00,0x00,0x00,0x00,0xFF,0xFF,0xFF,0xFF,0xFF,0xFF,0xFF,0x00,0x00,0x00,0x00,
    0x00,0x00,0x00,0x00,0x00,0x00,0x00,0xFF,0xFF,0xFF,0x00,0xFF,0xFF,0xFF,0xFF,0xFF,0xFF,0xFF,0xFF,0xFF,0xFF,0xFF,0xFF,0xFF,0xFF,0xFF,0xFF,0xFF,0xFF,0xFF,0xFF,0x00,0x00,0x00,0x00,0x00,0x00,0xFF,0xFF,0xFF,0xFF,0xFF,0xFF,0xFF,0x00,0x00,0x00,0x00,
    0x00,0x00,0x00,0x00,0x00,0x00,0x00,0xFF,0xFF,0xFF,0x00,0xFF,0xFF,0xFF,0xFF,0xFF,0xFF,0xFF,0xFF,0xFF,0xFF,0xFF,0xFF,0xFF,0xFF,0xFF,0xFF,0xFF,0xFF,0xFF,0xFF,0x00,0x00,0x00,0x00,0x00,0x00,0xFF,0xFF,0xFF,0x00,0x00,0x00,0x00,0x00,0x00,0x00,0x00,
    0x00,0x00,0x00,0x00,0x00,0x00,0x00,0xFF,0xFF,0xFF,0x00,0xFF,0xFF,0xFF,0xFF,0xFF,0xFF,0xFF,0xFF,0xFF,0xFF,0xFF,0xFF,0xFF,0xFF,0xFF,0xFF,0xFF,0xFF,0xFF,0xFF,0x00,0x00,0x00,0x00,0x00,0x00,0xFF,0xFF,0xFF,0x00,0x00,0x00,0x00,0x00,0x00,0x00,0x00,
    0x00,0x00,0x00,0x00,0x00,0x00,0x00,0xFF,0xFF,0xFF,0x00,0xFF,0xFF,0xFF,0xFF,0xFF,0xFF,0xFF,0xFF,0xFF,0xFF,0xFF,0xFF,0xFF,0xFF,0xFF,0xFF,0xFF,0xFF,0xFF,0xFF,0x00,0x00,0x00,0x00,0x00,0x00,0xFF,0xFF,0xFF,0x00,0x00,0x00,0x00,0x00,0x00,0x00,0x00,
    0x00,0x00,0x00,0x00,0x00,0x00,0x00,0xFF,0xFF,0xFF,0x00,0x00,0x00,0x00,0x00,0x00,0x00,0x00,0x00,0x00,0x00,0x00,0x00,0x00,0x00,0x00,0x00,0x00,0x00,0x00,0x00,0x00,0x00,0x00,0x00,0x00,0x00,0xFF,0xFF,0xFF,0x00,0x00,0x00,0x00,0x00,0x00,0x00,0x00,
    0x00,0x00,0x00,0x00,0x00,0x00,0x00,0xFF,0xFF,0xFF,0x00,0x00,0x00,0x00,0x00,0x00,0x00,0x00,0x00,0x00,0x00,0x00,0x00,0x00,0x00,0x00,0x00,0x00,0x00,0x00,0x00,0x00,0x00,0x00,0x00,0x00,0x00,0xFF,0xFF,0xFF,0x00,0x00,0x00,0x00,0x00,0x00,0x00,0x00,
    0x00,0x00,0x00,0x00,0x00,0x00,0x00,0xFF,0xFF,0xFF,0xFF,0xFF,0xFF,0xFF,0xFF,0xFF,0xFF,0xFF,0xFF,0xFF,0xFF,0xFF,0xFF,0xFF,0xFF,0xFF,0xFF,0xFF,0xFF,0xFF,0xFF,0xFF,0xFF,0xFF,0xFF,0xFF,0xFF,0xFF,0xFF,0xFF,0x00,0x00,0x00,0x00,0x00,0x00,0x00,0x00,
    0x00,0x00,0x00,0x00,0x00,0x00,0x00,0xFF,0xFF,0xFF,0xFF,0xFF,0xFF,0xFF,0xFF,0xFF,0xFF,0xFF,0xFF,0xFF,0xFF,0xFF,0xFF,0xFF,0xFF,0xFF,0xFF,0xFF,0xFF,0xFF,0xFF,0xFF,0xFF,0xFF,0xFF,0xFF,0xFF,0xFF,0xFF,0x00,0x00,0x00,0x00,0x00,0x00,0x00,0x00,0x00,
    0x00,0x00,0x00,0x00,0x00,0x00,0x00,0x00,0xFF,0xFF,0xFF,0xFF,0xFF,0xFF,0xFF,0xFF,0xFF,0xFF,0xFF,0xFF,0xFF,0xFF,0xFF,0xFF,0xFF,0xFF,0xFF,0xFF,0xFF,0xFF,0xFF,0xFF,0xFF,0xFF,0xFF,0xFF,0xFF,0xFF,0x00,0x00,0x00,0x00,0x00,0x00,0x00,0x00,0x00,0x00,
    0x00,0x00,0x00,0x00,0x00,0x00,0x00,0x00,0x00,0x00,0x00,0x00,0x00,0x00,0x00,0x00,0x00,0x00,0x00,0x00,0x00,0x00,0x00,0x00,0x00,0x00,0x00,0x00,0x00,0x00,0x00,0x00,0x00,0x00,0x00,0x00,0x00,0x00,0x00,0x00,0x00,0x00,0x00,0x00,0x00,0x00,0x00,0x00,
    0x00,0x00,0x00,0x00,0x00,0x00,0x00,0x00,0x00,0x00,0x00,0x00,0x00,0x00,0x00,0x00,0x00,0x00,0x00,0x00,0x00,0x00,0x00,0x00,0x00,0x00,0x00,0x00,0x00,0x00,0x00,0x00,0x00,0x00,0x00,0x00,0x00,0x00,0x00,0x00,0x00,0x00,0x00,0x00,0x00,0x00,0x00,0x00,
    0x00,0x00,0x00,0x00,0x00,0x00,0x00,0x00,0x00,0x00,0x00,0x00,0x00,0x00,0x00,0x00,0x00,0x00,0x00,0x00,0x00,0x00,0x00,0x00,0x00,0x00,0x00,0x00,0x00,0x00,0x00,0x00,0x00,0x00,0x00,0x00,0x00,0x00,0x00,0x00,0x00,0x00,0x00,0x00,0x00,0x00,0x00,0x00,
    0x00,0x00,0x00,0x00,0x00,0x00,0x00,0x00,0x00,0x00,0x00,0x00,0x00,0x00,0x00,0x00,0x00,0x00,0x00,0x00,0x00,0x00,0x00,0x00,0x00,0x00,0x00,0x00,0x00,0x00,0x00,0x00,0x00,0x00,0x00,0x00,0x00,0x00,0x00,0x00,0x00,0x00,0x00,0x00,0x00,0x00,0x00,0x00,
    0x00,0x00,0x00,0x00,0x00,0x00,0x00,0x00,0x00,0x00,0x00,0x00,0x00,0x00,0x00,0x00,0x00,0x00,0x00,0x00,0x00,0x00,0x00,0x00,0x00,0x00,0x00,0x00,0x00,0x00,0x00,0x00,0x00,0x00,0x00,0x00,0x00,0x00,0x00,0x00,0x00,0x00,0x00,0x00,0x00,0x00,0x00,0x00,
    0x00,0x00,0x00,0x00,0x00,0x00,0x00,0x00,0x00,0x00,0x00,0x00,0x00,0x00,0x00,0x00,0x00,0x00,0x00,0x00,0x00,0x00,0x00,0x00,0x00,0x00,0x00,0x00,0x00,0x00,0x00,0x00,0x00,0x00,0x00,0x00,0x00,0x00,0x00,0x00,0x00,0x00,0x00,0x00,0x00,0x00,0x00,0x00,
    0x00,0x00,0x00,0x00,0x00,0x00,0x00,0x00,0x00,0x00,0x00,0x00,0x00,0x00,0x00,0x00,0x00,0x00,0x00,0x00,0x00,0x00,0x00,0x00,0x00,0x00,0x00,0x00,0x00,0x00,0x00,0x00,0x00,0x00,0x00,0x00,0x00,0x00,0x00,0x00,0x00,0x00,0x00,0x00,0x00,0x00,0x00,0x00,
    0x00,0x00,0x00,0x00,0x00,0x00,0x00,0x00,0x00,0x00,0x00,0x00,0x00,0x00,0x00,0x00,0x00,0x00,0x00,0x00,0x00,0x00,0x00,0x00,0x00,0x00,0x00,0x00,0x00,0x00,0x00,0x00,0x00,0x00,0x00,0x00,0x00,0x00,0x00,0x00,0x00,0x00,0x00,0x00,0x00,0x00,0x00,0x00,
    0x00,0x00,0x00,0x00,0x00,0x00,0x00,0x00,0x00,0x00,0x00,0x00,0x00,0x00,0x00,0x00,0x00,0x00,0x00,0x00,0x00,0x00,0x00,0x00,0x00,0x00,0x00,0x00,0x00,0x00,0x00,0x00,0x00,0x00,0x00,0x00,0x00,0x00,0x00,0x00,0x00,0x00,0x00,0x00,0x00,0x00,0x00,0x00,
    0x00,0x00,0x00,0x00,0x00,0x00,0x00,0x00,0x00,0x00,0x00,0x00,0x00,0x00,0x00,0x00,0x00,0x00,0x00,0x00,0x00,0x00,0x00,0x00,0x00,0x00,0x00,0x00,0x00,0x00,0x00,0x00,0x00,0x00,0x00,0x00,0x00,0x00,0x00,0x00,0x00,0x00,0x00,0x00,0x00,0x00,0x00,0x00,
    0x00,0x00,0x00,0x00,0x00,0x00,0x00,0x00,0x00,0x00,0x00,0x00,0x00,0x00,0x00,0x00,0x00,0x00,0x00,0x00,0x00,0x00,0x00,0x00,0x00,0x00,0x00,0x00,0x00,0x00,0x00,0x00,0x00,0x00,0x00,0x00,0x00,0x00,0x00,0x00,0x00,0x00,0x00,0x00,0x00,0x00,0x00,0x00,
    0x00,0x00,0x00,0x00,0x00,0x00,0x00,0x00,0x00,0x00,0x00,0x00,0x00,0x00,0x00,0x00,0x00,0x00,0x00,0x00,0x00,0x00,0x00,0x00,0x00,0x00,0x00,0x00,0x00,0x00,0x00,0x00,0x00,0x00,0x00,0x00,0x00,0x00,0x00,0x00,0x00,0x00,0x00,0x00,0x00,0x00,0x00,0x00
};

const lv_image_dsc_t key_icon_battery = {
    .header = {
        .magic = LV_IMAGE_HEADER_MAGIC,
        .cf = LV_COLOR_FORMAT_L8,
        .flags = 0,
        .w = 48,
        .h = 48,
        .stride = 48,
        .reserved_2 = 0,
    },
    .data_size = sizeof(key_icon_battery_map),
    .data = key_icon_battery_map,
    .reserved = NULL,
};

static const uint8_t key_icon_check_map[48 * 48] = {
    0x00,0x00,0x00,0x00,0x00,0x00,0x00,0x00,0x00,0x00,0x00,0x00,0x00,0x00,0x00,0x00,0x00,0x00,0x00,0x00,0x00,0x00,0x00,0x00,0x00,0x00,0x00,0x00,0x00,0x00,0x00,0x00,0x00,0x00,0x00,0x00,0x00,0x00,0x00,0x00,0x00,0x00,0x00,0x00,0x00,0x00,0x00,0x00,
    0x00,0x00,0x00,0x00,0x00,0x00,0x00,0x00,0x00,0x00,0x00,0x00,0x00,0x00,0x00,0x00,0x00,0x00,0x00,0x00,0x00,0x00,0x00,0x00,0x00,0x00,0x00,0x00,0x00,0x00,0x00,0x00,0x00,0x00,0x00,0x00,0x00,0x00,0x00,0x00,0x00,0x00,0x00,0x00,0x00,0x00,0x00,0x00,
    0x00,0x00,0x00,0x00,0x00,0x00,0x00,0x00,0x00,0x00,0x00,0x00,0x00,0x00,0x00,0x00,0x00,0x00,0x00,0x00,0x00,0x00,0x00,0x00,0x00,0x00,0x00,0x00,0x00,0x00,0x00,0x00,0x00,0x00,0x00,0x00,0x00,0x00,0x00,0x00,0x00,0x00,0x00,0x00,0x00,0x00,0x00,0x00,
    0x00,0x00,0x00,0x00,0x00,0x00,0x00,0x00,0x00,0x00,0x00,0x00,0x00,0x00,0x00,0x00,0x00,0x00,0x00,0x00,0x00,0x00,0x00,0x00,0x00,0x00,0x00,0x00,0x00,0x00,0x00,0x00,0x00,0x00,0x00,0x00,0x00,0x00,0x00,0x00,0x00,0x00,0x00,0x00,0x00,0x00,0x00,0x00,
    0x00,0x00,0x00,0x00,0x00,0x00,0x00,0x00,0x00,0x00,0x00,0x00,0x00,0x00,0x00,0x00,0x00,0x00,0x00,0x00,0x00,0x00,0x00,0x00,0x00,0x00,0x00,0x00,0x00,0x00,0x00,0x00,0x00,0x00,0x00,0x00,0x00,0x00,0x00,0x00,0x00,0x00,0x00,0x00,0x00,0x00,0x00,0x00,
    0x00,0x00,0x00,0x00,0x00,0x00,0x00,0x00,0x00,0x00,0x00,0x00,0x00,0x00,0x00,0x00,0x00,0x00,0x00,0x00,0x00,0x00,0x00,0x00,0x00,0x00,0x00,0x00,0x00,0x00,0x00,0x00,0x00,0x00,0x00,0x00,0x00,0x00,0x00,0x00,0x00,0x00,0x00,0x00,0x00,0x00,0x00,0x00,
    0x00,0x00,0x00,0x00,0x00,0x00,0x00,0x00,0x00,0x00,0x00,0x00,0x00,0x00,0x00,0x00,0x00,0x00,0x00,0x00,0x00,0x00,0x00,0x00,0x00,0x00,0x00,0x00,0x00,0x00,0x00,0x00,0x00,0x00,0x00,0x00,0x00,0x00,0x00,0x00,0x00,0x00,0x00,0x00,0x00,0x00,0x00,0x00,
    0x00,0x00,0x00,0x00,0x00,0x00,0x00,0x00,0x00,0x00,0x00,0x00,0x00,0x00,0x00,0x00,0x00,0x00,0x00,0x00,0x00,0x00,0x00,0x00,0x00,0x00,0x00,0x00,0x00,0x00,0x00,0x00,0x00,0x00,0x00,0x00,0x00,0x00,0x00,0x00,0x00,0x00,0x00,0x00,0x00,0x00,0x00,0x00,
    0x00,0x00,0x00,0x00,0x00,0x00,0x00,0x00,0x00,0x00,0x00,0x00,0x00,0x00,0x00,0x00,0x00,0x00,0x00,0x00,0x00,0x00,0x00,0x00,0x00,0x00,0x00,0x00,0x00,0x00,0x00,0x00,0x00,0x00,0x00,0x00,0x00,0x00,0x00,0x00,0x00,0x00,0x00,0x00,0x00,0x00,0x00,0x00,
    0x00,0x00,0x00,0x00,0x00,0x00,0x00,0x00,0x00,0x00,0x00,0x00,0x00,0x00,0x00,0x00,0x00,0x00,0x00,0x00,0x00,0x00,0x00,0x00,0x00,0x00,0x00,0x00,0x00,0x00,0x00,0x00,0x00,0x00,0x00,0x00,0x00,0x00,0x00,0x00,0x00,0x00,0x00,0x00,0x00,0x00,0x00,0x00,
    0x00,0x00,0x00,0x00,0x00,0x00,0x00,0x00,0x00,0x00,0x00,0x00,0x00,0x00,0x00,0x00,0x00,0x00,0x00,0x00,0x00,0x00,0x00,0x00,0x00,0x00,0x00,0x00,0x00,0x00,0x00,0x00,0x00,0x00,0x00,0x00,0x00,0x00,0x00,0x00,0x00,0x00,0x00,0x00,0x00,0x00,0x00,0x00,
    0x00,0x00,0x00,0x00,0x00,0x00,0x00,0x00,0x00,0x00,0x00,0x00,0x00,0x00,0x00,0x00,0x00,0x00,0x00,0x00,0x00,0x00,0x00,0x00,0x00,0x00,0x00,0x00,0x00,0x00,0x00,0x00,0x00,0x00,0x00,0x00,0x00,0x00,0x00,0x00,0x00,0x00,0x00,0x00,0x00,0x00,0x00,0x00,
    0x00,0x00,0x00,0x00,0x00,0x00,0x00,0x00,0x00,0x00,0x00,0x00,0x00,0x00,0x00,0x00,0x00,0x00,0x00,0x00,0x00,0x00,0x00,0x00,0x00,0x00,0x00,0x00,0x00,0x00,0x00,0x00,0x00,0x00,0x00,0x00,0x00,0xFF,0x00,0x00,0x00,0x00,0x00,0x00,0x00,0x00,0x00,0x00,
    0x00,0x00,0x00,0x00,0x00,0x00,0x00,0x00,0x00,0x00,0x00,0x00,0x00,0x00,0x00,0x00,0x00,0x00,0x00,0x00,0x00,0x00,0x00,0x00,0x00,0x00,0x00,0x00,0x00,0x00,0x00,0x00,0x00,0x00,0x00,0x00,0xFF,0xFF,0xFF,0x00,0x00,0x00,0x00,0x00,0x00,0x00,0x00,0x00,
    0x00,0x00,0x00,0x00,0x00,0x00,0x00,0x00,0x00,0x00,0x00,0x00,0x00,0x00,0x00,0x00,0x00,0x00,0x00,0x00,0x00,0x00,0x00,0x00,0x00,0x00,0x00,0x00,0x00,0x00,0x00,0x00,0x00,0x00,0x00,0xFF,0xFF,0xFF,0xFF,0xFF,0x00,0x00,0x00,0x00,0x00,0x00,0x00,0x00,
    0x00,0x00,0x00,0x00,0x00,0x00,0x00,0x00,0x00,0x00,0x00,0x00,0x00,0x00,0x00,0x00,0x00,0x00,0x00,0x00,0x00,0x00,0x00,0x00,0x00,0x00,0x00,0x00,0x00,0x00,0x00,0x00,0x00,0x00,0xFF,0xFF,0xFF,0xFF,0xFF,0x00,0x00,0x00,0x00,0x00,0x00,0x00,0x00,0x00,
    0x00,0x00,0x00,0x00,0x00,0x00,0x00,0x00,0x00,0x00,0x00,0x00,0x00,0x00,0x00,0x00,0x00,0x00,0x00,0x00,0x00,0x00,0x00,0x00,0x00,0x00,0x00,0x00,0x00,0x00,0x00,0x00,0x00,0xFF,0xFF,0xFF,0xFF,0xFF,0x00,0x00,0x00,0x00,0x00,0x00,0x00,0x00,0x00,0x00,
    0x00,0x00,0x00,0x00,0x00,0x00,0x00,0x00,0x00,0x00,0x00,0x00,0x00,0x00,0x00,0x00,0x00,0x00,0x00,0x00,0x00,0x00,0x00,0x00,0x00,0x00,0x00,0x00,0x00,0x00,0x00,0x00,0xFF,0xFF,0xFF,0xFF,0xFF,0x00,0x00,0x00,0x00,0x00,0x00,0x00,0x00,0x00,0x00,0x00,
    0x00,0x00,0x00,0x00,0x00,0x00,0x00,0x00,0x00,0x00,0x00,0x00,0x00,0x00,0x00,0x00,0x00,0x00,0x00,0x00,0x00,0x00,0x00,0x00,0x00,0x00,0x00,0x00,0x00,0x00,0x00,0x00,0xFF,0xFF,0xFF,0xFF,0x00,0x00,0x00,0x00,0x00,0x00,0x00,0x00,0x00,0x00,0x00,0x00,
    0x00,0x00,0x00,0x00,0x00,0x00,0x00,0x00,0x00,0x00,0x00,0x00,0x00,0x00,0x00,0x00,0x00,0x00,0x00,0x00,0x00,0x00,0x00,0x00,0x00,0x00,0x00,0x00,0x00,0x00,0x00,0xFF,0xFF,0xFF,0xFF,0x00,0x00,0x00,0x00,0x00,0x00,0x00,0x00,0x00,0x00,0x00,0x00,0x00,
    0x00,0x00,0x00,0x00,0x00,0x00,0x00,0x00,0x00,0x00,0x00,0x00,0x00,0x00,0x00,0x00,0x00,0x00,0x00,0x00,0x00,0x00,0x00,0x00,0x00,0x00,0x00,0x00,0x00,0x00,0xFF,0xFF,0xFF,0xFF,0xFF,0x00,0x00,0x00,0x00,0x00,0x00,0x00,0x00,0x00,0x00,0x00,0x00,0x00,
    0x00,0x00,0x00,0x00,0x00,0x00,0x00,0x00,0x00,0x00,0x00,0x00,0x00,0x00,0x00,0x00,0x00,0x00,0x00,0x00,0x00,0x00,0x00,0x00,0x00,0x00,0x00,0x00,0x00,0xFF,0xFF,0xFF,0xFF,0xFF,0x00,0x00,0x00,0x00,0x00,0x00,0x00,0x00,0x00,0x00,0x00,0x00,0x00,0x00,
    0x00,0x00,0x00,0x00,0x00,0x00,0x00,0x00,0x00,0x00,0x00,0x00,0x00,0x00,0x00,0x00,0x00,0x00,0x00,0x00,0x00,0x00,0x00,0x00,0x00,0x00,0x00,0x00,0xFF,0xFF,0xFF,0xFF,0xFF,0x00,0x00,0x00,0x00,0x00,0x00,0x00,0x00,0x00,0x00,0x00,0x00,0x00,0x00,0x00,
    0x00,0x00,0x00,0x00,0x00,0x00,0x00,0x00,0x00,0x00,0xFF,0x00,0x00,0x00,0x00,0x00,0x00,0x00,0x00,0x00,0x00,0x00,0x00,0x00,0x00,0x00,0x00,0xFF,0xFF,0xFF,0xFF,0xFF,0x00,0x00,0x00,0x00,0x00,0x00,0x00,0x00,0x00,0x00,0x00,0x00,0x00,0x00,0x00,0x00,
    0x00,0x00,0x00,0x00,0x00,0x00,0x00,0x00,0x00,0xFF,0xFF,0xFF,0x00,0x00,0x00,0x00,0x00,0x00,0x00,0x00,0x00,0x00,0x00,0x00,0x00,0x00,0xFF,0xFF,0xFF,0xFF,0xFF,0x00,0x00,0x00,0x00,0x00,0x00,0x00,0x00,0x00,0x00,0x00,0x00,0x00,0x00,0x00,0x00,0x00,
    0x00,0x00,0x00,0x00,0x00,0x00,0x00,0x00,0xFF,0xFF,0xFF,0xFF,0xFF,0x00,0x00,0x00,0x00,0x00,0x00,0x00,0x00,0x00,0x00,0x00,0x00,0xFF,0xFF,0xFF,0xFF,0xFF,0x00,0x00,0x00,0x00,0x00,0x00,0x00,0x00,0x00,0x00,0x00,0x00,0x00,0x00,0x00,0x00,0x00,0x00,
    0x00,0x00,0x00,0x00,0x00,0x00,0x00,0x00,0x00,0xFF,0xFF,0xFF,0xFF,0xFF,0x00,0x00,0x00,0x00,0x00,0x00,0x00,0x00,0x00,0x00,0xFF,0xFF,0xFF,0xFF,0xFF,0x00,0x00,0x00,0x00,0x00,0x00,0x00,0x00,0x00,0x00,0x00,0x00,0x00,0x00,0x00,0x00,0x00,0x00,0x00,
    0x00,0x00,0x00,0x00,0x00,0x00,0x00,0x00,0x00,0x00,0xFF,0xFF,0xFF,0xFF,0xFF,0x00,0x00,0x00,0x00,0x00,0x00,0x00,0x00,0xFF,0xFF,0xFF,0xFF,0xFF,0x00,0x00,0x00,0x00,0x00,0x00,0x00,0x00,0x00,0x00,0x00,0x00,0x00,0x00,0x00,0x00,0x00,0x00,0x00,0x00,
    0x00,0x00,0x00,0x00,0x00,0x00,0x00,0x00,0x00,0x00,0x00,0xFF,0xFF,0xFF,0xFF,0xFF,0x00,0x00,0x00,0x00,0x00,0x00,0x00,0xFF,0xFF,0xFF,0xFF,0x00,0x00,0x00,0x00,0x00,0x00,0x00,0x00,0x00,0x00,0x00,0x00,0x00,0x00,0x00,0x00,0x00,0x00,0x00,0x00,0x00,
    0x00,0x00,0x00,0x00,0x00,0x00,0x00,0x00,0x00,0x00,0x00,0x00,0xFF,0xFF,0xFF,0xFF,0xFF,0x00,0x00,0x00,0x00,0x00,0xFF,0xFF,0xFF,0xFF,0x00,0x00,0x00,0x00,0x00,0x00,0x00,0x00,0x00,0x00,0x00,0x00,0x00,0x00,0x00,0x00,0x00,0x00,0x00,0x00,0x00,0x00,
    0x00,0x00,0x00,0x00,0x00,0x00,0x00,0x00,0x00,0x00,0x00,0x00,0x00,0xFF,0xFF,0xFF,0xFF,0xFF,0x00,0x00,0x00,0xFF,0xFF,0xFF,0xFF,0xFF,0x00,0x00,0x00,0x00,0x00,0x00,0x00,0x00,0x00,0x00,0x00,0x00,0x00,0x00,0x00,0x00,0x00,0x00,0x00,0x00,0x00,0x00,
    0x00,0x00,0x00,0x00,0x00,0x00,0x00,0x00,0x00,0x00,0x00,0x00,0x00,0x00,0xFF,0xFF,0xFF,0xFF,0xFF,0x00,0xFF,0xFF,0xFF,0xFF,0xFF,0x00,0x00,0x00,0x00,0x00,0x00,0x00,0x00,0x00,0x00,0x00,0x00,0x00,0x00,0x00,0x00,0x00,0x00,0x00,0x00,0x00,0x00,0x00,
    0x00,0x00,0x00,0x00,0x00,0x00,0x00,0x00,0x00,0x00,0x00,0x00,0x00,0x00,0x00,0xFF,0xFF,0xFF,0xFF,0xFF,0xFF,0xFF,0xFF,0xFF,0x00,0x00,0x00,0x00,0x00,0x00,0x00,0x00,0x00,0x00,0x00,0x00,0x00,0x00,0x00,0x00,0x00,0x00,0x00,0x00,0x00,0x00,0x00,0x00,
    0x00,0x00,0x00,0x00,0x00,0x00,0x00,0x00,0x00,0x00,0x00,0x00,0x00,0x00,0x00,0x00,0xFF,0xFF,0xFF,0xFF,0xFF,0xFF,0xFF,0x00,0x00,0x00,0x00,0x00,0x00,0x00,0x00,0x00,0x00,0x00,0x00,0x00,0x00,0x00,0x00,0x00,0x00,0x00,0x00,0x00,0x00,0x00,0x00,0x00,
    0x00,0x00,0x00,0x00,0x00,0x00,0x00,0x00,0x00,0x00,0x00,0x00,0x00,0x00,0x00,0x00,0x00,0xFF,0xFF,0xFF,0xFF,0xFF,0x00,0x00,0x00,0x00,0x00,0x00,0x00,0x00,0x00,0x00,0x00,0x00,0x00,0x00,0x00,0x00,0x00,0x00,0x00,0x00,0x00,0x00,0x00,0x00,0x00,0x00,
    0x00,0x00,0x00,0x00,0x00,0x00,0x00,0x00,0x00,0x00,0x00,0x00,0x00,0x00,0x00,0x00,0x00,0x00,0xFF,0x00,0xFF,0x00,0x00,0x00,0x00,0x00,0x00,0x00,0x00,0x00,0x00,0x00,0x00,0x00,0x00,0x00,0x00,0x00,0x00,0x00,0x00,0x00,0x00,0x00,0x00,0x00,0x00,0x00,
    0x00,0x00,0x00,0x00,0x00,0x00,0x00,0x00,0x00,0x00,0x00,0x00,0x00,0x00,0x00,0x00,0x00,0x00,0x00,0x00,0x00,0x00,0x00,0x00,0x00,0x00,0x00,0x00,0x00,0x00,0x00,0x00,0x00,0x00,0x00,0x00,0x00,0x00,0x00,0x00,0x00,0x00,0x00,0x00,0x00,0x00,0x00,0x00,
    0x00,0x00,0x00,0x00,0x00,0x00,0x00,0x00,0x00,0x00,0x00,0x00,0x00,0x00,0x00,0x00,0x00,0x00,0x00,0x00,0x00,0x00,0x00,0x00,0x00,0x00,0x00,0x00,0x00,0x00,0x00,0x00,0x00,0x00,0x00,0x00,0x00,0x00,0x00,0x00,0x00,0x00,0x00,0x00,0x00,0x00,0x00,0x00,
    0x00,0x00,0x00,0x00,0x00,0x00,0x00,0x00,0x00,0x00,0x00,0x00,0x00,0x00,0x00,0x00,0x00,0x00,0x00,0x00,0x00,0x00,0x00,0x00,0x00,0x00,0x00,0x00,0x00,0x00,0x00,0x00,0x00,0x00,0x00,0x00,0x00,0x00,0x00,0x00,0x00,0x00,0x00,0x00,0x00,0x00,0x00,0x00,
    0x00,0x00,0x00,0x00,0x00,0x00,0x00,0x00,0x00,0x00,0x00,0x00,0x00,0x00,0x00,0x00,0x00,0x00,0x00,0x00,0x00,0x00,0x00,0x00,0x00,0x00,0x00,0x00,0x00,0x00,0x00,0x00,0x00,0x00,0x00,0x00,0x00,0x00,0x00,0x00,0x00,0x00,0x00,0x00,0x00,0x00,0x00,0x00,
    0x00,0x00,0x00,0x00,0x00,0x00,0x00,0x00,0x00,0x00,0x00,0x00,0x00,0x00,0x00,0x00,0x00,0x00,0x00,0x00,0x00,0x00,0x00,0x00,0x00,0x00,0x00,0x00,0x00,0x00,0x00,0x00,0x00,0x00,0x00,0x00,0x00,0x00,0x00,0x00,0x00,0x00,0x00,0x00,0x00,0x00,0x00,0x00,
    0x00,0x00,0x00,0x00,0x00,0x00,0x00,0x00,0x00,0x00,0x00,0x00,0x00,0x00,0x00,0x00,0x00,0x00,0x00,0x00,0x00,0x00,0x00,0x00,0x00,0x00,0x00,0x00,0x00,0x00,0x00,0x00,0x00,0x00,0x00,0x00,0x00,0x00,0x00,0x00,0x00,0x00,0x00,0x00,0x00,0x00,0x00,0x00,
    0x00,0x00,0x00,0x00,0x00,0x00,0x00,0x00,0x00,0x00,0x00,0x00,0x00,0x00,0x00,0x00,0x00,0x00,0x00,0x00,0x00,0x00,0x00,0x00,0x00,0x00,0x00,0x00,0x00,0x00,0x00,0x00,0x00,0x00,0x00,0x00,0x00,0x00,0x00,0x00,0x00,0x00,0x00,0x00,0x00,0x00,0x00,0x00,
    0x00,0x00,0x00,0x00,0x00,0x00,0x00,0x00,0x00,0x00,0x00,0x00,0x00,0x00,0x00,0x00,0x00,0x00,0x00,0x00,0x00,0x00,0x00,0x00,0x00,0x00,0x00,0x00,0x00,0x00,0x00,0x00,0x00,0x00,0x00,0x00,0x00,0x00,0x00,0x00,0x00,0x00,0x00,0x00,0x00,0x00,0x00,0x00,
    0x00,0x00,0x00,0x00,0x00,0x00,0x00,0x00,0x00,0x00,0x00,0x00,0x00,0x00,0x00,0x00,0x00,0x00,0x00,0x00,0x00,0x00,0x00,0x00,0x00,0x00,0x00,0x00,0x00,0x00,0x00,0x00,0x00,0x00,0x00,0x00,0x00,0x00,0x00,0x00,0x00,0x00,0x00,0x00,0x00,0x00,0x00,0x00,
    0x00,0x00,0x00,0x00,0x00,0x00,0x00,0x00,0x00,0x00,0x00,0x00,0x00,0x00,0x00,0x00,0x00,0x00,0x00,0x00,0x00,0x00,0x00,0x00,0x00,0x00,0x00,0x00,0x00,0x00,0x00,0x00,0x00,0x00,0x00,0x00,0x00,0x00,0x00,0x00,0x00,0x00,0x00,0x00,0x00,0x00,0x00,0x00,
    0x00,0x00,0x00,0x00,0x00,0x00,0x00,0x00,0x00,0x00,0x00,0x00,0x00,0x00,0x00,0x00,0x00,0x00,0x00,0x00,0x00,0x00,0x00,0x00,0x00,0x00,0x00,0x00,0x00,0x00,0x00,0x00,0x00,0x00,0x00,0x00,0x00,0x00,0x00,0x00,0x00,0x00,0x00,0x00,0x00,0x00,0x00,0x00,
    0x00,0x00,0x00,0x00,0x00,0x00,0x00,0x00,0x00,0x00,0x00,0x00,0x00,0x00,0x00,0x00,0x00,0x00,0x00,0x00,0x00,0x00,0x00,0x00,0x00,0x00,0x00,0x00,0x00,0x00,0x00,0x00,0x00,0x00,0x00,0x00,0x00,0x00,0x00,0x00,0x00,0x00,0x00,0x00,0x00,0x00,0x00,0x00
};

const lv_image_dsc_t key_icon_check = {
    .header = {
        .magic = LV_IMAGE_HEADER_MAGIC,
        .cf = LV_COLOR_FORMAT_L8,
        .flags = 0,
        .w = 48,
        .h = 48,
        .stride = 48,
        .reserved_2 = 0,
    },
    .data_size = sizeof(key_icon_check_map),
    .data = key_icon_check_map,
    .reserved = NULL,
};

static const uint8_t key_icon_car_map[39600] = {
    0x00,0x00,0x00,0x00,0x00,0x00,0x00,0x00,0x00,0x00,0x00,0x00,0x00,0x00,0x00,0x00,0x00,0x00,0x00,0x00,0x00,0x00,0x00,0x00,0x00,0x00,0x00,0x00,0x00,0x00,0x00,0x00,
    0x00,0x00,0x00,0x00,0x00,0x00,0x00,0x00,0x00,0x00,0x00,0x00,0x00,0x00,0x00,0x00,0x00,0x00,0x00,0x00,0x00,0x00,0x00,0x00,0x00,0x00,0x00,0x00,0x00,0x00,0x00,0x00,
    0x00,0x00,0x00,0x00,0x00,0x00,0x00,0x00,0x00,0x00,0x00,0x00,0x00,0x00,0x00,0x00,0x00,0x00,0x00,0x00,0x00,0x00,0x00,0x00,0x00,0x00,0x00,0x00,0x00,0x00,0x00,0x00,
    0x00,0x00,0x00,0x00,0x00,0x00,0x00,0x00,0x00,0x00,0x00,0x00,0x00,0x00,0x00,0x00,0x00,0x00,0x00,0x00,0x00,0x00,0x00,0x00,0x00,0x00,0x00,0x00,0x00,0x00,0x00,0x00,
    0x00,0x00,0x00,0x00,0x00,0x00,0x00,0x00,0x00,0x00,0x00,0x00,0x00,0x00,0x00,0x00,0x00,0x00,0x00,0x00,0x00,0x00,0x00,0x00,0x00,0x00,0x00,0x00,0x00,0x00,0x00,0x00,
    0x00,0x00,0x00,0x00,0x00,0x00,0x00,0x00,0x00,0x00,0x00,0x00,0x00,0x00,0x00,0x00,0x00,0x00,0x00,0x00,0x00,0x00,0x00,0x00,0x00,0x00,0x00,0x00,0x00,0x00,0x00,0x00,
    0x00,0x00,0x00,0x00,0x00,0x00,0x00,0x00,0x00,0x00,0x00,0x00,0x00,0x00,0x00,0x00,0x00,0x00,0x00,0x00,0x00,0x00,0x00,0x00,0x00,0x00,0x00,0x00,0x00,0x00,0x00,0x00,
    0x00,0x00,0x00,0x00,0x00,0x00,0x00,0x00,0x00,0x00,0x00,0x00,0x00,0x00,0x00,0x00,0x00,0x00,0x00,0x00,0x00,0x00,0x00,0x00,0x00,0x00,0x00,0x00,0x00,0x00,0x00,0x00,
    0x00,0x00,0x00,0x00,0x00,0x00,0x00,0x00,0x00,0x00,0x00,0x00,0x00,0x00,0x00,0x00,0x00,0x00,0x00,0x00,0x00,0x00,0x00,0x00,0x00,0x00,0x00,0x00,0x00,0x00,0x00,0x00,
    0x00,0x00,0x00,0x00,0x00,0x00,0x00,0x00,0x00,0x00,0x00,0x00,0x00,0x00,0x00,0x00,0x00,0x00,0x00,0x00,0x00,0x00,0x00,0x00,0x00,0x00,0x00,0x00,0x00,0x00,0x00,0x00,
    0x00,0x00,0x00,0x00,0x00,0x00,0x00,0x00,0x00,0x00,0x00,0x00,0x00,0x00,0x00,0x00,0x00,0x00,0x00,0x00,0x00,0x00,0x00,0x00,0x00,0x00,0x00,0x00,0x00,0x00,0x00,0x00,
    0x00,0x00,0x00,0x00,0x00,0x00,0x00,0x00,0x00,0x00,0x00,0x00,0x00,0x00,0x00,0x00,0x00,0x00,0x00,0x00,0x00,0x00,0x00,0x00,0x00,0x00,0x00,0x00,0x00,0x00,0x00,0x00,
    0x00,0x00,0x00,0x00,0x00,0x00,0x00,0x00,0x00,0x00,0x00,0x00,0x00,0x00,0x00,0x00,0x00,0x00,0x00,0x00,0x00,0x00,0x00,0x00,0x00,0x00,0x00,0x00,0x00,0x00,0x00,0x00,
    0x00,0x00,0x00,0x00,0x00,0x00,0x00,0x00,0x00,0x00,0x00,0x00,0x00,0x00,0x00,0x00,0x00,0x00,0x00,0x00,0x00,0x00,0x00,0x00,0x00,0x00,0x00,0x00,0x00,0x00,0x00,0x00,
    0x00,0x00,0x00,0x00,0x00,0x00,0x00,0x00,0x00,0x00,0x00,0x00,0x00,0x00,0x00,0x00,0x00,0x00,0x00,0x00,0x00,0x00,0x00,0x00,0x00,0x00,0x00,0x00,0x00,0x00,0x00,0x00,
    0x00,0x00,0x00,0x00,0x00,0x00,0x00,0x00,0x00,0x00,0x00,0x00,0x00,0x00,0x00,0x00,0x00,0x00,0x00,0x00,0x00,0x00,0x00,0x00,0x00,0x00,0x00,0x00,0x00,0x00,0x00,0x00,
    0x00,0x00,0x00,0x00,0x00,0x00,0x00,0x00,0x00,0x00,0x00,0x00,0x00,0x00,0x00,0x00,0x00,0x00,0x00,0x00,0x00,0x00,0x00,0x00,0x00,0x00,0x00,0x00,0x00,0x00,0x00,0x00,
    0x00,0x00,0x00,0x00,0x00,0x00,0x00,0x00,0x00,0x00,0x00,0x00,0x00,0x00,0x00,0x00,0x00,0x00,0x00,0x00,0x00,0x00,0x00,0x00,0x00,0x00,0x00,0x00,0x00,0x00,0x00,0x00,
    0x00,0x00,0x00,0x00,0x00,0x00,0x00,0x00,0x00,0x00,0x00,0x00,0x00,0x00,0x00,0x00,0x00,0x00,0x00,0x00,0x00,0x00,0x00,0x00,0x00,0x00,0x00,0x00,0x00,0x00,0x00,0x00,
    0x00,0x00,0x00,0x00,0x00,0x00,0x00,0x00,0x00,0x00,0x00,0x00,0x00,0x00,0x00,0x00,0x00,0x00,0x00,0x00,0x00,0x00,0x00,0x00,0x00,0x00,0x00,0x00,0xEF,0x7B,0xEF,0x03,
    0x00,0x00,0x00,0x00,0x00,0x00,0x00,0x00,0x00,0x00,0x00,0x00,0x00,0x00,0x00,0x00,0x00,0x00,0x00,0x00,0x00,0x00,0x00,0x00,0x00,0x00,0x00,0x00,0x00,0x00,0x00,0x00,
    0x00,0x00,0x00,0x00,0x00,0x00,0x00,0x00,0x00,0x00,0x00,0x00,0x00,0x00,0x00,0x00,0x00,0x00,0x00,0x00,0x00,0x00,0x00,0x00,0x00,0x00,0x00,0x00,0x00,0x00,0x00,0x00,
    0x00,0x00,0x00,0x00,0x00,0x00,0x00,0x00,0x00,0x00,0x00,0x00,0x00,0x00,0x00,0x00,0x00,0x00,0x00,0x00,0x00,0x00,0x00,0x00,0x00,0x00,0x00,0x00,0x00,0x00,0x00,0x00,
    0x00,0x00,0x00,0x00,0x00,0x00,0x00,0x00,0x00,0x00,0x00,0x00,0x00,0x00,0x00,0x00,0x00,0x00,0x00,0x00,0x0F,0x00,0x00,0x00,0x00,0x00,0x00,0x00,0x00,0x00,0x00,0x00,
    0x00,0x00,0x00,0x00,0x24,0x21,0xC4,0x20,0xA2,0x10,0xA4,0x10,0x04,0x11,0xE3,0x18,0xE3,0x18,0xE3,0x18,0xE3,0x18,0xE3,0x18,0xE3,0x18,0xE3,0x18,0x04,0x21,0xC4,0x18,
    0x04,0x21,0x04,0x21,0x04,0x11,0x04,0x21,0xE3,0x18,0x00,0x00,0x00,0x00,0x00,0x00,0x00,0x00,0x00,0x00,0x00,0x00,0x00,0x00,0x00,0x00,0x00,0x00,0x00,0x00,0x00,0x00,
    0x00,0x00,0x00,0x00,0x00,0x00,0x00,0x00,0x00,0x00,0x00,0x00,0x00,0x00,0x00,0x00,0x00,0x00,0x00,0x00,0x00,0x00,0x00,0x00,0x00,0x00,0x00,0x00,0x00,0x00,0x00,0x00,
    0x00,0x00,0x00,0x00,0x00,0x00,0x00,0x00,0x00,0x00,0x00,0x00,0x00,0x00,0x00,0x00,0x00,0x00,0x00,0x00,0x00,0x00,0x00,0x00,0x00,0x00,0x00,0x00,0x00,0x00,0x00,0x00,
    0x00,0x00,0x00,0x00,0x00,0x00,0x00,0x00,0x00,0x00,0x00,0x00,0x00,0x00,0x00,0x00,0x00,0x00,0x00,0x00,0x00,0x00,0x00,0x00,0x00,0x00,0x00,0x00,0x00,0x00,0x00,0x00,
    0x00,0x00,0x00,0x00,0x00,0x00,0x00,0x00,0xE7,0x19,0x00,0x00,0x00,0x00,0x04,0x21,0x04,0x21,0xC3,0x10,0xC3,0x10,0xA3,0x10,0xA3,0x10,0xA3,0x10,0xC4,0x10,0xA3,0x10,
    0xC4,0x10,0xC4,0x10,0xC4,0x10,0xA3,0x10,0xA3,0x10,0xA3,0x10,0xC4,0x10,0xC4,0x10,0xC4,0x10,0xA3,0x10,0xC4,0x10,0xC4,0x18,0xC4,0x10,0x04,0x19,0x86,0x29,0x04,0x21,
    0x04,0x21,0x61,0x08,0x65,0x29,0x00,0x00,0x00,0x00,0x00,0x00,0x00,0x00,0x00,0x00,0x00,0x00,0x00,0x00,0x00,0x00,0x00,0x00,0x00,0x00,0x00,0x00,0x00,0x00,0x00,0x00,
    0x00,0x00,0x00,0x00,0x00,0x00,0x00,0x00,0x00,0x00,0x00,0x00,0x00,0x00,0x00,0x00,0x00,0x00,0x00,0x00,0x00,0x00,0x00,0x00,0x00,0x00,0x00,0x00,0x00,0x00,0x00,0x00,
    0x00,0x00,0x00,0x00,0x00,0x00,0x00,0x00,0x00,0x00,0x00,0x00,0x00,0x00,0x00,0x00,0x00,0x00,0x00,0x00,0x00,0x00,0x00,0x00,0x00,0x00,0x00,0x00,0x00,0x00,0x00,0x00,
    0x00,0x00,0x00,0x00,0x00,0x00,0x00,0x00,0x00,0x00,0x00,0x00,0x00,0x00,0x00,0x00,0xE7,0x39,0xE8,0x39,0x08,0x3A,0x62,0x08,0xE4,0x18,0xC7,0x31,0xC7,0x31,0xC8,0x31,
    0xC8,0x31,0x8F,0x6B,0xD4,0x94,0x36,0xA5,0x56,0xA5,0x36,0x9D,0x56,0xA5,0x56,0xA5,0x56,0xA5,0x56,0xA5,0x56,0xA5,0x56,0x9D,0x36,0xA5,0x36,0x9D,0x56,0xA5,0x56,0xA5,
    0x56,0xA5,0x56,0xA5,0x15,0x9D,0xF5,0x9C,0xD4,0x94,0x0D,0x5B,0xE8,0x31,0xE8,0x31,0xC8,0x31,0xC8,0x31,0xA3,0x10,0x41,0x00,0xE8,0x41,0xA8,0x39,0x6D,0x6B,0x00,0x00,
    0x00,0x00,0x00,0x50,0x00,0x00,0x00,0x00,0x00,0x00,0x00,0x00,0x00,0x00,0x00,0x00,0x00,0x00,0x00,0x00,0x00,0x00,0x00,0x00,0x00,0x00,0x00,0x00,0x00,0x00,0x00,0x00,
    0x00,0x00,0x00,0x00,0x00,0x00,0x00,0x00,0x00,0x00,0x00,0x00,0x00,0x00,0x00,0x00,0x00,0x00,0x00,0x00,0x00,0x00,0x00,0x00,0x00,0x00,0x00,0x00,0x00,0x00,0x00,0x00,
    0x00,0x00,0x00,0x00,0x00,0x00,0x00,0x00,0x00,0x00,0x00,0x00,0x00,0x00,0x00,0x00,0x00,0x00,0x00,0x00,0x00,0x00,0xAA,0x52,0x00,0x00,0x00,0x00,0x24,0x29,0x21,0x08,
    0xC4,0x18,0x26,0x21,0x87,0x29,0x6F,0x6B,0xD5,0x94,0x7B,0xC6,0x7B,0xC6,0x7B,0xC6,0xBC,0xCE,0x1D,0xDF,0x5E,0xE7,0x5F,0xE7,0x5E,0xE7,0x3E,0xDF,0x3E,0xDF,0x3E,0xDF,
    0x3E,0xDF,0x3E,0xDF,0x3E,0xDF,0x3E,0xDF,0x3E,0xE7,0x1E,0xDF,0x3E,0xE7,0x3E,0xE7,0x3E,0xE7,0x3E,0xE7,0x3E,0xDF,0x5E,0xE7,0x3E,0xE7,0x1D,0xDF,0xFD,0xD6,0xBC,0xCE,
    0x9C,0xCE,0x5B,0xC6,0xF5,0x94,0x2E,0x63,0x25,0x21,0x04,0x21,0xC4,0x20,0xA3,0x20,0xEB,0x5A,0x00,0x00,0x00,0x00,0xEF,0x7B,0x00,0x00,0x00,0x00,0x00,0x00,0x00,0x00,
    0x00,0x00,0x00,0x00,0x00,0x00,0x00,0x00,0x00,0x00,0x00,0x00,0x00,0x00,0x00,0x00,0x00,0x00,0x00,0x00,0x00,0x00,0x00,0x00,0x00,0x00,0x00,0x00,0x00,0x00,0x00,0x00,
    0x00,0x00,0x00,0x00,0x00,0x00,0x00,0x00,0x00,0x00,0x00,0x00,0x00,0x00,0x00,0x00,0x00,0x00,0x00,0x00,0x00,0x00,0x00,0x00,0x00,0x00,0x00,0x00,0x00,0x00,0x00,0x00,
    0x00,0x00,0x00,0xF8,0x00,0x00,0x00,0x00,0xB2,0xBC,0xC8,0x59,0x05,0x39,0x2A,0x52,0xF1,0x7B,0x78,0xA5,0xD9,0xB5,0xDD,0xD6,0x1E,0xDF,0xDD,0xD6,0xDD,0xD6,0xDD,0xD6,
    0xFD,0xD6,0x1D,0xDF,0x1D,0xDF,0x1D,0xDF,0x1D,0xDF,0x1D,0xDF,0x1D,0xDF,0xFD,0xDE,0xFD,0xDE,0xFD,0xDE,0xFD,0xDE,0x1D,0xDF,0xFD,0xDE,0xFD,0xDE,0xFD,0xDE,0x1D,0xDF,
    0x1D,0xDF,0xFD,0xDE,0xFC,0xDE,0x1C,0xDF,0x1D,0xDF,0x1D,0xDF,0xFD,0xD6,0xDD,0xCE,0xDD,0xCE,0xDD,0xD6,0xFD,0xDE,0xBC,0xD6,0x19,0xC6,0x97,0xB5,0x4E,0x73,0x29,0x52,
    0x25,0x39,0x46,0x51,0xFF,0xFF,0x00,0x00,0x00,0x78,0x00,0x00,0x00,0x00,0x00,0x00,0x00,0x00,0x00,0x00,0x00,0x00,0x00,0x00,0x00,0x00,0x00,0x00,0x00,0x00,0x00,0x00,
    0x00,0x00,0x00,0x00,0x00,0x00,0x00,0x00,0x00,0x00,0x00,0x00,0x00,0x00,0x00,0x00,0x00,0x00,0x00,0x00,0x00,0x00,0x00,0x00,0x00,0x00,0x00,0x00,0x00,0x00,0x00,0x00,
    0x00,0x00,0x00,0x00,0x00,0x00,0x00,0x00,0x00,0x00,0x00,0x00,0x00,0x00,0x00,0x00,0x00,0x78,0x00,0x00,0xFF,0xFF,0x08,0x7A,0x86,0x59,0x4A,0x6A,0x11,0x9C,0x3A,0xD6,
    0x9C,0xD6,0x9C,0xCE,0xDD,0xD6,0xDD,0xD6,0xDD,0xD6,0x5F,0xE7,0x7F,0xEF,0xBF,0xEF,0x9F,0xEF,0x3D,0xE7,0x1D,0xDF,0x1D,0xDF,0x1D,0xDF,0x1D,0xDF,0xFD,0xDE,0xFD,0xDE,
    0xFC,0xDE,0xFC,0xD6,0xFC,0xD6,0xFD,0xD6,0xFD,0xDE,0xFD,0xDE,0xFD,0xDE,0x1D,0xDF,0x1D,0xDF,0x1D,0xDF,0x1D,0xDF,0x1D,0xDF,0xFC,0xDE,0x3E,0xE7,0xBF,0xEF,0x9F,0xEF,
    0x7F,0xE7,0x5E,0xDF,0xDD,0xD6,0xDC,0xDE,0xDC,0xDE,0xBC,0xDE,0xBC,0xE6,0xB8,0xC5,0xD0,0x9B,0xC8,0x61,0x66,0x61,0x6A,0x82,0x00,0x00,0x00,0x00,0x00,0xF8,0x00,0x00,
    0x00,0x00,0x00,0x00,0x00,0x00,0x00,0x00,0x00,0x00,0x00,0x00,0x00,0x00,0x00,0x00,0x00,0x00,0x00,0x00,0x00,0x00,0x00,0x00,0x00,0x00,0x00,0x00,0x00,0x00,0x00,0x00,
    0x00,0x00,0x00,0x00,0x00,0x00,0x00,0x00,0x00,0x00,0x00,0x00,0x00,0x00,0x00,0x00,0x00,0x00,0x00,0x00,0x00,0x00,0x00,0x00,0x00,0x00,0x00,0x00,0x00,0x00,0xAA,0xAA,
    0x00,0x00,0x8B,0xA2,0x86,0x79,0xE8,0x81,0x8F,0xAB,0xF4,0xCC,0xD8,0xD5,0x5A,0xD6,0xBC,0xDE,0xFD,0xE6,0x1D,0xE7,0x3D,0xE7,0xBC,0xD6,0x56,0xA5,0x56,0xA5,0xB7,0xAD,
    0x97,0xA5,0x36,0x9D,0x36,0x9D,0x36,0x9D,0x36,0xA5,0x36,0x9D,0x36,0x9D,0x16,0x9D,0x15,0x9D,0x16,0x9D,0x36,0x9D,0x36,0x9D,0x36,0x9D,0x36,0x9D,0x56,0xA5,0x56,0xA5,
    0x56,0xA5,0x56,0xA5,0x56,0x9D,0x36,0x9D,0x15,0x9D,0xF5,0x94,0x57,0xA5,0x77,0xA5,0x56,0x9D,0x97,0xA5,0x5E,0xE7,0x7F,0xEF,0x3D,0xE7,0xFC,0xE6,0x5A,0xDE,0xD8,0xCD,
    0xB8,0xD5,0x93,0xC4,0x0C,0xA3,0x86,0x79,0xA7,0x81,0xFF,0xFF,0x00,0x00,0x00,0x78,0x00,0x00,0x00,0x00,0x00,0x00,0x00,0x00,0x00,0x00,0x00,0x00,0x00,0x00,0x00,0x00,
    0x00,0x00,0x00,0x00,0x00,0x00,0x00,0x00,0x00,0x00,0x00,0x00,0x00,0x00,0x00,0x00,0x00,0x00,0x00,0x00,0x00,0x00,0x00,0x00,0x00,0x00,0x00,0x00,0x00,0x00,0x00,0x00,
    0x00,0x00,0x00,0x00,0x00,0x00,0x00,0x00,0x00,0x00,0x00,0x00,0x00,0x78,0x00,0x00,0xAA,0xB2,0x86,0x89,0x29,0xA2,0xAE,0xC3,0xB3,0xD4,0x15,0xD5,0x97,0xD5,0x9B,0xE6,
    0x9B,0xDE,0x5A,0xCE,0xD8,0xBD,0x52,0x84,0x32,0x7C,0x73,0x84,0xD5,0x94,0xF5,0x94,0x15,0x95,0x98,0xAD,0xD9,0xB5,0xD9,0xB5,0xFA,0xB5,0xD9,0xAD,0xF9,0xB5,0xF9,0xB5,
    0xF9,0xB5,0xF9,0xB5,0xF9,0xB5,0xF9,0xB5,0xF9,0xB5,0xF9,0xB5,0xF9,0xB5,0xF9,0xB5,0xF9,0xB5,0xF9,0xB5,0xF9,0xAD,0xF9,0xAD,0xF9,0xB5,0x36,0x9D,0xB4,0x8C,0xD5,0x8C,
    0xD5,0x8C,0x73,0x7C,0x73,0x84,0xF5,0x9C,0x19,0xC6,0x3A,0xCE,0x5A,0xDE,0x19,0xDE,0x56,0xD5,0xF4,0xDC,0x31,0xCC,0xCB,0xB2,0xA7,0x99,0x86,0x99,0xAA,0xAA,0x00,0x00,
    0x00,0xF8,0x00,0x00,0x00,0x00,0x00,0x00,0x00,0x00,0x00,0x00,0x00,0x00,0x00,0x00,0x00,0x00,0x00,0x00,0x00,0x00,0x00,0x00,0x00,0x00,0x00,0x00,0x00,0x00,0x00,0x00,
    0x00,0x00,0x00,0x00,0x00,0x00,0x00,0x00,0x00,0x00,0x00,0x00,0x00,0x00,0x00,0x00,0x00,0x00,0x00,0x00,0x00,0x00,0x00,0x00,0x00,0x00,0x00,0xF8,0x00,0x00,0x4D,0xDB,
    0x28,0xBA,0xC7,0xA9,0xCB,0xBA,0xF0,0xD3,0x72,0xD4,0x35,0xDD,0x77,0xDD,0xB4,0xB4,0xD4,0xA4,0xF4,0x9C,0xD0,0x73,0x57,0xA5,0x77,0xA5,0xD9,0xAD,0x1A,0xB6,0x1A,0xBE,
    0x1A,0xB6,0x1A,0xB6,0xFA,0xB5,0xFA,0xB5,0xFA,0xB5,0xD9,0xB5,0xF9,0xB5,0x1A,0xB6,0x1A,0xBE,0x1A,0xBE,0x3A,0xBE,0x3A,0xBE,0x1A,0xBE,0x1A,0xBE,0x3A,0xBE,0x1A,0xBE,
    0x1A,0xB6,0x1A,0xB6,0x1A,0xB6,0x1A,0xB6,0xF9,0xB5,0x1A,0xB6,0x3A,0xBE,0x3A,0xBE,0x3A,0xBE,0xFA,0xB5,0x98,0xAD,0x57,0xA5,0x32,0x84,0x15,0xAD,0xD4,0xAC,0xF4,0xBC,
    0x76,0xDD,0xB3,0xD4,0xF0,0xCB,0x4D,0xCB,0x08,0xB2,0xC7,0xB1,0x28,0xBA,0x69,0xC2,0x00,0x00,0x00,0xF8,0x00,0x00,0x00,0x00,0x00,0x00,0x00,0x00,0x00,0x00,0x00,0x00,
    0x00,0x00,0x00,0x00,0x00,0x00,0x00,0x00,0x00,0x00,0x00,0x00,0x00,0x00,0x00,0x00,0x00,0x00,0x00,0x00,0x00,0x00,0x00,0x00,0x00,0x00,0x00,0x00,0x00,0x00,0x00,0x00,
    0x00,0x00,0x00,0x00,0x00,0x00,0x00,0x00,0x00,0xF8,0x00,0xF8,0xEA,0xDA,0x69,0xCA,0x69,0xD2,0x69,0xD2,0x6A,0xC2,0xAF,0xD3,0x52,0xDC,0x73,0xCC,0x32,0xB4,0xB4,0xB4,
    0x19,0xCE,0x5A,0xCE,0xD1,0x73,0x3B,0xBE,0x5B,0xBE,0x5B,0xBE,0x3B,0xBE,0x3A,0xBE,0x3A,0xBE,0x5B,0xBE,0x5B,0xBE,0x5B,0xC6,0x5B,0xBE,0x3A,0xBE,0x5A,0xBE,0x5B,0xC6,
    0x5B,0xC6,0x5B,0xC6,0x5B,0xC6,0x5B,0xC6,0x5B,0xC6,0x5B,0xC6,0x5B,0xC6,0x5B,0xC6,0x5B,0xC6,0x5B,0xBE,0x5A,0xBE,0x5B,0xBE,0x7B,0xC6,0x5B,0xC6,0x5B,0xC6,0x7B,0xC6,
    0x7B,0xC6,0x7B,0xC6,0x7B,0xC6,0xFA,0xB5,0xB4,0x94,0xDD,0xE6,0x77,0xBD,0x32,0xAC,0xD0,0xB3,0x52,0xD4,0xF0,0xD3,0x0C,0xCB,0x49,0xC2,0x8A,0xD2,0xA9,0xDA,0x8A,0xCA,
    0x55,0xFD,0x00,0xF8,0x00,0x00,0x00,0x00,0x00,0x00,0x00,0x00,0x00,0x00,0x00,0x00,0x00,0x00,0x00,0x00,0x00,0x00,0x00,0x00,0x00,0x00,0x00,0x00,0x00,0x00,0x00,0x00,
    0x00,0x00,0x00,0x00,0x00,0x00,0x00,0x00,0x00,0x00,0x00,0x00,0x00,0x00,0x00,0x00,0x00,0x00,0x00,0x00,0x00,0x00,0x00,0x00,0x00,0x78,0x00,0x00,0x48,0xC2,0x48,0xDA,
    0x69,0xDA,0x49,0xD2,0x6A,0xCA,0x8F,0xDB,0x6E,0xC3,0xAF,0xB3,0x15,0xCD,0xB8,0xCD,0x9B,0xDE,0x5A,0xCE,0xB0,0x73,0x3A,0xBE,0x7B,0xC6,0x7B,0xC6,0x9B,0xC6,0xBC,0xCE,
    0xDC,0xCE,0xDC,0xCE,0xFD,0xD6,0x1D,0xDF,0x3E,0xDF,0x3E,0xDF,0x5E,0xE7,0x5E,0xE7,0x3E,0xE7,0x5E,0xE7,0x5E,0xE7,0x5E,0xE7,0x3E,0xE7,0x3E,0xE7,0x3D,0xE7,0x3D,0xDF,
    0x3D,0xDF,0x3D,0xDF,0x1D,0xDF,0x3E,0xDF,0x3E,0xDF,0x1D,0xDF,0xDC,0xD6,0xBC,0xCE,0xBC,0xCE,0x9B,0xCE,0x9B,0xCE,0x5A,0xC6,0x73,0x8C,0xBB,0xDE,0xF9,0xD5,0x15,0xCD,
    0x52,0xC4,0x4E,0xB3,0x8E,0xCB,0x4D,0xD3,0x49,0xC2,0x8A,0xDA,0xAA,0xE2,0x8A,0xD2,0x69,0xC2,0x00,0x00,0xAA,0xAA,0x00,0x00,0x00,0x00,0x00,0x00,0x00,0x00,0x00,0x00,
    0x00,0x00,0x00,0x00,0x00,0x00,0x00,0x00,0x00,0x00,0x00,0x00,0x00,0x00,0x00,0x00,0x00,0x00,0x00,0x00,0x00,0x00,0x00,0x00,0x00,0x00,0x00,0x00,0x00,0x00,0x00,0x00,
    0x00,0x00,0x00,0x00,0x00,0x00,0x00,0xF8,0x00,0x00,0xAE,0xDB,0x69,0xCA,0x69,0xDA,0x69,0xDA,0x08,0xCA,0xAB,0xCA,0x2D,0xCB,0x4E,0xC3,0xD4,0xD4,0x56,0xCD,0x97,0xCD,
    0x9B,0xDE,0x7A,0xCE,0xF1,0x7B,0x5E,0xE7,0x9F,0xEF,0xDC,0xD6,0x9B,0xC6,0x7B,0xC6,0xF9,0xB5,0xD4,0x94,0x4E,0x63,0xAC,0x4A,0xAC,0x4A,0xAB,0x4A,0xAB,0x4A,0xAB,0x4A,
    0xAB,0x4A,0x8B,0x4A,0xAB,0x4A,0xAB,0x4A,0x8B,0x4A,0x8A,0x4A,0x8A,0x4A,0x6A,0x4A,0x6A,0x4A,0x8B,0x4A,0xAB,0x4A,0xAC,0x52,0x8F,0x6B,0x36,0xA5,0x3A,0xC6,0x5A,0xC6,
    0x9B,0xCE,0xFC,0xD6,0xBF,0xF7,0x5E,0xE7,0x92,0x8C,0x9B,0xD6,0xF9,0xD5,0x15,0xCD,0xD4,0xD4,0x52,0xD4,0x4E,0xC3,0x6D,0xD3,0xAA,0xC2,0x69,0xCA,0xA9,0xDA,0xA9,0xE2,
    0x89,0xCA,0xFF,0xFF,0x00,0xF8,0x00,0x00,0x00,0x00,0x00,0x00,0x00,0x00,0x00,0x00,0x00,0x00,0x00,0x00,0x00,0x00,0x00,0x00,0x00,0x00,0x00,0x00,0x00,0x00,0x00,0x00,
    0x00,0x00,0x00,0x00,0x00,0x00,0x00,0x00,0x00,0x00,0x00,0x00,0x00,0x00,0x00,0x00,0x00,0x00,0x00,0x00,0x00,0x00,0xAA,0xAA,0x00,0x00,0x69,0xBA,0x48,0xCA,0xA9,0xE2,
    0x48,0xD2,0x89,0xCA,0xCB,0xCA,0x4D,0xCB,0x52,0xDC,0x15,0xDD,0x56,0xCD,0xF8,0xCD,0xDC,0xE6,0x9B,0xD6,0x4E,0x63,0x6E,0x63,0x2E,0x63,0xE8,0x31,0x67,0x21,0x46,0x21,
    0x67,0x21,0x67,0x21,0x05,0x19,0x26,0x19,0x46,0x21,0x26,0x19,0x46,0x19,0x46,0x19,0x46,0x19,0x46,0x19,0x46,0x19,0x46,0x19,0x26,0x19,0x26,0x19,0x26,0x19,0x26,0x19,
    0x26,0x19,0x26,0x19,0x46,0x21,0x46,0x21,0x46,0x21,0x87,0x29,0x67,0x21,0x46,0x21,0x66,0x21,0x09,0x3A,0x2D,0x5B,0x0D,0x5B,0x8F,0x6B,0xFC,0xE6,0x7A,0xDE,0x77,0xCD,
    0xF5,0xCC,0xD4,0xD4,0x31,0xD4,0x6E,0xCB,0x2C,0xD3,0xAA,0xCA,0x69,0xD2,0x89,0xDA,0x49,0xCA,0x8A,0xC2,0x00,0x00,0xEF,0xFB,0x00,0x00,0x00,0x00,0x00,0x00,0x00,0x00,
    0x00,0x00,0x00,0x00,0x00,0x00,0x00,0x00,0x00,0x00,0x00,0x00,0x00,0x00,0x00,0x00,0x00,0x00,0x00,0x00,0x00,0x00,0x00,0x00,0x00,0x00,0x00,0x00,0x00,0x00,0x00,0x00,
    0x00,0x00,0x00,0x00,0x00,0x00,0xAA,0xAA,0x00,0x00,0x69,0xCA,0x68,0xDA,0xA9,0xE2,0x68,0xCA,0x8A,0xC2,0x4D,0xCB,0x10,0xDC,0xD4,0xDC,0x35,0xD5,0x97,0xCD,0x19,0xCE,
    0x1D,0xEF,0x14,0x9D,0x42,0x00,0xE5,0x10,0x26,0x19,0xA8,0x29,0xE9,0x31,0xC9,0x29,0xE9,0x31,0xE9,0x31,0x09,0x32,0x09,0x32,0x09,0x32,0x0A,0x32,0x0A,0x32,0x0A,0x32,
    0x0A,0x32,0x0A,0x32,0x0A,0x32,0x0A,0x32,0x0A,0x32,0x0A,0x32,0x0A,0x32,0x0A,0x32,0x0A,0x32,0x0A,0x32,0x0A,0x32,0x09,0x32,0x0A,0x32,0x09,0x32,0xE9,0x29,0xE9,0x29,
    0xE9,0x29,0xA7,0x21,0x25,0x19,0xA4,0x08,0x05,0x19,0x19,0xC6,0xBC,0xE6,0xB8,0xCD,0x56,0xCD,0xF5,0xD4,0xB3,0xDC,0x10,0xDC,0x2C,0xCB,0x8A,0xCA,0x48,0xCA,0x89,0xDA,
    0x08,0xCA,0x08,0xBA,0x00,0x00,0xAA,0xAA,0x00,0x00,0x00,0x00,0x00,0x00,0x00,0x00,0x00,0x00,0x00,0x00,0x00,0x00,0x00,0x00,0x00,0x00,0x00,0x00,0x00,0x00,0x00,0x00,
    0x00,0x00,0x00,0x00,0x00,0x00,0x00,0x00,0x00,0x00,0x00,0x00,0x00,0x00,0x00,0x00,0x00,0x00,0x00,0x00,0x00,0x00,0x00,0xF8,0x00,0x00,0x07,0xBA,0x28,0xDA,0xA9,0xE2,
    0x48,0xC2,0x2C,0xCB,0x50,0xDC,0x92,0xDC,0x15,0xDD,0x56,0xD5,0x97,0xCD,0xBB,0xDE,0xBB,0xDE,0x25,0x21,0x05,0x19,0xE9,0x31,0x09,0x3A,0xE9,0x31,0xE9,0x31,0xE9,0x31,
    0xE9,0x31,0xE9,0x31,0xE9,0x31,0xE9,0x31,0xE9,0x31,0xE9,0x31,0xE9,0x31,0xE9,0x31,0xE9,0x31,0xE9,0x31,0xE9,0x31,0xE9,0x31,0xE9,0x31,0xE9,0x31,0xE9,0x31,0xE9,0x31,
    0xE9,0x31,0xE9,0x31,0xE9,0x31,0xE9,0x31,0xE9,0x31,0xE9,0x29,0xE9,0x29,0xE9,0x29,0xE9,0x29,0xE9,0x29,0x09,0x32,0x09,0x32,0x05,0x19,0xCC,0x5A,0xFD,0xEE,0x3A,0xDE,
    0x77,0xCD,0x15,0xD5,0xD4,0xDC,0x51,0xDC,0xAF,0xDB,0x8A,0xC2,0xE7,0xB9,0x8A,0xDA,0x08,0xD2,0x28,0xC2,0x00,0x00,0x00,0x00,0x00,0x00,0x00,0x00,0x00,0x00,0x00,0x00,
    0x00,0x00,0x00,0x00,0x00,0x00,0x00,0x00,0x00,0x00,0x00,0x00,0x00,0x00,0x00,0x00,0x00,0x00,0x00,0x00,0x00,0x00,0x00,0x00,0x00,0x00,0x00,0x00,0x00,0x00,0x00,0x00,
    0x00,0x00,0x00,0x00,0x00,0xF8,0x00,0x00,0x27,0xA2,0xA6,0xA1,0x28,0xCA,0x69,0xCA,0x89,0xBA,0x10,0xDC,0x92,0xDC,0x14,0xE5,0x76,0xDD,0x77,0xCD,0xD8,0xCD,0x5D,0xEF,
    0x72,0x8C,0x41,0x00,0xE8,0x31,0xE9,0x29,0xE9,0x31,0xE9,0x31,0xE9,0x29,0xE9,0x31,0xE9,0x31,0xE9,0x31,0xE9,0x31,0xE9,0x31,0xE9,0x31,0xE9,0x31,0xE9,0x31,0xE9,0x31,
    0xE9,0x31,0xE9,0x31,0xE9,0x31,0xE9,0x31,0xE9,0x31,0xE9,0x31,0xE9,0x31,0xE9,0x31,0xE9,0x31,0xE9,0x31,0xE9,0x31,0xEA,0x31,0xEA,0x31,0xE9,0x31,0xE9,0x29,0xE9,0x29,
    0xE9,0x29,0xC9,0x29,0xC9,0x29,0xE9,0x31,0xE9,0x31,0x05,0x19,0xB8,0xBD,0xDD,0xEE,0xB8,0xCD,0x36,0xD5,0x14,0xDD,0x92,0xE4,0x10,0xE4,0x0C,0xCB,0xC7,0xB1,0x28,0xC2,
    0x08,0xC2,0xC7,0xA9,0xAA,0xB2,0x00,0x00,0x00,0xF8,0x00,0x00,0x00,0x00,0x00,0x00,0x00,0x00,0x00,0x00,0x00,0x00,0x00,0x00,0x00,0x00,0x00,0x00,0x00,0x00,0x00,0x00,
    0x00,0x00,0x00,0x00,0x00,0x00,0x00,0x00,0x00,0x00,0x00,0x00,0x00,0x00,0x00,0x00,0x00,0x00,0x00,0x00,0xAA,0xAA,0x00,0x00,0xE7,0x99,0xA6,0x99,0xC7,0xA9,0x07,0xB2,
    0x4D,0xCB,0x92,0xE4,0xF4,0xE4,0x56,0xE5,0x97,0xDD,0xB8,0xCD,0x3A,0xD6,0x7E,0xF7,0x71,0x8C,0x62,0x08,0xC8,0x29,0xE9,0x29,0xE9,0x31,0xE9,0x31,0xE9,0x29,0xC9,0x29,
    0xC9,0x29,0xC9,0x29,0xA8,0x29,0xA8,0x29,0xC9,0x29,0xA8,0x29,0xA8,0x29,0xC9,0x29,0xC9,0x29,0xC9,0x29,0xC9,0x29,0xC9,0x29,0xC9,0x29,0xC9,0x29,0xC9,0x29,0xC9,0x29,
    0xC9,0x29,0xC9,0x29,0xC9,0x29,0xC9,0x29,0xA8,0x29,0xA8,0x29,0xC9,0x29,0xE9,0x31,0xE9,0x31,0xE9,0x29,0xE9,0x31,0xEA,0x31,0xE9,0x31,0xC4,0x10,0xF8,0xBD,0x3E,0xEF,
    0x19,0xD6,0x76,0xCD,0x35,0xD5,0xF3,0xE4,0x51,0xE4,0xAF,0xDB,0x8A,0xBA,0xC7,0xA9,0xE7,0xA9,0xC7,0x99,0x2C,0xB3,0x00,0x00,0xEF,0x7B,0x00,0x00,0x00,0x00,0x00,0x00,
    0x00,0x00,0x00,0x00,0x00,0x00,0x00,0x00,0x00,0x00,0x00,0x00,0x00,0x00,0x00,0x00,0x00,0x00,0x00,0x00,0x00,0x00,0x00,0x00,0x00,0x00,0x00,0x00,0x00,0x00,0x00,0x00,
    0x00,0x00,0x00,0x00,0x00,0x50,0x00,0x00,0x86,0x79,0xC7,0x91,0x29,0xA2,0x8A,0xB2,0xF0,0xD3,0xF4,0xE4,0x76,0xE5,0x97,0xE5,0xB8,0xD5,0xF9,0xCD,0x7B,0xD6,0x9F,0xF7,
    0x11,0x84,0x63,0x08,0xC9,0x31,0xC9,0x29,0xC8,0x29,0xA8,0x29,0x88,0x29,0x88,0x21,0xA8,0x29,0xC9,0x29,0xC9,0x29,0xC9,0x29,0xC9,0x29,0xA8,0x29,0xA8,0x29,0xA8,0x29,
    0xA8,0x21,0xA8,0x29,0xA8,0x21,0xA8,0x21,0xA8,0x21,0xA8,0x21,0xA8,0x21,0xC8,0x21,0xA8,0x21,0xA8,0x21,0xA8,0x21,0xA8,0x21,0xA8,0x21,0x88,0x21,0x88,0x21,0x88,0x29,
    0xA8,0x29,0xC8,0x21,0xC9,0x29,0x0A,0x32,0xE9,0x29,0xA3,0x10,0xB7,0xBD,0x5E,0xF7,0x5A,0xDE,0xB8,0xCD,0x56,0xD5,0x35,0xDD,0xF4,0xE4,0x51,0xE4,0x8E,0xCB,0xEB,0xB2,
    0x8A,0xAA,0xC8,0x91,0x08,0x92,0x00,0x00,0xAA,0x52,0x00,0x00,0x00,0x00,0x00,0x00,0x00,0x00,0x00,0x00,0x00,0x00,0x00,0x00,0x00,0x00,0x00,0x00,0x00,0x00,0x00,0x00,
    0x00,0x00,0x00,0x00,0x00,0x00,0x00,0x00,0x00,0x00,0x00,0x00,0x00,0x00,0x00,0x00,0x00,0x00,0x00,0x00,0x00,0x00,0x00,0x00,0x24,0x61,0x8B,0x9A,0xD0,0xCB,0xF0,0xCB,
    0x72,0xD4,0x55,0xED,0xB7,0xED,0x97,0xDD,0xB8,0xCD,0x7B,0xD6,0xBC,0xDE,0xBF,0xF7,0xAF,0x73,0x84,0x08,0x88,0x29,0x88,0x21,0x88,0x21,0xA8,0x29,0xC9,0x31,0x0A,0x32,
    0x4B,0x3A,0x6C,0x42,0x8C,0x42,0x8C,0x42,0x2B,0x3A,0x0A,0x32,0x0A,0x32,0x0A,0x32,0x0A,0x32,0x0A,0x32,0x0A,0x32,0x0A,0x32,0xE9,0x31,0x0A,0x32,0x09,0x32,0x09,0x2A,
    0x09,0x2A,0x09,0x32,0x0A,0x32,0x0A,0x32,0x0A,0x32,0xEA,0x31,0xC9,0x29,0xA9,0x29,0xA9,0x29,0xA8,0x21,0xA8,0x21,0xC8,0x21,0xA8,0x29,0x62,0x08,0x35,0xAD,0x7E,0xF7,
    0x7B,0xDE,0xF9,0xCD,0x76,0xCD,0x56,0xDD,0x55,0xE5,0x14,0xE5,0x72,0xD4,0x31,0xCC,0xF0,0xC3,0x6B,0x9A,0x04,0x61,0x00,0x00,0x0A,0x50,0x00,0x00,0x00,0x00,0x00,0x00,
    0x00,0x00,0x00,0x00,0x00,0x00,0x00,0x00,0x00,0x00,0x00,0x00,0x00,0x00,0x00,0x00,0x00,0x00,0x00,0x00,0x00,0x00,0x00,0x00,0x00,0x00,0x00,0x00,0x00,0x00,0x00,0x00,
    0x00,0x00,0x00,0x00,0x00,0x00,0xFF,0xFF,0x24,0x51,0x6E,0xA3,0x73,0xCC,0x93,0xCC,0x35,0xDD,0xD7,0xED,0xF8,0xE5,0xB7,0xD5,0x19,0xCE,0x9B,0xD6,0xDC,0xD6,0xDF,0xF7,
    0xF0,0x7B,0x83,0x08,0xC9,0x31,0xC9,0x29,0xC8,0x29,0xE9,0x31,0x4B,0x3A,0x6B,0x42,0x4B,0x3A,0x6B,0x42,0x6B,0x42,0x2A,0x3A,0xC9,0x29,0xE9,0x29,0xE9,0x29,0xE9,0x29,
    0xE9,0x29,0xE9,0x29,0xE9,0x29,0xE9,0x31,0xE9,0x31,0xE9,0x31,0xE9,0x29,0xE9,0x29,0xE9,0x29,0xE9,0x29,0xE9,0x29,0xE9,0x29,0xE9,0x31,0xE9,0x31,0xC9,0x31,0xE9,0x31,
    0xE9,0x31,0xE9,0x31,0xEA,0x31,0xC9,0x29,0x67,0x21,0x62,0x08,0x55,0xAD,0xBF,0xF7,0xBC,0xD6,0x5A,0xD6,0xD8,0xCD,0xB7,0xD5,0xB7,0xE5,0x97,0xED,0x35,0xDD,0x92,0xCC,
    0x72,0xC4,0x8C,0x8A,0xA3,0x48,0x00,0x00,0x00,0x50,0x00,0x00,0x00,0x00,0x00,0x00,0x00,0x00,0x00,0x00,0x00,0x00,0x00,0x00,0x00,0x00,0x00,0x00,0x00,0x00,0x00,0x00,
    0x00,0x00,0x00,0x00,0x00,0x00,0x00,0x00,0x00,0x00,0x00,0x00,0x00,0x00,0x00,0x00,0x00,0x00,0xFF,0xFF,0x00,0x00,0xF9,0xED,0x66,0x51,0xD0,0xA3,0x36,0xCD,0x56,0xD5,
    0xD7,0xE5,0x38,0xEE,0x19,0xDE,0xD8,0xCD,0x5A,0xD6,0xBB,0xD6,0x1C,0xDF,0xFF,0xFF,0xF0,0x7B,0x83,0x08,0xE9,0x31,0xE9,0x31,0xC9,0x29,0x4B,0x3A,0x6B,0x3A,0x4B,0x3A,
    0x4B,0x3A,0x6B,0x3A,0x4B,0x3A,0xE9,0x31,0xE9,0x29,0xE9,0x29,0x09,0x2A,0xE9,0x29,0xE9,0x29,0xE9,0x29,0xE9,0x31,0xE9,0x31,0xE9,0x31,0xE9,0x31,0xE9,0x31,0xE9,0x29,
    0xE9,0x29,0xE9,0x31,0xE9,0x31,0xE9,0x31,0xE9,0x31,0xE9,0x31,0xC9,0x31,0xC9,0x31,0xE9,0x31,0xC9,0x31,0xE9,0x31,0x0A,0x32,0x87,0x29,0x62,0x08,0x55,0xAD,0xBF,0xF7,
    0xFD,0xDE,0x9B,0xD6,0x3A,0xCE,0xD8,0xCD,0xF8,0xDD,0x18,0xE6,0xF7,0xE5,0x35,0xD5,0xB3,0xBC,0xCC,0x82,0x04,0x41,0x00,0x00,0x00,0x78,0x00,0x00,0x00,0x00,0x00,0x00,
    0x00,0x00,0x00,0x00,0x00,0x00,0x00,0x00,0x00,0x00,0x00,0x00,0x00,0x00,0x00,0x00,0x00,0x00,0x00,0x00,0x00,0x00,0x00,0x00,0x00,0x00,0x00,0x00,0x00,0x00,0x00,0x00,
    0x00,0x00,0x0A,0x50,0x00,0x00,0xA3,0x28,0x0D,0x7B,0x16,0xBD,0x97,0xCD,0x19,0xE6,0x9A,0xF6,0x9A,0xEE,0x39,0xD6,0x39,0xCE,0x9B,0xDE,0xFC,0xDE,0xD7,0xBD,0xBF,0xFF,
    0x10,0x7C,0xA3,0x08,0xE9,0x31,0xE9,0x31,0x4A,0x32,0x6B,0x3A,0x6B,0x3A,0x6B,0x3A,0x4B,0x3A,0x4B,0x3A,0xE9,0x29,0xC9,0x29,0xE9,0x29,0xE9,0x29,0xE9,0x29,0xE9,0x29,
    0xE9,0x29,0xE9,0x29,0xE9,0x29,0xE9,0x31,0xE9,0x31,0xE9,0x31,0xE9,0x29,0xE9,0x29,0xE9,0x29,0xE9,0x31,0xE9,0x31,0xE9,0x31,0xE9,0x31,0xE9,0x29,0xE9,0x31,0xE9,0x31,
    0xE9,0x31,0xE9,0x31,0xE9,0x31,0x0A,0x32,0xA8,0x29,0x62,0x08,0x76,0xAD,0xBF,0xF7,0x39,0xC6,0xFD,0xDE,0x7B,0xD6,0xF9,0xCD,0x19,0xD6,0x7A,0xEE,0x79,0xEE,0xD7,0xDD,
    0xB3,0xB4,0x32,0x9C,0xE8,0x49,0x20,0x10,0x00,0x00,0x00,0x00,0x00,0x00,0x00,0x00,0x00,0x00,0x00,0x00,0x00,0x00,0x00,0x00,0x00,0x00,0x00,0x00,0x00,0x00,0x00,0x00,
    0x00,0x00,0x00,0x00,0x00,0x00,0x00,0x00,0x00,0x00,0x00,0x00,0x00,0x00,0x00,0x00,0x00,0x00,0x00,0x00,0x00,0x00,0x01,0x08,0x90,0x7B,0xD8,0xC5,0xF8,0xCD,0x9A,0xE6,
    0xFB,0xF6,0xDB,0xE6,0x5A,0xCE,0x7A,0xCE,0xDC,0xDE,0xDC,0xDE,0xCC,0x5A,0x9E,0xF7,0x31,0x84,0xA3,0x08,0xE9,0x31,0x2B,0x3A,0x8B,0x3A,0x8B,0x3A,0x6C,0x42,0x6B,0x42,
    0x4B,0x3A,0x0A,0x32,0xE9,0x29,0xE9,0x29,0xE9,0x29,0xE9,0x29,0xE9,0x31,0xE9,0x31,0xE9,0x31,0xE9,0x29,0xE9,0x29,0xE9,0x31,0xE9,0x31,0xE9,0x29,0xE9,0x29,0xE9,0x29,
    0xE9,0x29,0xE9,0x29,0xE9,0x29,0xE9,0x29,0xE9,0x29,0xE9,0x29,0xE9,0x29,0xE9,0x29,0xE9,0x29,0xE9,0x31,0xE9,0x29,0x09,0x32,0xA7,0x29,0x62,0x08,0xB7,0xB5,0x7E,0xEF,
    0x31,0x84,0x3D,0xE7,0xBC,0xD6,0x5A,0xCE,0x1A,0xCE,0x9B,0xE6,0xBB,0xEE,0x39,0xE6,0x36,0xBD,0x16,0xAD,0x09,0x4A,0x01,0x08,0x00,0x00,0x00,0x00,0x00,0x00,0x00,0x00,
    0x00,0x00,0x00,0x00,0x00,0x00,0x00,0x00,0x00,0x00,0x00,0x00,0x00,0x00,0x00,0x00,0x00,0x00,0x00,0x00,0x00,0x00,0x00,0x00,0x00,0x00,0x00,0x00,0x00,0x00,0x00,0x00,
    0x00,0x00,0x00,0x00,0xEF,0xFF,0x01,0x00,0xB0,0x7B,0x19,0xCE,0x39,0xD6,0x1C,0xEF,0x3D,0xF7,0xBB,0xDE,0x7A,0xCE,0xBB,0xD6,0x5D,0xE7,0x35,0x9D,0x25,0x21,0xDF,0xF7,
    0x10,0x7C,0x83,0x08,0xEA,0x31,0x6B,0x42,0x8C,0x42,0x8C,0x3A,0x6C,0x42,0x6C,0x42,0x2A,0x3A,0xC9,0x29,0xE9,0x29,0xE9,0x29,0xE9,0x29,0xC9,0x29,0xE9,0x29,0xE9,0x29,
    0xE9,0x29,0xE9,0x29,0xE9,0x29,0xE9,0x29,0xE9,0x29,0xE9,0x29,0xE9,0x29,0xE9,0x29,0xE9,0x29,0xE9,0x29,0xE9,0x31,0xE9,0x31,0xE9,0x31,0xE9,0x31,0xE9,0x29,0xE9,0x29,
    0xE9,0x29,0xE9,0x31,0x0A,0x32,0x09,0x2A,0xA8,0x29,0x83,0x08,0x97,0xB5,0xBF,0xF7,0x4A,0x4A,0xB7,0xAD,0xFD,0xDE,0x5B,0xC6,0x3A,0xC6,0xBB,0xDE,0x1C,0xEF,0x9B,0xE6,
    0xB8,0xBD,0xB9,0xB5,0x6B,0x4A,0x01,0x00,0xEF,0x7B,0x00,0x00,0x00,0x00,0x00,0x00,0x00,0x00,0x00,0x00,0x00,0x00,0x00,0x00,0x00,0x00,0x00,0x00,0x00,0x00,0x00,0x00,
    0x00,0x00,0x00,0x00,0x00,0x00,0x00,0x00,0x00,0x00,0x00,0x00,0x00,0x00,0x00,0x00,0x00,0x00,0x00,0x00,0x20,0x00,0x01,0x00,0xD1,0x7B,0x5B,0xCE,0x9B,0xD6,0x5D,0xEF,
    0x7E,0xEF,0x9B,0xD6,0x9B,0xCE,0x1D,0xDF,0x7E,0xEF,0x6A,0x4A,0xE4,0x18,0xFF,0xFF,0xF0,0x7B,0x42,0x00,0xC9,0x31,0x4B,0x42,0x6B,0x3A,0x6B,0x3A,0x6B,0x3A,0x2A,0x3A,
    0x88,0x21,0x88,0x21,0x88,0x21,0x88,0x21,0xA8,0x29,0xA8,0x21,0xA8,0x21,0xA8,0x21,0xA8,0x29,0xA8,0x29,0xA8,0x21,0xA8,0x29,0xA8,0x29,0xA8,0x21,0xA8,0x21,0xA8,0x21,
    0xA8,0x21,0xA8,0x29,0x88,0x29,0x88,0x29,0x88,0x21,0x88,0x21,0x67,0x21,0x67,0x21,0x87,0x21,0xC9,0x29,0xE9,0x31,0x0A,0x32,0xA9,0x29,0x83,0x08,0x96,0xB5,0xDF,0xFF,
    0x04,0x19,0x8F,0x6B,0x5F,0xE7,0x7C,0xCE,0x3A,0xBE,0xBB,0xD6,0x5D,0xEF,0x3D,0xEF,0x3A,0xC6,0x3A,0xBE,0x8B,0x4A,0x41,0x08,0x00,0x00,0x00,0x00,0x00,0x00,0x00,0x00,
    0x00,0x00,0x00,0x00,0x00,0x00,0x00,0x00,0x00,0x00,0x00,0x00,0x00,0x00,0x00,0x00,0x00,0x00,0x00,0x00,0x00,0x00,0x00,0x00,0x00,0x00,0x00,0x00,0x00,0x00,0x00,0x00,
    0x00,0x00,0x00,0x00,0xC4,0x18,0x6F,0x6B,0x77,0xA5,0x5B,0xC6,0xDC,0xD6,0x7E,0xEF,0x5E,0xE7,0x9B,0xCE,0xBC,0xD6,0x3E,0xE7,0xF8,0xBD,0x25,0x19,0x25,0x19,0xDF,0xF7,
    0xF0,0x7B,0x42,0x00,0xA8,0x29,0x2A,0x3A,0x2A,0x3A,0x4B,0x3A,0x0A,0x32,0x67,0x21,0x27,0x19,0x27,0x19,0x26,0x19,0x27,0x19,0x27,0x21,0x46,0x19,0x46,0x19,0x46,0x19,
    0x47,0x19,0x47,0x21,0x47,0x21,0x47,0x21,0x47,0x19,0x47,0x19,0x47,0x19,0x47,0x19,0x47,0x19,0x47,0x19,0x26,0x19,0x47,0x21,0x27,0x19,0x26,0x19,0x26,0x11,0x26,0x19,
    0x46,0x19,0x87,0x21,0xA8,0x21,0xC9,0x29,0xA8,0x29,0x63,0x08,0x56,0xAD,0x9F,0xF7,0x25,0x21,0xA8,0x31,0xDD,0xD6,0xFE,0xDE,0x3A,0xC6,0x9B,0xCE,0x5E,0xEF,0x5E,0xEF,
    0x5B,0xCE,0x1A,0xBE,0xD5,0x94,0x29,0x42,0x20,0x00,0x00,0x00,0x00,0x00,0x00,0x00,0x00,0x00,0x00,0x00,0x00,0x00,0x00,0x00,0x00,0x00,0x00,0x00,0x00,0x00,0x00,0x00,
    0x00,0x00,0x00,0x00,0x00,0x00,0x00,0x00,0x00,0x00,0x00,0x00,0x00,0x00,0x00,0x00,0x00,0x00,0xFF,0xFF,0xA4,0x10,0x94,0x8C,0x3B,0xBE,0x3B,0xC6,0xFD,0xD6,0x7F,0xEF,
    0x1D,0xDF,0x5B,0xC6,0xBC,0xCE,0x3E,0xE7,0x52,0x84,0x01,0x00,0x67,0x29,0xDF,0xFF,0xF0,0x7B,0x63,0x00,0xA8,0x29,0x0A,0x32,0x2A,0x32,0xE9,0x31,0x47,0x21,0x26,0x19,
    0x27,0x19,0x26,0x19,0x26,0x19,0x06,0x19,0x06,0x19,0x05,0x19,0x25,0x19,0x26,0x19,0x26,0x19,0x26,0x19,0x26,0x19,0x26,0x19,0x26,0x19,0x06,0x19,0x26,0x19,0x26,0x19,
    0x47,0x19,0x26,0x19,0x26,0x19,0x26,0x19,0x26,0x19,0x27,0x19,0x26,0x19,0x26,0x19,0x26,0x19,0x47,0x19,0x67,0x19,0xA8,0x29,0x67,0x21,0x22,0x00,0x55,0xAD,0x9F,0xF7,
    0x87,0x29,0xA4,0x10,0x3A,0xBE,0x3E,0xDF,0x9C,0xCE,0x7B,0xC6,0x3E,0xE7,0x5F,0xEF,0x5B,0xC6,0xFA,0xB5,0xDA,0xAD,0x2A,0x42,0x00,0x00,0x00,0x00,0x00,0x00,0x00,0x00,
    0x00,0x00,0x00,0x00,0x00,0x00,0x00,0x00,0x00,0x00,0x00,0x00,0x00,0x00,0x00,0x00,0x00,0x00,0x00,0x00,0x00,0x00,0x00,0x00,0x00,0x00,0x00,0x00,0x00,0x00,0x00,0x00,
    0x00,0x00,0xFF,0xFF,0xE5,0x18,0xB5,0x94,0x3B,0xC6,0x5C,0xC6,0xFD,0xDE,0x7F,0xEF,0xFD,0xDE,0x5C,0xC6,0xDD,0xD6,0xDC,0xD6,0xAC,0x52,0xA4,0x08,0x67,0x29,0xBF,0xF7,
    0x11,0x7C,0x63,0x00,0xA8,0x29,0x2A,0x32,0x0A,0x32,0x47,0x21,0x26,0x19,0x47,0x19,0x27,0x19,0x67,0x21,0x88,0x21,0x88,0x21,0x88,0x21,0xA7,0x21,0x87,0x21,0x66,0x19,
    0xA8,0x21,0x88,0x21,0x88,0x21,0x88,0x21,0x67,0x21,0x88,0x21,0x68,0x21,0x67,0x21,0x88,0x21,0xA8,0x21,0xA8,0x29,0x88,0x21,0x88,0x21,0x88,0x21,0x26,0x19,0x47,0x19,
    0x46,0x19,0x46,0x19,0x67,0x19,0x88,0x21,0x47,0x21,0x22,0x00,0x76,0xAD,0xBF,0xF7,0xC8,0x31,0xC5,0x10,0x94,0x8C,0x3E,0xDF,0x9C,0xCE,0x7B,0xC6,0x1E,0xDF,0x5E,0xE7,
    0x7B,0xC6,0xFA,0xAD,0xDA,0xAD,0x4B,0x42,0x01,0x00,0x00,0x00,0x00,0x00,0x00,0x00,0x00,0x00,0x00,0x00,0x00,0x00,0x00,0x00,0x00,0x00,0x00,0x00,0x00,0x00,0x00,0x00,
    0x00,0x00,0x00,0x00,0x00,0x00,0x00,0x00,0x00,0x00,0x00,0x00,0x00,0x00,0x00,0x00,0x00,0x00,0xFF,0xFF,0xC4,0x10,0xD5,0x94,0x7C,0xC6,0x5C,0xCE,0xFE,0xDE,0x7F,0xEF,
    0xDD,0xD6,0xBD,0xCE,0x5F,0xE7,0x7B,0xC6,0x05,0x19,0xE5,0x10,0x67,0x29,0xBF,0xF7,0x11,0x7C,0x63,0x00,0xA9,0x29,0x0A,0x32,0x88,0x21,0x46,0x19,0x46,0x19,0x27,0x19,
    0x67,0x21,0xA8,0x29,0xC9,0x29,0xA8,0x21,0xC8,0x21,0xC8,0x29,0xA8,0x21,0x67,0x19,0xC9,0x29,0xA8,0x29,0xA8,0x29,0xC9,0x29,0xC9,0x29,0xC9,0x29,0xC9,0x29,0x67,0x21,
    0xC9,0x29,0xC9,0x29,0xC8,0x29,0xC8,0x29,0xC9,0x29,0xC9,0x29,0x68,0x21,0x47,0x19,0x47,0x19,0x46,0x19,0x67,0x19,0x88,0x29,0x67,0x21,0x42,0x00,0x76,0xAD,0x9F,0xF7,
    0xC9,0x31,0xA4,0x10,0x4E,0x63,0x7E,0xE7,0xBC,0xCE,0x7C,0xC6,0x1E,0xDF,0x7F,0xEF,0x7B,0xC6,0x1B,0xB6,0x1B,0xB6,0x8C,0x42,0x42,0x00,0x00,0x00,0x00,0x00,0x00,0x00,
    0x00,0x00,0x00,0x00,0x00,0x00,0x00,0x00,0x00,0x00,0x00,0x00,0x00,0x00,0x00,0x00,0x00,0x00,0x00,0x00,0x00,0x00,0x00,0x00,0x00,0x00,0x00,0x00,0x00,0x00,0x00,0x00,
    0x00,0x00,0xFF,0xFF,0xA4,0x10,0xB5,0x94,0x7C,0xC6,0x9C,0xCE,0x3E,0xDF,0x97,0xAD,0x93,0x84,0x94,0x84,0xF5,0x94,0x0D,0x5B,0xA4,0x10,0x05,0x19,0x67,0x29,0xBF,0xF7,
    0x11,0x7C,0x63,0x00,0xA9,0x29,0xC9,0x29,0x47,0x19,0x46,0x19,0x26,0x19,0x26,0x19,0x88,0x29,0xA8,0x29,0x88,0x21,0x88,0x21,0x87,0x21,0x88,0x21,0x67,0x21,0x26,0x19,
    0x88,0x21,0x88,0x21,0x88,0x21,0x88,0x21,0x88,0x21,0x87,0x21,0x88,0x21,0x47,0x19,0x67,0x21,0x87,0x21,0x67,0x21,0x67,0x21,0x67,0x21,0x88,0x21,0xA8,0x29,0x47,0x19,
    0x27,0x19,0x26,0x19,0x47,0x21,0x88,0x29,0x68,0x29,0x42,0x00,0x76,0xAD,0x9F,0xEF,0xA8,0x31,0x06,0x19,0x67,0x21,0x72,0x84,0xD5,0x94,0x74,0x84,0x94,0x8C,0xB8,0xB5,
    0x7B,0xCE,0xFA,0xB5,0x1B,0xB6,0x8D,0x4A,0x63,0x08,0x00,0x00,0x00,0x00,0x00,0x00,0x00,0x00,0x00,0x00,0x00,0x00,0x00,0x00,0x00,0x00,0x00,0x00,0x00,0x00,0x00,0x00,
    0x00,0x00,0x00,0x00,0x00,0x00,0x00,0x00,0x00,0x00,0x00,0x00,0x00,0x00,0x00,0x00,0x00,0x00,0xFF,0xFF,0xC4,0x10,0x95,0x8C,0x7C,0xC6,0x7C,0xC6,0xB8,0xAD,0x19,0xB6,
    0x5A,0xC6,0x1A,0xBE,0xBB,0xCE,0x29,0x3A,0xC4,0x10,0x67,0x21,0x67,0x21,0xBF,0xF7,0x10,0x7C,0x83,0x00,0xA8,0x29,0x68,0x21,0x47,0x19,0x46,0x19,0x27,0x19,0x47,0x19,
    0x88,0x21,0x67,0x21,0x67,0x21,0x67,0x21,0x67,0x21,0x88,0x21,0x67,0x21,0x26,0x19,0x67,0x21,0x67,0x21,0x67,0x21,0x67,0x21,0x67,0x21,0x67,0x21,0x67,0x19,0x47,0x19,
    0x67,0x21,0x67,0x21,0x67,0x21,0x67,0x21,0x67,0x21,0x67,0x21,0x88,0x21,0x67,0x21,0x26,0x19,0x26,0x19,0x47,0x21,0x88,0x29,0x88,0x21,0x43,0x00,0x56,0xAD,0x9F,0xEF,
    0xA8,0x29,0xA7,0x29,0xC4,0x10,0x93,0x84,0xBC,0xD6,0x1A,0xBE,0x7B,0xCE,0xB8,0xB5,0x97,0xAD,0x3B,0xBE,0xFA,0xB5,0x8D,0x4A,0x42,0x00,0x00,0x00,0x00,0x00,0x00,0x00,
    0x00,0x00,0x00,0x00,0x00,0x00,0x00,0x00,0x00,0x00,0x00,0x00,0x00,0x00,0x00,0x00,0x00,0x00,0x00,0x00,0x00,0x00,0x00,0x00,0x00,0x00,0x00,0x00,0x00,0x00,0x00,0x00,
    0x00,0x00,0xFF,0xFF,0xA4,0x10,0x74,0x8C,0x5C,0xBE,0x57,0x9D,0xD9,0xB5,0x7F,0xE7,0x7B,0xC6,0x5F,0xE7,0xB7,0xAD,0x05,0x19,0x88,0x29,0x67,0x21,0x66,0x21,0xBF,0xF7,
    0x10,0x7C,0x83,0x00,0xA8,0x29,0x68,0x21,0x47,0x19,0x46,0x19,0x26,0x19,0x67,0x21,0x88,0x21,0x67,0x21,0x67,0x21,0x47,0x19,0x47,0x19,0x47,0x19,0x47,0x19,0x26,0x19,
    0x47,0x19,0x46,0x19,0x46,0x19,0x46,0x19,0x46,0x21,0x46,0x19,0x47,0x19,0x46,0x19,0x47,0x19,0x46,0x19,0x46,0x19,0x46,0x19,0x47,0x19,0x67,0x21,0x67,0x21,0x67,0x21,
    0x46,0x19,0x47,0x19,0x27,0x19,0x88,0x21,0x88,0x21,0x43,0x00,0x76,0xAD,0xBF,0xEF,0xC8,0x29,0x87,0x29,0x46,0x21,0x6B,0x42,0x1D,0xDF,0xBC,0xD6,0xDD,0xD6,0x3E,0xE7,
    0x37,0xA5,0x1A,0xB6,0xBA,0xAD,0x8C,0x42,0x42,0x00,0x00,0x00,0x00,0x00,0x00,0x00,0x00,0x00,0x00,0x00,0x00,0x00,0x00,0x00,0x00,0x00,0x00,0x00,0x00,0x00,0x00,0x00,
    0x00,0x00,0x00,0x00,0x00,0x00,0x00,0x00,0x00,0x00,0x00,0x00,0x00,0x00,0x00,0x00,0x00,0x00,0xFF,0xFF,0xC3,0x10,0x53,0x84,0x1B,0xB6,0xD5,0x8C,0x9C,0xCE,0x1D,0xDF,
    0x5A,0xC6,0x3E,0xDF,0x52,0x84,0x43,0x00,0xC9,0x31,0x26,0x19,0x67,0x21,0xBF,0xEF,0xF0,0x7B,0x63,0x00,0x88,0x29,0x67,0x21,0x47,0x19,0x46,0x19,0x26,0x19,0x67,0x21,
    0x88,0x21,0x67,0x21,0x47,0x19,0x26,0x19,0x26,0x19,0x26,0x19,0x26,0x19,0x26,0x19,0x46,0x19,0x46,0x19,0x46,0x19,0x45,0x19,0x46,0x19,0x46,0x19,0x47,0x19,0x47,0x19,
    0x47,0x19,0x47,0x19,0x47,0x19,0x47,0x19,0x47,0x19,0x67,0x21,0x87,0x21,0x67,0x21,0x26,0x19,0x47,0x19,0x47,0x21,0x88,0x21,0x88,0x21,0x43,0x00,0x76,0xAD,0xBF,0xF7,
    0xC7,0x31,0x66,0x21,0x67,0x21,0x67,0x21,0x9B,0xCE,0xDC,0xD6,0x9B,0xCE,0x3E,0xE7,0x99,0xAD,0xD6,0x8C,0x99,0xA5,0x4B,0x42,0x42,0x00,0x00,0x00,0x00,0x00,0x00,0x00,
    0x00,0x00,0x00,0x00,0x00,0x00,0x00,0x00,0x00,0x00,0x00,0x00,0x00,0x00,0x00,0x00,0x00,0x00,0x00,0x00,0x00,0x00,0x00,0x00,0x00,0x00,0x00,0x00,0x00,0x00,0x00,0x00,
    0x00,0x00,0xFF,0xFF,0xA3,0x10,0x73,0x84,0x78,0xA5,0xF6,0x94,0xBC,0xCE,0xBC,0xCE,0x9B,0xCE,0xDC,0xD6,0xAC,0x52,0xA4,0x10,0xA8,0x29,0x26,0x19,0x87,0x21,0xBF,0xEF,
    0x11,0x7C,0x63,0x00,0x88,0x29,0x67,0x21,0x47,0x19,0x46,0x19,0x46,0x19,0x67,0x21,0x67,0x21,0x67,0x21,0x47,0x19,0x26,0x19,0x47,0x19,0x47,0x19,0x26,0x19,0x26,0x19,
    0x46,0x19,0x46,0x19,0x46,0x19,0x46,0x19,0x66,0x19,0x46,0x19,0x47,0x19,0x46,0x19,0x47,0x19,0x47,0x19,0x47,0x19,0x47,0x19,0x47,0x19,0x67,0x19,0x87,0x21,0x67,0x21,
    0x26,0x19,0x26,0x19,0x47,0x19,0x88,0x21,0x88,0x21,0x43,0x00,0x76,0xAD,0xBF,0xF7,0xC7,0x31,0x66,0x21,0xC8,0x29,0x05,0x19,0xD4,0x94,0x3E,0xE7,0x9B,0xCE,0xFE,0xDE,
    0x1B,0xBE,0x96,0x84,0x58,0x9D,0x6C,0x42,0x22,0x00,0x00,0x00,0x00,0x00,0x00,0x00,0x00,0x00,0x00,0x00,0x00,0x00,0x00,0x00,0x00,0x00,0x00,0x00,0x00,0x00,0x00,0x00,
    0x00,0x00,0x00,0x00,0x00,0x00,0x00,0x00,0x00,0x00,0x00,0x00,0x00,0x00,0x00,0x00,0x00,0x00,0xFF,0xFF,0xA4,0x10,0x94,0x8C,0x95,0x8C,0xB9,0xAD,0xBD,0xCE,0x9C,0xCE,
    0x9C,0xCE,0xBC,0xCE,0x46,0x21,0x46,0x21,0xA8,0x29,0x46,0x19,0xA8,0x29,0xBF,0xF7,0x10,0x7C,0x63,0x00,0x88,0x29,0x67,0x21,0x46,0x19,0x26,0x19,0x47,0x19,0x67,0x21,
    0x67,0x21,0x67,0x21,0x26,0x19,0x47,0x19,0x47,0x19,0x47,0x19,0x26,0x19,0x26,0x19,0x47,0x19,0x46,0x19,0x46,0x19,0x66,0x19,0x66,0x19,0x46,0x19,0x47,0x19,0x47,0x19,
    0x47,0x19,0x47,0x19,0x47,0x19,0x47,0x19,0x47,0x19,0x47,0x19,0x67,0x21,0x67,0x21,0x46,0x19,0x26,0x19,0x27,0x19,0x88,0x21,0x88,0x21,0x43,0x00,0x76,0xAD,0xBF,0xF7,
    0xC8,0x31,0x66,0x21,0x0A,0x32,0xC4,0x10,0x2D,0x5B,0x5E,0xE7,0x7B,0xCE,0xBC,0xCE,0x9C,0xC6,0xD6,0x8C,0x17,0x95,0x6C,0x42,0x22,0x00,0x00,0x00,0x00,0x00,0x00,0x00,
    0x00,0x00,0x00,0x00,0x00,0x00,0x00,0x00,0x00,0x00,0x00,0x00,0x00,0x00,0x00,0x00,0x00,0x00,0x00,0x00,0x00,0x00,0x00,0x00,0x00,0x00,0x00,0x00,0x00,0x00,0x00,0x00,
    0x00,0x00,0xFF,0xFF,0xC4,0x10,0x53,0x84,0xF6,0x94,0x58,0xA5,0x9C,0xCE,0x5B,0xC6,0x9D,0xCE,0xB9,0xB5,0x05,0x19,0x67,0x21,0xA8,0x29,0x26,0x11,0x87,0x21,0xBF,0xF7,
    0x10,0x7C,0x83,0x00,0x88,0x29,0x47,0x19,0x47,0x19,0x26,0x19,0x47,0x19,0x67,0x21,0x67,0x21,0x47,0x19,0x26,0x19,0x26,0x19,0x47,0x19,0x47,0x19,0x26,0x19,0x26,0x19,
    0x47,0x19,0x47,0x19,0x47,0x19,0x46,0x19,0x46,0x19,0x46,0x19,0x47,0x21,0x26,0x19,0x47,0x19,0x47,0x19,0x46,0x19,0x46,0x19,0x47,0x19,0x47,0x19,0x47,0x19,0x68,0x21,
    0x47,0x19,0x26,0x19,0x47,0x19,0x88,0x21,0x88,0x21,0x63,0x00,0x76,0xAD,0xBF,0xF7,0xE8,0x31,0x47,0x21,0xE9,0x31,0x26,0x19,0xED,0x52,0xDD,0xD6,0xBC,0xCE,0x9B,0xCE,
    0x3A,0xB6,0xD5,0x8C,0xB5,0x84,0x4B,0x42,0x42,0x00,0x00,0x00,0x00,0x00,0x00,0x00,0x00,0x00,0x00,0x00,0x00,0x00,0x00,0x00,0x00,0x00,0x00,0x00,0x00,0x00,0x00,0x00,
    0x00,0x00,0x00,0x00,0x00,0x00,0x00,0x00,0x00,0x00,0x00,0x00,0x00,0x00,0x00,0x00,0x00,0x00,0xFF,0xFF,0xA4,0x10,0xF2,0x7B,0x37,0x9D,0xEE,0x52,0x9C,0xCE,0x5C,0xC6,
    0xFE,0xDE,0x4F,0x63,0x83,0x08,0xA7,0x29,0x87,0x21,0x26,0x11,0x87,0x21,0xBF,0xF7,0x11,0x7C,0x83,0x00,0x88,0x21,0x47,0x19,0x26,0x19,0x26,0x19,0x26,0x19,0x67,0x21,
    0x67,0x21,0x47,0x19,0x26,0x19,0x26,0x19,0x47,0x19,0x47,0x19,0x26,0x19,0x26,0x19,0x47,0x19,0x47,0x19,0x46,0x19,0x46,0x19,0x46,0x19,0x46,0x19,0x47,0x21,0x26,0x19,
    0x47,0x19,0x47,0x19,0x46,0x19,0x26,0x19,0x46,0x19,0x47,0x19,0x47,0x19,0x47,0x21,0x26,0x19,0x26,0x19,0x88,0x21,0xA8,0x29,0x88,0x21,0x63,0x00,0x96,0xAD,0xBF,0xF7,
    0xC8,0x31,0x47,0x19,0xC9,0x29,0x47,0x21,0x26,0x21,0xD9,0xBD,0xFD,0xD6,0xBC,0xCE,0x36,0x9D,0x2F,0x53,0x37,0x9D,0x0A,0x3A,0x42,0x08,0x00,0x00,0x00,0x00,0x00,0x00,
    0x00,0x00,0x00,0x00,0x00,0x00,0x00,0x00,0x00,0x00,0x00,0x00,0x00,0x00,0x00,0x00,0x00,0x00,0x00,0x00,0x00,0x00,0x00,0x00,0x00,0x00,0x00,0x00,0x00,0x00,0x00,0x00,
    0x00,0x00,0xFF,0xFF,0xE5,0x18,0x32,0x7C,0x57,0x9D,0xCD,0x4A,0x9C,0xCE,0x5C,0xC6,0x1E,0xDF,0x8C,0x4A,0xC4,0x10,0xC8,0x31,0x67,0x21,0x26,0x19,0x87,0x29,0xBF,0xF7,
    0xF1,0x7B,0x63,0x00,0x88,0x29,0x47,0x19,0x47,0x19,0x47,0x19,0x47,0x19,0x47,0x19,0x47,0x19,0x47,0x19,0x26,0x19,0x26,0x19,0x26,0x19,0x26,0x19,0x26,0x19,0x26,0x11,
    0x46,0x19,0x46,0x19,0x46,0x19,0x46,0x19,0x46,0x19,0x46,0x19,0x46,0x21,0x26,0x19,0x26,0x19,0x27,0x19,0x26,0x19,0x26,0x19,0x46,0x19,0x47,0x19,0x47,0x19,0x47,0x19,
    0x47,0x19,0x88,0x21,0xE9,0x29,0xA8,0x29,0x87,0x29,0x62,0x08,0x76,0xAD,0x9F,0xF7,0xC8,0x31,0x47,0x19,0xA8,0x29,0xA8,0x29,0x63,0x08,0x57,0xA5,0x1E,0xDF,0x9B,0xCE,
    0x16,0x95,0x2F,0x5B,0xD9,0xB5,0x2A,0x42,0x42,0x08,0x00,0x00,0x00,0x00,0x00,0x00,0x00,0x00,0x00,0x00,0x00,0x00,0x00,0x00,0x00,0x00,0x00,0x00,0x00,0x00,0x00,0x00,
    0x00,0x00,0x00,0x00,0x00,0x00,0x00,0x00,0x00,0x00,0x00,0x00,0x00,0x00,0x00,0x00,0x00,0x00,0x00,0x00,0x92,0x94,0x87,0x21,0x12,0x74,0x0E,0x53,0x9C,0xC6,0x7C,0xC6,
    0x3E,0xDF,0xAC,0x52,0xE4,0x10,0xC8,0x29,0x67,0x21,0x26,0x19,0x67,0x21,0xBF,0xF7,0xF0,0x7B,0x63,0x00,0x67,0x21,0x26,0x19,0x67,0x21,0x88,0x21,0x67,0x21,0x47,0x19,
    0x47,0x19,0x47,0x19,0x47,0x19,0x47,0x19,0x47,0x19,0x47,0x19,0x47,0x19,0x26,0x19,0x47,0x19,0x47,0x19,0x47,0x19,0x46,0x19,0x46,0x19,0x46,0x19,0x67,0x21,0x46,0x19,
    0x46,0x19,0x46,0x21,0x46,0x19,0x46,0x19,0x47,0x19,0x47,0x19,0x47,0x19,0x67,0x21,0x88,0x21,0xE9,0x31,0xE9,0x31,0xA8,0x29,0x68,0x29,0x63,0x08,0x76,0xAD,0x9F,0xF7,
    0xC8,0x31,0x46,0x19,0x88,0x21,0x88,0x29,0x63,0x08,0xF5,0x9C,0xDD,0xD6,0x9B,0xC6,0xD5,0x8C,0xED,0x52,0xCD,0x52,0x46,0x21,0x00,0x00,0x00,0x00,0x00,0x00,0x00,0x00,
    0x00,0x00,0x00,0x00,0x00,0x00,0x00,0x00,0x00,0x00,0x00,0x00,0x00,0x00,0x00,0x00,0x00,0x00,0x00,0x00,0x00,0x00,0x00,0x00,0x00,0x00,0x00,0x00,0x00,0x00,0x00,0x00,
    0x00,0x00,0x00,0x00,0x00,0x00,0x21,0x00,0x8F,0x63,0x2F,0x5B,0x5C,0xBE,0xDD,0xCE,0x1D,0xDF,0x4A,0x42,0x25,0x19,0xA8,0x29,0x67,0x21,0xE5,0x10,0x46,0x21,0xBF,0xF7,
    0xF0,0x7B,0x63,0x08,0x67,0x21,0x26,0x19,0x67,0x21,0x47,0x19,0x47,0x19,0x47,0x19,0x47,0x19,0x26,0x19,0x26,0x19,0x26,0x19,0x47,0x19,0x47,0x19,0x26,0x19,0x26,0x11,
    0x47,0x19,0x46,0x19,0x46,0x19,0x46,0x19,0x46,0x19,0x46,0x19,0x46,0x19,0x26,0x19,0x46,0x19,0x46,0x19,0x46,0x19,0x46,0x19,0x46,0x19,0x47,0x19,0x47,0x19,0x88,0x21,
    0xE9,0x31,0xC9,0x31,0xC9,0x31,0xA9,0x29,0x67,0x29,0x63,0x08,0x76,0xAD,0x9F,0xEF,0xA8,0x29,0x26,0x19,0x67,0x21,0xA8,0x29,0xC4,0x10,0x32,0x84,0xDC,0xD6,0xBC,0xCE,
    0xB4,0x8C,0xCD,0x52,0x0A,0x3A,0x01,0x00,0x00,0x00,0x00,0x00,0x00,0x00,0x00,0x00,0x00,0x00,0x00,0x00,0x00,0x00,0x00,0x00,0x00,0x00,0x00,0x00,0x00,0x00,0x00,0x00,
    0x00,0x00,0x00,0x00,0x00,0x00,0x00,0x00,0x00,0x00,0x00,0x00,0x00,0x00,0x00,0x00,0x00,0x00,0x00,0x00,0xFF,0xFF,0x41,0x00,0x8F,0x6B,0x91,0x6B,0x1B,0xBE,0xFD,0xD6,
    0x19,0xBE,0x05,0x19,0xC8,0x31,0xA8,0x29,0x67,0x21,0xE4,0x10,0x67,0x21,0xBF,0xF7,0xF0,0x7B,0x63,0x00,0x67,0x21,0x26,0x19,0x47,0x19,0x26,0x19,0x26,0x19,0x47,0x19,
    0x47,0x19,0x26,0x19,0x26,0x19,0x26,0x19,0x47,0x19,0x47,0x19,0x26,0x19,0x26,0x11,0x47,0x19,0x46,0x19,0x26,0x19,0x26,0x19,0x26,0x19,0x46,0x19,0x46,0x19,0x26,0x19,
    0x46,0x19,0x46,0x19,0x46,0x19,0x46,0x19,0x47,0x19,0x46,0x19,0x67,0x21,0xE9,0x31,0xE9,0x31,0xC9,0x29,0xC9,0x29,0xC9,0x29,0x67,0x29,0x63,0x08,0x76,0xAD,0x7F,0xEF,
    0x87,0x29,0xE5,0x10,0x87,0x21,0xE9,0x31,0x46,0x19,0x29,0x3A,0x5A,0xC6,0xDC,0xCE,0x16,0x95,0x91,0x6B,0x09,0x3A,0x42,0x08,0x00,0x00,0x00,0x00,0x00,0x00,0x00,0x00,
    0x00,0x00,0x00,0x00,0x00,0x00,0x00,0x00,0x00,0x00,0x00,0x00,0x00,0x00,0x00,0x00,0x00,0x00,0x00,0x00,0x00,0x00,0x00,0x00,0x00,0x00,0x00,0x00,0x00,0x00,0x00,0x00,
    0x00,0x00,0x00,0x00,0x00,0x00,0x00,0x00,0x4E,0x63,0xB9,0xAD,0xFB,0xBD,0x1D,0xDF,0x76,0xAD,0x83,0x08,0xE8,0x31,0xA8,0x29,0x05,0x19,0xA4,0x08,0x67,0x29,0xBF,0xF7,
    0xD0,0x7B,0x43,0x00,0x67,0x21,0x26,0x19,0x47,0x19,0x47,0x19,0x47,0x19,0x47,0x19,0x47,0x19,0x26,0x19,0x26,0x19,0x26,0x19,0x47,0x19,0x47,0x19,0x27,0x19,0x06,0x11,
    0x47,0x19,0x47,0x19,0x47,0x19,0x26,0x19,0x47,0x19,0x47,0x19,0x47,0x19,0x26,0x19,0x47,0x19,0x47,0x19,0x47,0x19,0x47,0x19,0x46,0x19,0x47,0x19,0xE9,0x31,0xE9,0x31,
    0xE9,0x31,0xE9,0x29,0xE9,0x29,0xA8,0x29,0x67,0x21,0x62,0x00,0x76,0xAD,0x7F,0xEF,0x88,0x29,0xA4,0x08,0x67,0x21,0xE9,0x31,0xC8,0x29,0xC4,0x10,0x19,0xBE,0xDC,0xCE,
    0xD9,0xAD,0xB5,0x8C,0x87,0x29,0xC3,0x18,0x00,0x00,0x00,0x00,0x00,0x00,0x00,0x00,0x00,0x00,0x00,0x00,0x00,0x00,0x00,0x00,0x00,0x00,0x00,0x00,0x00,0x00,0x00,0x00,
    0x00,0x00,0x00,0x00,0x00,0x00,0x00,0x00,0x00,0x00,0x00,0x00,0x00,0x00,0x00,0x00,0x00,0x00,0x00,0x00,0x20,0x00,0x00,0x00,0xCC,0x52,0xFA,0xBD,0x1B,0xBE,0x3E,0xDF,
    0xD4,0x94,0x83,0x08,0xC8,0x29,0x66,0x21,0xC4,0x10,0xC4,0x10,0x87,0x29,0xDF,0xF7,0xF0,0x7B,0x63,0x08,0x67,0x21,0x26,0x19,0x47,0x19,0x47,0x19,0x26,0x19,0x47,0x19,
    0x47,0x19,0x26,0x19,0x26,0x19,0x47,0x19,0x47,0x19,0x27,0x19,0x27,0x19,0x26,0x11,0x27,0x19,0x47,0x19,0x46,0x19,0x26,0x19,0x46,0x19,0x47,0x19,0x47,0x19,0x26,0x19,
    0x27,0x19,0x47,0x19,0x47,0x19,0x47,0x19,0x47,0x19,0xA8,0x29,0xE9,0x31,0xC9,0x31,0xE9,0x31,0xE9,0x29,0xE9,0x29,0x87,0x21,0x67,0x21,0x42,0x00,0x76,0xAD,0x7F,0xEF,
    0x88,0x29,0xA4,0x08,0xE5,0x10,0xC8,0x29,0x09,0x32,0x05,0x19,0x77,0xAD,0xFD,0xD6,0x99,0xA5,0x95,0x84,0x26,0x21,0x87,0x31,0x00,0x00,0x00,0x00,0x00,0x00,0x00,0x00,
    0x00,0x00,0x00,0x00,0x00,0x00,0x00,0x00,0x00,0x00,0x00,0x00,0x00,0x00,0x00,0x00,0x00,0x00,0x00,0x00,0x00,0x00,0x00,0x00,0x00,0x00,0x00,0x00,0x00,0x00,0x00,0x00,
    0x00,0x00,0x00,0x00,0x20,0x00,0x00,0x00,0xED,0x5A,0x1B,0xBE,0x3B,0xBE,0x3E,0xE7,0x6E,0x63,0xC4,0x10,0xC8,0x29,0xE4,0x10,0xE4,0x10,0xE4,0x10,0xA8,0x29,0xDF,0xF7,
    0xF1,0x7B,0x83,0x00,0x87,0x21,0x46,0x19,0x46,0x19,0x46,0x19,0x47,0x19,0x47,0x19,0x47,0x19,0x47,0x19,0x47,0x19,0x47,0x19,0x27,0x19,0x47,0x19,0x26,0x19,0x26,0x11,
    0x47,0x19,0x46,0x19,0x46,0x19,0x26,0x19,0x46,0x19,0x46,0x19,0x47,0x19,0x26,0x19,0x47,0x19,0x47,0x19,0x47,0x19,0x47,0x19,0xA8,0x21,0xE9,0x31,0xE9,0x31,0xE9,0x29,
    0xE9,0x31,0xE9,0x29,0x87,0x21,0x46,0x19,0x87,0x21,0x42,0x00,0x76,0xAD,0x9F,0xEF,0x87,0x29,0xC4,0x10,0xC4,0x08,0x46,0x19,0x6A,0x42,0xE4,0x10,0x52,0x8C,0x1E,0xDF,
    0x98,0xA5,0xD5,0x8C,0x26,0x21,0x66,0x31,0x00,0x00,0x00,0x00,0x00,0x00,0x00,0x00,0x00,0x00,0x00,0x00,0x00,0x00,0x00,0x00,0x00,0x00,0x00,0x00,0x00,0x00,0x00,0x00,
    0x00,0x00,0x00,0x00,0x00,0x00,0x00,0x00,0x00,0x00,0x00,0x00,0x00,0x00,0x00,0x00,0x00,0x00,0x00,0x00,0x00,0x00,0x00,0x00,0xED,0x5A,0x1B,0xBE,0x1B,0xBE,0x3E,0xE7,
    0x4E,0x63,0xE5,0x10,0x87,0x29,0xC4,0x08,0xC4,0x10,0x26,0x19,0xA7,0x31,0xDF,0xF7,0xF0,0x7B,0x63,0x00,0x88,0x21,0x46,0x19,0x46,0x19,0x26,0x19,0x47,0x19,0x46,0x19,
    0x46,0x19,0x26,0x19,0x26,0x19,0x26,0x19,0x47,0x19,0x47,0x19,0x26,0x19,0x26,0x11,0x27,0x19,0x26,0x19,0x27,0x19,0x47,0x19,0x27,0x19,0x27,0x19,0x47,0x19,0x26,0x19,
    0x47,0x19,0x47,0x19,0x47,0x19,0x67,0x21,0xE9,0x29,0xE9,0x29,0xE9,0x29,0xE9,0x29,0xE9,0x31,0x67,0x21,0x46,0x19,0x67,0x19,0x87,0x21,0x42,0x00,0x76,0xAD,0x9F,0xEF,
    0xC8,0x31,0x05,0x19,0xE4,0x10,0x25,0x11,0x29,0x3A,0x63,0x00,0x11,0x7C,0x1E,0xDF,0x99,0xA5,0xD5,0x8C,0x26,0x21,0x66,0x29,0x00,0x00,0x00,0x00,0x00,0x00,0x00,0x00,
    0x00,0x00,0x00,0x00,0x00,0x00,0x00,0x00,0x00,0x00,0x00,0x00,0x00,0x00,0x00,0x00,0x00,0x00,0x00,0x00,0x00,0x00,0x00,0x00,0x00,0x00,0x00,0x00,0x00,0x00,0x00,0x00,
    0x00,0x00,0x00,0x00,0x00,0x00,0x00,0x00,0xED,0x52,0x1A,0xB6,0x3B,0xBE,0x1E,0xDF,0x2E,0x63,0xC4,0x10,0x25,0x19,0xA4,0x08,0x05,0x19,0x87,0x29,0xA7,0x31,0xFF,0xFF,
    0xF1,0x7B,0x63,0x00,0x88,0x21,0x47,0x19,0x47,0x19,0x47,0x19,0x67,0x21,0x67,0x21,0x67,0x21,0x67,0x21,0x67,0x21,0x67,0x21,0x47,0x21,0x67,0x21,0x67,0x21,0x67,0x19,
    0x67,0x19,0x67,0x19,0x67,0x19,0x67,0x19,0x67,0x19,0x47,0x19,0x67,0x21,0x67,0x21,0x67,0x21,0x67,0x21,0xA8,0x21,0xC8,0x29,0xE9,0x29,0xC9,0x29,0xC9,0x29,0xE9,0x31,
    0xA8,0x29,0x47,0x19,0x47,0x19,0x67,0x19,0x67,0x21,0x62,0x00,0x96,0xAD,0x9F,0xEF,0xC8,0x31,0xA7,0x29,0x05,0x11,0xE5,0x10,0xA7,0x29,0x83,0x08,0x11,0x7C,0x1E,0xDF,
    0x98,0xA5,0xD5,0x8C,0x26,0x19,0x87,0x31,0x00,0x00,0x00,0x00,0x00,0x00,0x00,0x00,0x00,0x00,0x00,0x00,0x00,0x00,0x00,0x00,0x00,0x00,0x00,0x00,0x00,0x00,0x00,0x00,
    0x00,0x00,0x00,0x00,0x00,0x00,0x00,0x00,0x00,0x00,0x00,0x00,0x00,0x00,0x00,0x00,0x00,0x00,0x00,0x00,0x00,0x00,0x00,0x00,0xED,0x52,0xFA,0xB5,0x5C,0xC6,0x1E,0xDF,
    0xCC,0x52,0xA4,0x10,0x06,0x19,0xE5,0x10,0xC8,0x29,0x66,0x21,0xC7,0x31,0xFF,0xF7,0x11,0x7C,0xA4,0x08,0xC9,0x31,0xC9,0x29,0xA9,0x29,0xA8,0x29,0xA8,0x29,0xA8,0x21,
    0x88,0x21,0xA8,0x29,0xA8,0x21,0x88,0x21,0xA8,0x29,0xA8,0x29,0xA8,0x21,0xA8,0x29,0x88,0x21,0x88,0x21,0xA8,0x29,0x88,0x21,0x88,0x21,0x88,0x21,0xA8,0x29,0xA8,0x29,
    0xC8,0x29,0xA8,0x29,0xC8,0x29,0xC9,0x29,0xC8,0x29,0xC8,0x29,0xC8,0x29,0xC8,0x29,0x88,0x21,0xA8,0x29,0xA8,0x29,0xA8,0x29,0xA7,0x29,0x62,0x00,0x76,0xAD,0xBF,0xF7,
    0xC8,0x31,0xA8,0x29,0x87,0x21,0xC4,0x08,0x25,0x19,0x83,0x08,0xF1,0x7B,0x1E,0xDF,0x98,0xAD,0xF5,0x94,0x25,0x21,0x86,0x31,0x00,0x00,0x00,0x00,0x00,0x00,0x00,0x00,
    0x00,0x00,0x00,0x00,0x00,0x00,0x00,0x00,0x00,0x00,0x00,0x00,0x00,0x00,0x00,0x00,0x00,0x00,0x00,0x00,0x00,0x00,0x00,0x00,0x00,0x00,0x00,0x00,0x00,0x00,0x00,0x00,
    0x00,0x00,0x00,0x00,0x00,0x00,0x00,0x00,0xED,0x52,0xFA,0xB5,0x7C,0xC6,0xFD,0xD6,0x6B,0x4A,0x83,0x08,0x25,0x19,0x87,0x29,0xA7,0x29,0x05,0x11,0xA7,0x29,0xFF,0xF7,
    0xD0,0x73,0x83,0x08,0xA8,0x29,0x88,0x29,0x88,0x21,0x67,0x21,0x67,0x19,0x67,0x21,0x67,0x21,0x67,0x21,0x67,0x19,0x67,0x21,0x87,0x21,0x87,0x21,0x67,0x21,0x87,0x21,
    0x87,0x21,0x67,0x21,0x67,0x21,0x67,0x21,0x68,0x21,0x88,0x21,0x88,0x21,0x88,0x21,0x88,0x21,0x87,0x21,0x87,0x21,0x67,0x21,0x47,0x19,0x67,0x21,0x46,0x19,0x47,0x19,
    0x46,0x21,0x46,0x19,0x67,0x21,0x87,0x21,0x87,0x21,0x42,0x00,0x56,0xAD,0xBF,0xEF,0xA8,0x29,0x25,0x19,0xC8,0x29,0x25,0x19,0xC4,0x10,0x63,0x00,0xED,0x5A,0xDD,0xD6,
    0xB9,0xAD,0xF5,0x94,0x25,0x21,0x66,0x29,0x00,0x00,0x00,0x00,0x00,0x00,0x00,0x00,0x00,0x00,0x00,0x00,0x00,0x00,0x00,0x00,0x00,0x00,0x00,0x00,0x00,0x00,0x00,0x00,
    0x00,0x00,0x00,0x00,0x00,0x00,0x00,0x00,0x00,0x00,0x00,0x00,0x00,0x00,0x00,0x00,0x00,0x00,0x00,0x00,0x00,0x00,0x00,0x00,0xED,0x52,0xFA,0xB5,0x9C,0xC6,0x9B,0xCE,
    0xC8,0x31,0x83,0x08,0xA7,0x29,0x09,0x32,0x67,0x21,0xE5,0x10,0xA7,0x29,0xBF,0xEF,0x8F,0x6B,0x22,0x00,0xC4,0x10,0xA4,0x08,0xC5,0x10,0x06,0x11,0x26,0x11,0x26,0x11,
    0x26,0x19,0x26,0x11,0x26,0x11,0x05,0x11,0xA4,0x08,0xA4,0x08,0xC4,0x08,0xA4,0x08,0xC4,0x08,0xA4,0x08,0xA4,0x08,0xA4,0x08,0xA4,0x08,0xA4,0x08,0xA4,0x08,0xA4,0x08,
    0xC4,0x08,0xA4,0x08,0xA4,0x08,0x05,0x11,0x05,0x11,0x05,0x11,0x05,0x11,0x05,0x19,0x05,0x19,0x05,0x11,0xE4,0x08,0xA4,0x08,0xC4,0x08,0x42,0x00,0xF5,0x9C,0x7E,0xE7,
    0xC8,0x29,0x05,0x19,0x87,0x21,0xC8,0x29,0x05,0x19,0x83,0x08,0x8C,0x4A,0xDD,0xD6,0xD9,0xAD,0xF5,0x8C,0x25,0x19,0x45,0x29,0x00,0x00,0x00,0x00,0x00,0x00,0x00,0x00,
    0x00,0x00,0x00,0x00,0x00,0x00,0x00,0x00,0x00,0x00,0x00,0x00,0x00,0x00,0x00,0x00,0x00,0x00,0x00,0x00,0x00,0x00,0x00,0x00,0x00,0x00,0x00,0x00,0x00,0x00,0x00,0x00,
    0x00,0x00,0x00,0x00,0x00,0x00,0x00,0x00,0xED,0x52,0xFA,0xB5,0x9D,0xC6,0x5A,0xC6,0x66,0x21,0xA4,0x08,0x0A,0x32,0xC9,0x29,0x67,0x21,0x05,0x11,0xE8,0x31,0x7E,0xE7,
    0x8B,0x4A,0x63,0x00,0xE5,0x10,0x47,0x21,0x88,0x29,0xA8,0x29,0xA8,0x29,0xA8,0x21,0xA8,0x21,0xA8,0x21,0xA8,0x21,0xA8,0x29,0x05,0x11,0x05,0x11,0x46,0x19,0xC4,0x08,
    0xC4,0x08,0xC4,0x10,0xC4,0x10,0xC4,0x10,0xC4,0x08,0xA4,0x08,0xC4,0x08,0x05,0x11,0x67,0x21,0x05,0x19,0x46,0x21,0xA8,0x29,0xA7,0x29,0x87,0x29,0x88,0x21,0xA8,0x29,
    0xA8,0x21,0xA8,0x21,0xA8,0x29,0x46,0x19,0xE5,0x10,0x22,0x00,0x11,0x7C,0x9F,0xEF,0xC8,0x31,0x06,0x11,0x47,0x19,0xC8,0x29,0xA7,0x29,0xA4,0x08,0x4B,0x42,0xDD,0xD6,
    0xD9,0xB5,0xF5,0x94,0x25,0x21,0x66,0x29,0x00,0x00,0x00,0x00,0x00,0x00,0x00,0x00,0x00,0x00,0x00,0x00,0x00,0x00,0x00,0x00,0x00,0x00,0x00,0x00,0x00,0x00,0x00,0x00,
    0x00,0x00,0x00,0x00,0x00,0x00,0x00,0x00,0x00,0x00,0x00,0x00,0x00,0x00,0x00,0x00,0x00,0x00,0x00,0x00,0x00,0x00,0x00,0x00,0xED,0x52,0xDA,0xAD,0x9D,0xCE,0x36,0x9D,
    0x84,0x08,0x47,0x21,0x0A,0x32,0x88,0x21,0x67,0x21,0x05,0x19,0xE8,0x31,0x7F,0xEF,0x4A,0x42,0x42,0x00,0x06,0x19,0x88,0x29,0x68,0x21,0x47,0x19,0x47,0x19,0x47,0x19,
    0x47,0x19,0x47,0x19,0x67,0x19,0x67,0x21,0x67,0x21,0x26,0x11,0x25,0x19,0xC4,0x10,0xC4,0x10,0xC4,0x10,0xC4,0x10,0xC4,0x10,0xC4,0x10,0xC4,0x10,0xC4,0x08,0x05,0x11,
    0x26,0x19,0x66,0x21,0x87,0x21,0x67,0x21,0x46,0x21,0x46,0x19,0x46,0x19,0x47,0x19,0x47,0x19,0x67,0x19,0x87,0x21,0x87,0x21,0x05,0x19,0x01,0x00,0x4E,0x63,0x7E,0xE7,
    0xA8,0x29,0x26,0x19,0x47,0x21,0xA8,0x29,0xE9,0x31,0xE5,0x10,0x67,0x29,0xF9,0xBD,0xF9,0xB5,0xF5,0x94,0x25,0x21,0x66,0x31,0x00,0x00,0x00,0x00,0x00,0x00,0x00,0x00,
    0x00,0x00,0x00,0x00,0x00,0x00,0x00,0x00,0x00,0x00,0x00,0x00,0x00,0x00,0x00,0x00,0x00,0x00,0x00,0x00,0x00,0x00,0x00,0x00,0x00,0x00,0x00,0x00,0x00,0x00,0x00,0x00,
    0x00,0x00,0x00,0x00,0x00,0x00,0x00,0x00,0xCD,0x52,0x1B,0xB6,0xFB,0xB5,0xF2,0x73,0x63,0x08,0xC9,0x29,0x2A,0x32,0x87,0x21,0x67,0x21,0xC4,0x10,0x29,0x42,0xBB,0xD6,
    0x87,0x29,0x63,0x00,0x06,0x19,0x47,0x21,0x26,0x19,0x46,0x19,0x46,0x19,0x46,0x19,0x46,0x19,0x26,0x19,0x46,0x19,0x26,0x19,0x47,0x19,0x26,0x19,0x05,0x11,0xE4,0x10,
    0xC4,0x10,0xC4,0x10,0xC4,0x10,0xC4,0x10,0xC4,0x10,0xC4,0x10,0xA4,0x10,0xE5,0x10,0x05,0x11,0x67,0x21,0x46,0x19,0x46,0x19,0x46,0x19,0x46,0x19,0x26,0x19,0x26,0x19,
    0x26,0x19,0x26,0x19,0x26,0x11,0x47,0x19,0x06,0x19,0x22,0x00,0x8B,0x4A,0x3D,0xE7,0xA8,0x29,0x06,0x19,0x67,0x21,0xA8,0x29,0x2A,0x3A,0x05,0x19,0xE5,0x10,0xF5,0x94,
    0xB8,0xAD,0xD5,0x8C,0x26,0x21,0x66,0x29,0x00,0x00,0x00,0x00,0x00,0x00,0x00,0x00,0x00,0x00,0x00,0x00,0x00,0x00,0x00,0x00,0x00,0x00,0x00,0x00,0x00,0x00,0x00,0x00,
    0x00,0x00,0x00,0x00,0x00,0x00,0x00,0x00,0x00,0x00,0x00,0x00,0x00,0x00,0x00,0x00,0x00,0x00,0x00,0x00,0x00,0x00,0x00,0x00,0x0E,0x5B,0xFB,0xB5,0x58,0x9D,0xF5,0x94,
    0xA4,0x08,0x09,0x32,0xE9,0x29,0x67,0x21,0x67,0x21,0xA3,0x10,0x51,0x84,0x7B,0xD6,0x05,0x19,0xC4,0x08,0x67,0x21,0x47,0x21,0xE5,0x10,0x26,0x19,0x26,0x19,0x26,0x19,
    0x46,0x19,0x26,0x19,0x26,0x19,0x05,0x11,0x47,0x19,0x87,0x21,0x26,0x19,0xC4,0x10,0xC4,0x10,0xC4,0x10,0xE4,0x10,0xC4,0x10,0xC4,0x10,0xC4,0x10,0xC4,0x10,0xC4,0x10,
    0x26,0x19,0x87,0x21,0x26,0x19,0x05,0x11,0x25,0x19,0x46,0x19,0x26,0x19,0x26,0x19,0x26,0x19,0x26,0x19,0xE5,0x10,0x47,0x21,0x67,0x21,0x22,0x00,0x4A,0x42,0x7E,0xE7,
    0xF1,0x73,0x06,0x19,0x68,0x21,0xA8,0x29,0x2A,0x32,0x87,0x21,0xE5,0x18,0xB8,0xAD,0x16,0x9D,0x16,0x9D,0x26,0x21,0x66,0x29,0x00,0x00,0x00,0x00,0x00,0x00,0x00,0x00,
    0x00,0x00,0x00,0x00,0x00,0x00,0x00,0x00,0x00,0x00,0x00,0x00,0x00,0x00,0x00,0x00,0x00,0x00,0x00,0x00,0x00,0x00,0x00,0x00,0x00,0x00,0x00,0x00,0x00,0x00,0x00,0x00,
    0x00,0x00,0x00,0x00,0x00,0x00,0x00,0x00,0x2E,0x5B,0x78,0xA5,0x3B,0xBE,0x57,0xA5,0xA3,0x08,0x09,0x32,0xE9,0x29,0x67,0x21,0x46,0x21,0xA4,0x10,0x5A,0xCE,0x39,0xC6,
    0x63,0x08,0x05,0x19,0x88,0x29,0x47,0x21,0x06,0x19,0xC4,0x10,0xE4,0x10,0xE5,0x10,0xE5,0x10,0xE5,0x10,0xC4,0x10,0x05,0x11,0x67,0x21,0x88,0x21,0x06,0x19,0xA4,0x08,
    0xC4,0x10,0xC4,0x10,0xC4,0x10,0xC4,0x10,0xA4,0x10,0xC4,0x10,0xC4,0x10,0xC4,0x10,0x46,0x19,0x87,0x21,0x67,0x19,0x05,0x11,0xE4,0x10,0x05,0x11,0x05,0x11,0x05,0x11,
    0xE5,0x10,0xC5,0x10,0x06,0x19,0x67,0x21,0x88,0x29,0x63,0x00,0xC8,0x31,0x7F,0xEF,0xD8,0xB5,0x06,0x19,0x67,0x21,0xA8,0x29,0x0A,0x32,0xC8,0x29,0xE5,0x10,0xF9,0xB5,
    0x78,0xA5,0xF6,0x94,0x46,0x21,0x66,0x29,0x00,0x00,0x00,0x00,0x00,0x00,0x00,0x00,0x00,0x00,0x00,0x00,0x00,0x00,0x00,0x00,0x00,0x00,0x00,0x00,0x00,0x00,0x00,0x00,
    0x00,0x00,0x00,0x00,0x00,0x00,0x00,0x00,0x00,0x00,0x00,0x00,0x00,0x00,0x00,0x00,0x00,0x00,0x00,0x00,0x00,0x00,0x00,0x00,0xCC,0x52,0x78,0xA5,0xDD,0xCE,0x77,0xA5,
    0xA3,0x08,0x09,0x32,0xC9,0x29,0x47,0x19,0x26,0x19,0xA4,0x10,0x7A,0xCE,0x77,0xAD,0x22,0x00,0x46,0x21,0x87,0x29,0x46,0x21,0x06,0x19,0xE4,0x10,0x05,0x11,0xE5,0x10,
    0xE5,0x10,0xE5,0x10,0xE5,0x10,0x05,0x11,0x46,0x19,0x87,0x21,0x26,0x19,0xA4,0x08,0xA4,0x10,0xA4,0x10,0xA4,0x10,0xC4,0x10,0xA4,0x10,0xC4,0x10,0xC4,0x10,0xE4,0x10,
    0x46,0x19,0x87,0x21,0x46,0x19,0xE4,0x10,0xE5,0x10,0x05,0x11,0x05,0x19,0xE5,0x18,0xE5,0x18,0xE4,0x10,0x05,0x11,0x47,0x19,0x88,0x29,0xC4,0x10,0x67,0x29,0x3E,0xE7,
    0xB8,0xB5,0xE5,0x10,0x47,0x19,0xA8,0x29,0x0A,0x32,0xA7,0x29,0xE5,0x10,0x1A,0xBE,0xFA,0xB5,0x33,0x7C,0x26,0x19,0x66,0x29,0x00,0x00,0x00,0x00,0x00,0x00,0x00,0x00,
    0x00,0x00,0x00,0x00,0x00,0x00,0x00,0x00,0x00,0x00,0x00,0x00,0x00,0x00,0x00,0x00,0x00,0x00,0x00,0x00,0x00,0x00,0x00,0x00,0x00,0x00,0x00,0x00,0x00,0x00,0x00,0x00,
    0x00,0x00,0x00,0x00,0x00,0x00,0x00,0x00,0xED,0x52,0x1A,0xBE,0xFE,0xD6,0x56,0x9D,0xA3,0x08,0xE9,0x31,0xC9,0x29,0x47,0x19,0x26,0x19,0xA4,0x10,0x1D,0xDF,0x77,0xAD,
    0x01,0x00,0x67,0x21,0x67,0x21,0x46,0x21,0x05,0x19,0xE5,0x18,0x05,0x19,0x05,0x19,0xE5,0x18,0xE5,0x18,0xE5,0x10,0x05,0x11,0x46,0x19,0xA8,0x21,0x67,0x21,0xA4,0x08,
    0xA4,0x10,0xA4,0x10,0xA4,0x10,0xA4,0x10,0xA4,0x10,0xA4,0x08,0xC4,0x08,0x05,0x11,0x87,0x21,0x87,0x21,0x26,0x19,0xC5,0x10,0x05,0x11,0xE5,0x10,0xE5,0x10,0xE5,0x18,
    0x05,0x19,0xE5,0x18,0xE5,0x10,0x46,0x19,0xA8,0x29,0xE4,0x10,0x26,0x21,0xFD,0xDE,0xB8,0xAD,0xE5,0x10,0x47,0x19,0xA8,0x21,0x0A,0x32,0xA8,0x29,0x05,0x19,0x3A,0xBE,
    0x7C,0xC6,0xD6,0x8C,0x26,0x19,0x87,0x29,0x00,0x00,0x00,0x00,0x00,0x00,0x00,0x00,0x00,0x00,0x00,0x00,0x00,0x00,0x00,0x00,0x00,0x00,0x00,0x00,0x00,0x00,0x00,0x00,
    0x00,0x00,0x00,0x00,0x00,0x00,0x00,0x00,0x00,0x00,0x00,0x00,0x00,0x00,0x00,0x00,0x00,0x00,0x00,0x00,0x00,0x00,0x00,0x00,0x0E,0x5B,0xDA,0xAD,0xBD,0xCE,0xD4,0x94,
    0x83,0x08,0x09,0x32,0xE9,0x29,0x47,0x19,0x06,0x19,0x83,0x08,0x1C,0xDF,0x14,0x9D,0x21,0x00,0x87,0x21,0x67,0x21,0x46,0x21,0xE5,0x10,0xE5,0x10,0x05,0x19,0x05,0x19,
    0xE5,0x10,0xE5,0x10,0x05,0x19,0x05,0x11,0x46,0x19,0x67,0x21,0x47,0x21,0xA4,0x08,0xE5,0x10,0x25,0x19,0x26,0x19,0x26,0x19,0x25,0x19,0x25,0x19,0xE4,0x10,0x04,0x11,
    0x87,0x21,0x67,0x21,0x26,0x19,0xE5,0x10,0x05,0x11,0xE5,0x10,0x05,0x19,0x05,0x19,0x05,0x19,0xE5,0x18,0xE5,0x18,0x26,0x19,0x87,0x21,0x05,0x19,0xC4,0x10,0x1A,0xC6,
    0xF9,0xBD,0x05,0x19,0x26,0x11,0xA8,0x21,0x0A,0x32,0xC9,0x31,0x05,0x19,0x3A,0xBE,0x1A,0xB6,0xF6,0x94,0x26,0x19,0x87,0x29,0x00,0x00,0x00,0x00,0x00,0x00,0x00,0x00,
    0x00,0x00,0x00,0x00,0x00,0x00,0x00,0x00,0x00,0x00,0x00,0x00,0x00,0x00,0x00,0x00,0x00,0x00,0x00,0x00,0x00,0x00,0x00,0x00,0x00,0x00,0x00,0x00,0x00,0x00,0x00,0x00,
    0x00,0x00,0x00,0x00,0x00,0x00,0x00,0x00,0xCD,0x52,0xB1,0x6B,0x7C,0xC6,0x93,0x8C,0x63,0x00,0x09,0x32,0xE9,0x29,0x67,0x21,0xC5,0x08,0x67,0x29,0x3D,0xE7,0x6E,0x6B,
    0x42,0x00,0x87,0x21,0x46,0x19,0x46,0x21,0xE5,0x10,0xE5,0x10,0xE5,0x10,0xE5,0x10,0xE5,0x18,0xE5,0x10,0xE5,0x10,0x05,0x11,0x46,0x19,0x67,0x21,0x47,0x21,0xA4,0x08,
    0x26,0x19,0x46,0x21,0x46,0x21,0x46,0x21,0x26,0x19,0x26,0x19,0x25,0x19,0xE4,0x10,0x87,0x21,0x67,0x21,0x06,0x11,0xE5,0x10,0x05,0x19,0x05,0x19,0x05,0x19,0x05,0x19,
    0x05,0x19,0x05,0x19,0xE5,0x18,0x26,0x19,0x87,0x21,0x25,0x19,0x22,0x00,0x53,0x84,0x1E,0xDF,0x6B,0x42,0xC4,0x08,0xA8,0x21,0x0A,0x32,0xC9,0x31,0xE5,0x18,0x3A,0xBE,
    0x16,0x95,0x0E,0x5B,0x46,0x21,0x46,0x29,0x00,0x00,0x00,0x00,0x00,0x00,0x00,0x00,0x00,0x00,0x00,0x00,0x00,0x00,0x00,0x00,0x00,0x00,0x00,0x00,0x00,0x00,0x00,0x00,
    0x00,0x00,0x00,0x00,0x00,0x00,0x00,0x00,0x00,0x00,0x00,0x00,0x00,0x00,0x00,0x00,0x00,0x00,0x00,0x00,0x00,0x00,0x00,0x00,0x8C,0x4A,0x2E,0x5B,0x7C,0xC6,0x94,0x8C,
    0x83,0x08,0x0A,0x32,0xE9,0x29,0x88,0x21,0xA4,0x08,0xF0,0x73,0xBF,0xEF,0x09,0x3A,0x62,0x00,0x87,0x29,0x46,0x21,0x05,0x19,0xE4,0x10,0xE5,0x10,0x05,0x19,0xE5,0x10,
    0x05,0x19,0x05,0x19,0x05,0x19,0x05,0x11,0x26,0x19,0x67,0x21,0x67,0x21,0xA4,0x08,0x05,0x19,0x67,0x21,0x88,0x21,0x88,0x21,0x87,0x21,0x67,0x21,0xE5,0x10,0x05,0x11,
    0xA7,0x21,0x67,0x19,0x06,0x11,0xE5,0x10,0x05,0x19,0x05,0x19,0x05,0x19,0x05,0x19,0x05,0x19,0x05,0x19,0xE5,0x18,0x05,0x19,0x46,0x19,0x66,0x19,0x01,0x00,0x4F,0x63,
    0x9F,0xEF,0x2E,0x5B,0xC4,0x08,0xC9,0x21,0x0A,0x32,0xC9,0x29,0xC5,0x10,0x1A,0xBE,0xB4,0x8C,0x8C,0x4A,0x67,0x29,0x46,0x29,0x00,0x00,0x00,0x00,0x00,0x00,0x00,0x00,
    0x00,0x00,0x00,0x00,0x00,0x00,0x00,0x00,0x00,0x00,0x00,0x00,0x00,0x00,0x00,0x00,0x00,0x00,0x00,0x00,0x00,0x00,0x00,0x00,0x00,0x00,0x00,0x00,0x00,0x00,0x00,0x00,
    0x00,0x00,0x00,0x00,0x00,0x00,0x01,0x00,0xAC,0x52,0x4E,0x5B,0x9C,0xCE,0xB4,0x94,0x64,0x08,0x2A,0x32,0xE9,0x29,0x88,0x21,0xA4,0x08,0xB3,0x8C,0xDF,0xF7,0xC8,0x31,
    0x63,0x00,0x87,0x21,0x46,0x21,0xE5,0x10,0xE4,0x10,0xE5,0x10,0xE5,0x10,0x05,0x19,0x05,0x19,0x05,0x19,0x05,0x19,0x05,0x11,0x25,0x11,0x67,0x21,0x47,0x21,0xC4,0x08,
    0x46,0x21,0xA8,0x29,0xA8,0x29,0xA8,0x29,0xA8,0x29,0xA7,0x29,0x25,0x19,0xE5,0x10,0xA7,0x21,0x47,0x19,0x05,0x11,0xE5,0x10,0x05,0x19,0x05,0x19,0x05,0x19,0x05,0x19,
    0x05,0x11,0x05,0x19,0xE5,0x10,0x05,0x11,0x46,0x19,0x67,0x21,0x42,0x00,0x0D,0x5B,0xDF,0xF7,0x8F,0x6B,0xA4,0x08,0xC9,0x29,0x0A,0x32,0xA9,0x29,0xC5,0x10,0x19,0xBE,
    0xB4,0x8C,0xCD,0x52,0x87,0x29,0x66,0x29,0x00,0x00,0x00,0x00,0x00,0x00,0x00,0x00,0x00,0x00,0x00,0x00,0x00,0x00,0x00,0x00,0x00,0x00,0x00,0x00,0x00,0x00,0x00,0x00,
    0x00,0x00,0x00,0x00,0x00,0x00,0x00,0x00,0x00,0x00,0x00,0x00,0x00,0x00,0x00,0x00,0x00,0x00,0x00,0x00,0x00,0x00,0x01,0x00,0xAC,0x52,0x4E,0x5B,0xBC,0xCE,0xB5,0x94,
    0x64,0x08,0x09,0x32,0xC8,0x29,0x67,0x21,0xA4,0x08,0xF4,0x94,0x1C,0xDF,0x46,0x21,0xA4,0x08,0x87,0x29,0x46,0x21,0xE5,0x10,0xE5,0x10,0xE5,0x10,0xE5,0x10,0xE5,0x10,
    0xE5,0x10,0x05,0x19,0x05,0x19,0x05,0x11,0x25,0x11,0x66,0x19,0x66,0x21,0xC4,0x08,0x46,0x21,0xA8,0x29,0x88,0x29,0xA8,0x21,0x88,0x21,0x88,0x21,0x25,0x19,0x05,0x11,
    0x87,0x21,0x46,0x19,0x05,0x11,0xE5,0x10,0x05,0x19,0x05,0x19,0x05,0x19,0x05,0x19,0x05,0x19,0x05,0x11,0xE5,0x10,0x05,0x19,0x66,0x19,0x87,0x21,0xA4,0x08,0x67,0x21,
    0x1D,0xDF,0x32,0x84,0x83,0x00,0xA8,0x21,0x0A,0x32,0xA8,0x29,0xC4,0x10,0x19,0xBE,0xB4,0x8C,0xAC,0x52,0x87,0x29,0x66,0x29,0x00,0x00,0x00,0x00,0x00,0x00,0x00,0x00,
    0x00,0x00,0x00,0x00,0x00,0x00,0x00,0x00,0x00,0x00,0x00,0x00,0x00,0x00,0x00,0x00,0x00,0x00,0x00,0x00,0x00,0x00,0x00,0x00,0x00,0x00,0x00,0x00,0x00,0x00,0x00,0x00,
    0x00,0x00,0x00,0x00,0xAA,0x52,0x00,0x00,0xCD,0x52,0x8F,0x63,0xBC,0xCE,0x74,0x84,0x64,0x08,0x09,0x32,0xE9,0x29,0x46,0x19,0x05,0x19,0x59,0xC6,0x76,0xAD,0x63,0x08,
    0xE5,0x10,0x46,0x19,0x67,0x21,0xE5,0x10,0xE5,0x10,0xE5,0x10,0xE5,0x10,0xE5,0x10,0xE5,0x10,0xE5,0x10,0x05,0x19,0x05,0x11,0x05,0x11,0x66,0x21,0x46,0x19,0xC4,0x08,
    0x46,0x21,0xA7,0x29,0x88,0x21,0x88,0x21,0x88,0x21,0x88,0x21,0x25,0x19,0xE4,0x10,0x87,0x21,0x67,0x19,0x25,0x11,0xE5,0x10,0x05,0x19,0x05,0x19,0x05,0x19,0x05,0x19,
    0x05,0x19,0x05,0x19,0xE5,0x10,0x05,0x19,0x66,0x19,0x46,0x19,0x05,0x11,0x83,0x08,0x3A,0xC6,0x97,0xB5,0xE4,0x10,0x87,0x21,0x0A,0x32,0xA8,0x29,0xC5,0x10,0x19,0xB6,
    0xF5,0x94,0xED,0x5A,0x87,0x29,0x45,0x21,0x00,0x00,0x00,0x00,0x00,0x00,0x00,0x00,0x00,0x00,0x00,0x00,0x00,0x00,0x00,0x00,0x00,0x00,0x00,0x00,0x00,0x00,0x00,0x00,
    0x00,0x00,0x00,0x00,0x00,0x00,0x00,0x00,0x00,0x00,0x00,0x00,0x00,0x00,0x00,0x00,0x00,0x00,0x00,0x00,0x00,0x00,0x21,0x00,0xED,0x5A,0x70,0x63,0xDD,0xD6,0x94,0x8C,
    0x84,0x08,0xE9,0x31,0x09,0x32,0xE5,0x10,0xAB,0x4A,0x7E,0xEF,0x73,0x8C,0x62,0x00,0xE5,0x10,0xE5,0x10,0x47,0x21,0xE5,0x10,0xE5,0x10,0x05,0x19,0xE5,0x18,0xE5,0x10,
    0x05,0x19,0x05,0x19,0x25,0x11,0x05,0x11,0x45,0x19,0x67,0x21,0x05,0x11,0xC4,0x08,0x46,0x21,0xA7,0x29,0x88,0x29,0x88,0x29,0x88,0x21,0x88,0x29,0x26,0x19,0xC4,0x08,
    0x26,0x19,0x47,0x21,0x05,0x19,0xE5,0x10,0x05,0x19,0x05,0x19,0x05,0x19,0x05,0x19,0x05,0x19,0xE5,0x18,0xE5,0x10,0x25,0x19,0x46,0x19,0x05,0x11,0x05,0x11,0x83,0x08,
    0x98,0xAD,0xBC,0xD6,0xA8,0x29,0x67,0x21,0x0A,0x32,0xC9,0x29,0x05,0x11,0x39,0xBE,0xF6,0x9C,0xEE,0x5A,0x87,0x29,0xC7,0x31,0x00,0x00,0x00,0x00,0x00,0x00,0x00,0x00,
    0x00,0x00,0x00,0x00,0x00,0x00,0x00,0x00,0x00,0x00,0x00,0x00,0x00,0x00,0x00,0x00,0x00,0x00,0x00,0x00,0x00,0x00,0x00,0x00,0x00,0x00,0x00,0x00,0x00,0x00,0x00,0x00,
    0x00,0x00,0x00,0x00,0x00,0x00,0x00,0x00,0xCC,0x52,0x16,0x9D,0x7C,0xC6,0x32,0x7C,0x84,0x08,0x0A,0x32,0x0A,0x32,0x83,0x08,0x0D,0x5B,0x5E,0xE7,0x4F,0x63,0x42,0x00,
    0xE4,0x10,0xC5,0x10,0x05,0x19,0xE5,0x10,0xC5,0x10,0xC4,0x10,0xC4,0x10,0xE5,0x10,0xE5,0x10,0xE5,0x10,0xE5,0x10,0xE4,0x10,0x05,0x11,0x05,0x11,0xC4,0x10,0xC4,0x10,
    0x46,0x21,0xA8,0x29,0xA8,0x29,0xA8,0x29,0xA8,0x29,0x88,0x29,0x26,0x19,0xC4,0x08,0xC4,0x10,0xE5,0x18,0xC4,0x10,0xC4,0x10,0xC4,0x10,0xC4,0x10,0xC5,0x10,0xC4,0x10,
    0xC4,0x10,0xC5,0x10,0xE5,0x10,0xE5,0x10,0xE5,0x10,0xE5,0x10,0xE5,0x10,0x63,0x08,0xB0,0x73,0xFD,0xDE,0x87,0x29,0x26,0x19,0x2A,0x32,0xEA,0x29,0x05,0x11,0x18,0xB6,
    0xDA,0xB5,0x33,0x84,0x25,0x21,0x41,0x00,0x00,0x00,0x00,0x00,0x00,0x00,0xF7,0xBD,0x00,0x00,0x00,0x00,0x00,0x00,0x00,0x00,0x00,0x00,0x00,0x00,0x00,0x00,0x00,0x00,
    0x00,0x00,0x00,0x00,0x00,0x00,0x00,0x00,0x00,0x00,0x00,0x00,0x00,0x00,0x8A,0x4A,0xC7,0x31,0x86,0x29,0xA7,0x31,0x25,0x21,0x6A,0x4A,0x36,0x9D,0xBD,0xCE,0x33,0x84,
    0xA4,0x08,0x0A,0x32,0x09,0x32,0xA3,0x08,0xD0,0x73,0xDC,0xD6,0x67,0x29,0x43,0x00,0xC4,0x10,0xC4,0x10,0xE5,0x10,0x46,0x21,0x87,0x21,0x67,0x21,0x87,0x21,0x88,0x21,
    0x88,0x21,0x67,0x21,0x87,0x21,0x46,0x21,0xE5,0x10,0xC4,0x10,0xC4,0x10,0xC4,0x10,0x66,0x21,0xE9,0x31,0xE9,0x31,0xE9,0x31,0xEA,0x31,0xE9,0x31,0x47,0x21,0xE4,0x10,
    0xC4,0x10,0xC4,0x10,0x25,0x19,0x87,0x21,0x67,0x21,0x87,0x21,0x67,0x21,0x67,0x21,0x67,0x21,0x67,0x21,0x67,0x21,0x25,0x19,0xE5,0x10,0xC5,0x10,0xE5,0x10,0x42,0x00,
    0x2A,0x3A,0xFD,0xDE,0x2A,0x42,0x05,0x19,0x2A,0x3A,0x0A,0x32,0xE5,0x10,0xB7,0xAD,0x7C,0xCE,0x73,0x84,0x65,0x29,0xC7,0x31,0xA7,0x31,0x86,0x29,0xA7,0x31,0x6A,0x4A,
    0xAC,0x52,0x00,0x00,0x00,0x00,0x00,0x00,0x00,0x00,0x00,0x00,0x00,0x00,0x00,0x00,0x00,0x00,0x00,0x00,0x00,0x00,0x00,0x00,0x00,0x00,0x38,0xC6,0xA7,0x31,0xB3,0x8C,
    0xDF,0xF7,0x5E,0xE7,0x9E,0xEF,0x9E,0xEF,0xE8,0x39,0xED,0x52,0xFE,0xD6,0x53,0x84,0xA4,0x08,0x2A,0x3A,0xA8,0x29,0x46,0x19,0x5A,0xC6,0x9B,0xCE,0xC5,0x10,0x84,0x08,
    0xC4,0x10,0xC4,0x10,0x67,0x21,0x87,0x21,0x88,0x21,0x88,0x21,0x68,0x21,0x88,0x21,0x88,0x21,0x88,0x21,0x67,0x21,0x88,0x29,0xA8,0x29,0x05,0x11,0xC4,0x10,0xC4,0x10,
    0x26,0x19,0x87,0x21,0x67,0x21,0x67,0x21,0x47,0x19,0x67,0x21,0x26,0x19,0xC4,0x10,0xC4,0x10,0x46,0x21,0x88,0x29,0x88,0x21,0x88,0x21,0x88,0x21,0x88,0x21,0x88,0x21,
    0x88,0x21,0x87,0x21,0x87,0x21,0x87,0x21,0x26,0x19,0xC4,0x08,0x05,0x11,0x83,0x08,0xC8,0x31,0xFD,0xDE,0x93,0x8C,0x05,0x19,0x2A,0x3A,0xE9,0x31,0xE5,0x10,0x77,0xA5,
    0xB9,0xB5,0x26,0x21,0x92,0x8C,0xDF,0xF7,0x7F,0xEF,0x7E,0xEF,0x7F,0xEF,0xEC,0x5A,0x8A,0x4A,0x77,0xCE,0x00,0x00,0x00,0x00,0x00,0x00,0x00,0x00,0x00,0x00,0x00,0x00,
    0x00,0x00,0x00,0x00,0x00,0x00,0x00,0x00,0x00,0x00,0x41,0x00,0xD0,0x73,0x5E,0xE7,0x1D,0xD7,0x1D,0xD7,0x5E,0xDF,0xFF,0xF7,0x51,0x84,0x67,0x29,0x7C,0xCE,0x33,0x84,
    0xA4,0x08,0x2A,0x32,0x46,0x21,0x04,0x19,0x3D,0xE7,0xD8,0xB5,0xA4,0x10,0xA4,0x08,0xE4,0x10,0x46,0x21,0x87,0x21,0x46,0x19,0x47,0x19,0x47,0x19,0x26,0x19,0x26,0x19,
    0x26,0x19,0x26,0x19,0x26,0x19,0x46,0x19,0x87,0x21,0x26,0x19,0xC4,0x08,0xC4,0x08,0x25,0x19,0x25,0x19,0x05,0x11,0xE5,0x10,0x06,0x11,0x26,0x19,0x05,0x19,0xC4,0x08,
    0xC4,0x08,0x87,0x29,0x67,0x21,0x46,0x19,0x26,0x19,0x26,0x19,0x26,0x19,0x26,0x19,0x26,0x19,0x26,0x19,0x26,0x19,0x46,0x19,0x67,0x21,0x26,0x11,0xE5,0x10,0xC4,0x08,
    0xC4,0x10,0xB8,0xB5,0x36,0xA5,0x62,0x00,0x2A,0x3A,0xC9,0x29,0xC4,0x08,0x57,0x9D,0x74,0x8C,0xA4,0x10,0xFB,0xD6,0x9F,0xEF,0x3E,0xDF,0x1E,0xDF,0xDD,0xD6,0x7B,0xC6,
    0x8B,0x4A,0x82,0x08,0x20,0x00,0x00,0x00,0x00,0x00,0x00,0x00,0x00,0x00,0x00,0x00,0x00,0x00,0x00,0x00,0x00,0x00,0x00,0x00,0x00,0x00,0x00,0x00,0x6E,0x6B,0x3E,0xDF,
    0x7C,0xC6,0x9C,0xC6,0xBC,0xC6,0x9E,0xE7,0xB3,0x94,0x88,0x29,0x5C,0xC6,0x13,0x84,0xA4,0x08,0xE9,0x31,0xC4,0x08,0xAB,0x52,0x9E,0xEF,0x8F,0x6B,0x63,0x08,0xE5,0x10,
    0x26,0x19,0xA8,0x29,0x46,0x19,0x46,0x11,0x46,0x19,0x47,0x19,0x27,0x21,0x26,0x21,0x26,0x19,0x46,0x19,0x47,0x19,0x26,0x19,0x47,0x19,0x87,0x21,0x05,0x11,0xC3,0x08,
    0x29,0x3A,0x87,0x21,0x66,0x21,0xA7,0x29,0x05,0x11,0x87,0x29,0xC8,0x31,0xA4,0x08,0x46,0x21,0x88,0x29,0x26,0x19,0x26,0x19,0x26,0x19,0x26,0x19,0x47,0x19,0x47,0x19,
    0x47,0x19,0x27,0x19,0x26,0x19,0x06,0x11,0x67,0x21,0x87,0x21,0xE5,0x08,0xE4,0x10,0x42,0x00,0xD4,0x94,0x7B,0xCE,0x25,0x19,0xA8,0x29,0xE9,0x29,0xC4,0x08,0x36,0x9D,
    0x95,0x8C,0xE5,0x10,0xDC,0xD6,0x1E,0xDF,0x9C,0xCE,0x9C,0xC6,0x5B,0xBE,0x5B,0xC6,0x09,0x3A,0x00,0x00,0x20,0x00,0x00,0x00,0x00,0x00,0x00,0x00,0x00,0x00,0x00,0x00,
    0x00,0x00,0x00,0x00,0x00,0x00,0x00,0x00,0x00,0x00,0x41,0x08,0x29,0x42,0xD5,0x94,0x1A,0xB6,0x5C,0xBE,0x5B,0xBE,0xFD,0xD6,0x52,0x84,0x67,0x29,0x7C,0xC6,0x12,0x7C,
    0xA4,0x08,0xE8,0x31,0x42,0x00,0x93,0x8C,0xFF,0xFF,0x6B,0x4A,0x63,0x00,0xE5,0x10,0x66,0x21,0xA8,0x29,0x46,0x19,0x26,0x11,0x66,0x19,0x46,0x19,0x46,0x19,0x46,0x19,
    0x46,0x21,0x46,0x19,0x46,0x19,0x47,0x19,0x26,0x19,0x67,0x21,0x25,0x11,0xC4,0x08,0x29,0x3A,0x05,0x11,0xC4,0x08,0xE5,0x10,0x83,0x00,0x46,0x19,0x09,0x32,0xA3,0x08,
    0x87,0x21,0x88,0x29,0x05,0x11,0x46,0x21,0x46,0x21,0x26,0x19,0x06,0x19,0x26,0x19,0x27,0x19,0x26,0x19,0x47,0x19,0x26,0x11,0x46,0x19,0xA8,0x21,0x25,0x11,0xE4,0x10,
    0x62,0x00,0xF1,0x7B,0x7E,0xEF,0xE8,0x39,0x67,0x21,0x09,0x32,0xC4,0x08,0x16,0x9D,0x94,0x8C,0x05,0x19,0xBC,0xCE,0xBD,0xCE,0x5C,0xBE,0x5B,0xC6,0xD9,0xB5,0x32,0x7C,
    0xC8,0x31,0x21,0x00,0x00,0x00,0x00,0x00,0x00,0x00,0x00,0x00,0x00,0x00,0x00,0x00,0x00,0x00,0x00,0x00,0x00,0x00,0x00,0x00,0x00,0x00,0x20,0x00,0x82,0x10,0xE4,0x18,
    0xCD,0x52,0x53,0x84,0x16,0x95,0xBC,0xCE,0x11,0x7C,0x26,0x21,0x5B,0xC6,0x32,0x7C,0xC4,0x08,0x09,0x32,0x63,0x08,0xD4,0x94,0xFD,0xDE,0xC8,0x31,0x83,0x08,0xC4,0x10,
    0x66,0x19,0xA7,0x21,0x46,0x19,0x25,0x19,0x46,0x19,0x66,0x19,0x46,0x19,0x66,0x19,0x46,0x19,0x26,0x19,0x46,0x19,0x26,0x19,0x05,0x11,0x67,0x21,0x25,0x19,0xC4,0x08,
    0x4A,0x42,0x87,0x21,0x88,0x21,0xEA,0x31,0x67,0x21,0xA8,0x29,0x29,0x3A,0xC4,0x08,0x67,0x21,0x46,0x19,0xE5,0x10,0x25,0x19,0xE5,0x10,0xE5,0x10,0x26,0x19,0x26,0x19,
    0x26,0x19,0x26,0x19,0x26,0x19,0x05,0x11,0x46,0x19,0x87,0x21,0xE5,0x10,0xC4,0x10,0x63,0x08,0xE8,0x39,0xDB,0xD6,0x2A,0x42,0x46,0x19,0xE9,0x31,0xA4,0x08,0xF6,0x94,
    0xB4,0x8C,0x05,0x19,0x7B,0xC6,0xFA,0xB5,0xD5,0x94,0x73,0x84,0x8A,0x4A,0x82,0x10,0xC7,0x39,0x00,0x00,0x00,0x00,0x00,0x00,0x00,0x00,0x00,0x00,0x00,0x00,0x00,0x00,
    0x00,0x00,0x00,0x00,0x00,0x00,0x00,0x00,0x00,0x00,0x00,0x00,0x00,0x00,0x45,0x29,0x21,0x00,0x83,0x08,0x87,0x29,0x4E,0x63,0x4A,0x42,0x26,0x19,0xF5,0x94,0xD1,0x73,
    0x05,0x11,0xA7,0x29,0xCC,0x52,0x3E,0xE7,0x77,0xAD,0xA4,0x08,0xE5,0x10,0xE5,0x10,0x87,0x21,0x87,0x21,0x46,0x19,0x25,0x19,0x26,0x19,0x46,0x19,0x46,0x19,0x46,0x19,
    0x46,0x19,0x26,0x19,0x46,0x19,0x05,0x11,0x05,0x11,0x46,0x19,0x67,0x21,0xC4,0x10,0x4A,0x42,0xE9,0x31,0x09,0x32,0xEA,0x31,0xC9,0x31,0xE9,0x31,0x09,0x32,0xE4,0x10,
    0xA7,0x29,0x66,0x21,0xE5,0x10,0xE5,0x10,0x67,0x21,0xE8,0x29,0x09,0x32,0x09,0x32,0x0A,0x32,0xE9,0x31,0xC9,0x29,0x67,0x21,0xE5,0x10,0x67,0x21,0x46,0x19,0xC4,0x10,
    0xA4,0x10,0xE5,0x18,0x39,0xC6,0x35,0xA5,0x67,0x21,0xC8,0x29,0xA4,0x08,0xD5,0x94,0xD1,0x73,0xE5,0x10,0x4E,0x63,0x8C,0x4A,0x46,0x21,0x82,0x08,0x41,0x08,0x68,0x42,
    0x00,0x00,0x00,0x00,0x00,0x00,0x00,0x00,0x00,0x00,0x00,0x00,0x00,0x00,0x00,0x00,0x00,0x00,0x00,0x00,0x00,0x00,0x00,0x00,0x00,0x00,0x00,0x00,0x00,0x00,0x00,0x00,
    0x00,0x00,0x69,0x4A,0x21,0x00,0x22,0x00,0x63,0x00,0x43,0x00,0x47,0x21,0x8C,0x4A,0x26,0x19,0x46,0x19,0x4E,0x63,0xDF,0xF7,0xB4,0x94,0x83,0x08,0x05,0x19,0x05,0x11,
    0xA7,0x21,0x87,0x21,0x46,0x19,0x46,0x21,0x05,0x11,0xE4,0x10,0xE4,0x10,0xE4,0x10,0xE5,0x10,0xE5,0x10,0xE4,0x10,0xE5,0x10,0x26,0x19,0x46,0x19,0x67,0x21,0xC4,0x10,
    0x4A,0x42,0xA8,0x29,0xA8,0x29,0xC9,0x29,0xA8,0x29,0xC9,0x29,0x09,0x32,0xE5,0x10,0xA7,0x29,0x46,0x19,0x66,0x21,0x29,0x32,0x09,0x32,0x45,0x19,0xE4,0x08,0x05,0x09,
    0x05,0x11,0xE5,0x10,0x26,0x19,0x87,0x21,0x46,0x19,0x26,0x19,0x67,0x21,0xE5,0x10,0xC4,0x10,0xE5,0x18,0x3A,0xC6,0x7A,0xC6,0x05,0x19,0x67,0x21,0x05,0x19,0xF1,0x73,
    0xC5,0x10,0x83,0x08,0x22,0x00,0x01,0x00,0x21,0x00,0xFB,0xFF,0x20,0x00,0x00,0x00,0x00,0x00,0x00,0x00,0x00,0x00,0x00,0x00,0x00,0x00,0x00,0x00,0x00,0x00,0x00,0x00,
    0x00,0x00,0x00,0x00,0x00,0x00,0x00,0x00,0x00,0x00,0x00,0x00,0x00,0x00,0x00,0x00,0x00,0x00,0x00,0x00,0x00,0x00,0x00,0x00,0x09,0x3A,0x6C,0x4A,0x0A,0x3A,0x6C,0x42,
    0xC5,0x10,0x83,0x08,0x8B,0x4A,0x9F,0xEF,0x4A,0x4A,0x63,0x08,0x05,0x19,0x05,0x11,0xA8,0x21,0x88,0x21,0x46,0x19,0x46,0x21,0xE5,0x10,0xC4,0x10,0xC4,0x10,0xC4,0x10,
    0xC4,0x10,0xC4,0x10,0xC4,0x10,0xE4,0x10,0x26,0x19,0x46,0x19,0x67,0x21,0xC4,0x10,0x6B,0x42,0xA8,0x29,0xA8,0x29,0xC8,0x31,0xA8,0x29,0xC9,0x31,0xE9,0x31,0xC4,0x08,
    0xA7,0x29,0xE4,0x10,0x67,0x21,0x46,0x19,0xA3,0x08,0xC4,0x08,0xE4,0x10,0x05,0x11,0xE5,0x10,0xA4,0x08,0xC4,0x08,0xE5,0x10,0x46,0x19,0x46,0x19,0x67,0x21,0xE5,0x10,
    0xE5,0x10,0xA4,0x10,0x73,0x8C,0xDC,0xD6,0x46,0x21,0xE4,0x10,0xE5,0x10,0xAF,0x6B,0x87,0x21,0x4B,0x42,0xC4,0x10,0x66,0x29,0x00,0x00,0x00,0x00,0x00,0x00,0x00,0x00,
    0x00,0x00,0x00,0x00,0x00,0x00,0x00,0x00,0x00,0x00,0x00,0x00,0x00,0x00,0x00,0x00,0x00,0x00,0x00,0x00,0x00,0x00,0x00,0x00,0x00,0x00,0x00,0x00,0x00,0x00,0x00,0x00,
    0x00,0x00,0x00,0x00,0xFF,0xFF,0x00,0x00,0xCD,0x5A,0x98,0xAD,0xDA,0xB5,0xD1,0x73,0x63,0x00,0xC4,0x10,0x77,0xA5,0x1D,0xDF,0xA7,0x29,0xA4,0x10,0x05,0x19,0x05,0x19,
    0x88,0x29,0x88,0x21,0x47,0x19,0x46,0x21,0xE5,0x10,0xC4,0x10,0xC4,0x10,0xC4,0x10,0xC4,0x10,0xC4,0x10,0xC4,0x10,0xE4,0x10,0x46,0x19,0x67,0x21,0x26,0x19,0xC4,0x10,
    0x67,0x21,0x05,0x19,0x26,0x19,0x26,0x19,0x06,0x19,0x47,0x21,0x67,0x21,0xC5,0x10,0x67,0x21,0x05,0x11,0x25,0x11,0xC8,0x29,0x66,0x19,0x25,0x11,0xC8,0x31,0xE9,0x31,
    0xE9,0x31,0x46,0x21,0xA4,0x08,0x67,0x21,0xA8,0x29,0x26,0x19,0x67,0x21,0xE5,0x10,0x05,0x19,0x42,0x00,0x0D,0x5B,0x9F,0xEF,0xB0,0x6B,0x63,0x00,0xC5,0x10,0xB4,0x8C,
    0x98,0xA5,0x53,0x84,0x05,0x19,0x25,0x21,0x00,0x00,0x00,0x00,0x00,0x00,0x00,0x00,0x00,0x00,0x00,0x00,0x00,0x00,0x00,0x00,0x00,0x00,0x00,0x00,0x00,0x00,0x00,0x00,
    0x00,0x00,0x00,0x00,0x00,0x00,0x00,0x00,0x00,0x00,0x00,0x00,0x00,0x00,0x00,0x00,0x00,0x00,0x00,0x00,0x00,0x00,0x00,0x00,0x2F,0x63,0x5C,0xC6,0xDE,0xD6,0x33,0x7C,
    0x63,0x00,0x05,0x19,0x1D,0xDF,0x5A,0xC6,0xE4,0x10,0xE5,0x18,0xE5,0x18,0xE5,0x18,0x88,0x29,0x88,0x21,0x67,0x21,0x46,0x21,0xE5,0x10,0xC4,0x10,0xC4,0x10,0xC4,0x10,
    0xC4,0x10,0xC4,0x10,0xC4,0x10,0xE4,0x10,0x46,0x21,0x26,0x19,0xC9,0x31,0xAC,0x4A,0x2A,0x3A,0x2A,0x3A,0x0A,0x3A,0x2A,0x3A,0x2A,0x3A,0x4B,0x42,0x6B,0x42,0x8C,0x4A,
    0x88,0x29,0x05,0x19,0x46,0x19,0xA7,0x29,0x29,0x3A,0xE8,0x31,0x88,0x29,0x68,0x29,0x88,0x29,0x87,0x21,0xE8,0x31,0xC8,0x29,0x67,0x21,0x46,0x21,0x46,0x21,0xE5,0x10,
    0xE5,0x10,0x43,0x00,0x8C,0x4A,0x9F,0xEF,0x52,0x84,0x63,0x00,0xC5,0x10,0xF5,0x94,0x9C,0xC6,0xF6,0x94,0x05,0x19,0x25,0x21,0x00,0x00,0x00,0x00,0x00,0x00,0x00,0x00,
    0x00,0x00,0x00,0x00,0x00,0x00,0x00,0x00,0x00,0x00,0x00,0x00,0x00,0x00,0x00,0x00,0x00,0x00,0x00,0x00,0x00,0x00,0x00,0x00,0x00,0x00,0x00,0x00,0x00,0x00,0x00,0x00,
    0x00,0x00,0x00,0x00,0x00,0x00,0x00,0x00,0x6F,0x6B,0xBC,0xCE,0xFD,0xD6,0x12,0x7C,0x22,0x00,0x4A,0x42,0xFD,0xDE,0xB4,0x94,0x83,0x08,0xE5,0x10,0xE5,0x10,0x05,0x19,
    0xA7,0x29,0x87,0x21,0x46,0x21,0x46,0x19,0xE5,0x10,0xA4,0x10,0xA4,0x10,0xA4,0x10,0xA4,0x10,0xC4,0x10,0xC4,0x10,0xC4,0x10,0x46,0x21,0x26,0x19,0x87,0x21,0xE9,0x31,
    0xC9,0x29,0xC8,0x29,0xC8,0x29,0xC8,0x29,0xC8,0x29,0xC9,0x31,0xC9,0x31,0xC9,0x31,0x26,0x19,0x46,0x19,0x26,0x19,0x46,0x21,0x05,0x19,0x46,0x21,0x66,0x21,0x88,0x21,
    0x88,0x21,0xA8,0x21,0xA8,0x21,0x26,0x19,0x67,0x21,0x66,0x19,0x66,0x21,0xC4,0x10,0xE4,0x10,0xC5,0x10,0xA4,0x10,0xF9,0xBD,0x97,0xAD,0xC4,0x10,0x83,0x08,0x16,0x9D,
    0xBD,0xCE,0x37,0x9D,0x25,0x19,0x45,0x21,0x00,0x00,0x00,0x00,0x00,0x00,0x00,0x00,0x00,0x00,0x00,0x00,0x00,0x00,0x00,0x00,0x00,0x00,0x00,0x00,0x00,0x00,0x00,0x00,
    0x00,0x00,0x00,0x00,0x00,0x00,0x00,0x00,0x00,0x00,0x00,0x00,0x00,0x00,0x00,0x00,0x00,0x00,0x00,0x00,0x00,0x00,0x00,0x00,0x6F,0x6B,0xDD,0xD6,0x1E,0xD7,0xF1,0x7B,
    0x01,0x00,0xD0,0x73,0x7F,0xE7,0x2A,0x42,0x42,0x00,0x26,0x19,0x05,0x19,0xE5,0x10,0x87,0x21,0xA8,0x29,0x46,0x21,0x26,0x19,0xE5,0x10,0xC4,0x10,0xC4,0x10,0xC4,0x10,
    0xC4,0x10,0xC4,0x10,0xC4,0x10,0xC4,0x10,0x46,0x21,0x05,0x19,0x46,0x19,0xC8,0x29,0xA8,0x29,0x88,0x29,0x88,0x29,0x87,0x21,0x87,0x21,0xA8,0x29,0xC9,0x29,0xA8,0x29,
    0x05,0x11,0x66,0x21,0x25,0x19,0x26,0x19,0x87,0x29,0x26,0x19,0x46,0x19,0xE9,0x31,0x09,0x32,0x66,0x19,0xC4,0x08,0x66,0x19,0x26,0x19,0x66,0x21,0x66,0x21,0xC4,0x10,
    0xE5,0x10,0x26,0x19,0x63,0x08,0x36,0xA5,0xFD,0xDE,0x67,0x29,0x42,0x00,0x36,0xA5,0xBD,0xCE,0x37,0x9D,0x25,0x19,0xE4,0x18,0x00,0x00,0x00,0x00,0x00,0x00,0x00,0x00,
    0x00,0x00,0x00,0x00,0x00,0x00,0x00,0x00,0x00,0x00,0x00,0x00,0x00,0x00,0x00,0x00,0x00,0x00,0x00,0x00,0x00,0x00,0x00,0x00,0x00,0x00,0x00,0x00,0x00,0x00,0x00,0x00,
    0x00,0x00,0x00,0x00,0x00,0x00,0x41,0x00,0x52,0x84,0x9C,0xC6,0x1E,0xDF,0xF1,0x7B,0x00,0x00,0xF5,0x9C,0x9F,0xEF,0x09,0x3A,0x63,0x00,0x46,0x21,0x05,0x19,0xC4,0x10,
    0x26,0x19,0x46,0x19,0x05,0x11,0xC4,0x10,0xC4,0x10,0xA4,0x10,0xA4,0x10,0xA4,0x08,0xA4,0x08,0xA4,0x10,0xA4,0x10,0xC4,0x10,0x05,0x19,0xE4,0x10,0xE5,0x10,0x26,0x19,
    0x47,0x21,0xEA,0x31,0xEA,0x31,0xC9,0x31,0xE9,0x31,0xC9,0x29,0x46,0x19,0x26,0x19,0xC4,0x08,0x25,0x19,0x25,0x19,0xA3,0x08,0xA3,0x08,0xA4,0x08,0x67,0x21,0xE9,0x31,
    0x09,0x32,0x46,0x19,0xA3,0x08,0xC4,0x08,0xE5,0x10,0x46,0x21,0x05,0x11,0xC4,0x08,0xE5,0x10,0x26,0x19,0x84,0x08,0x32,0x84,0x3E,0xE7,0x8B,0x4A,0x42,0x00,0x36,0xA5,
    0xBD,0xCE,0xB9,0xAD,0x09,0x3A,0x21,0x00,0x00,0x00,0x00,0x00,0x00,0x00,0x00,0x00,0x00,0x00,0x00,0x00,0x00,0x00,0x00,0x00,0x00,0x00,0x00,0x00,0x00,0x00,0x00,0x00,
    0x00,0x00,0x00,0x00,0x00,0x00,0x00,0x00,0x00,0x00,0x00,0x00,0x00,0x00,0x00,0x00,0x00,0x00,0x00,0x00,0xEF,0x7B,0x62,0x08,0x94,0x8C,0x9C,0xCE,0x3E,0xDF,0xF1,0x7B,
    0x22,0x00,0x3A,0xC6,0x5A,0xC6,0x67,0x21,0x83,0x08,0x46,0x21,0x67,0x21,0x67,0x21,0x46,0x19,0x46,0x19,0x26,0x19,0x26,0x19,0x26,0x19,0x26,0x19,0x26,0x19,0x26,0x19,
    0x26,0x19,0x46,0x19,0x46,0x19,0x26,0x19,0x26,0x19,0x46,0x19,0x46,0x19,0x46,0x19,0x47,0x19,0x68,0x21,0x68,0x21,0x67,0x21,0x67,0x21,0x67,0x21,0x46,0x19,0x46,0x19,
    0x26,0x19,0x46,0x19,0x66,0x19,0x46,0x19,0x46,0x19,0x46,0x19,0x47,0x21,0x47,0x19,0x46,0x19,0x46,0x19,0x25,0x19,0x26,0x19,0x46,0x19,0x46,0x19,0x46,0x21,0x46,0x19,
    0x67,0x21,0x46,0x21,0x83,0x08,0xE9,0x39,0x1E,0xDF,0xF5,0x9C,0x42,0x00,0x36,0xA5,0xBD,0xCE,0x3B,0xBE,0x8B,0x4A,0x00,0x00,0xFF,0xFF,0x00,0x00,0x00,0x00,0x00,0x00,
    0x00,0x00,0x00,0x00,0x00,0x00,0x00,0x00,0x00,0x00,0x00,0x00,0x00,0x00,0x00,0x00,0x00,0x00,0x00,0x00,0x00,0x00,0x00,0x00,0x00,0x00,0x00,0x00,0x00,0x00,0x00,0x00,
    0x00,0x00,0x00,0x00,0x00,0x00,0x21,0x00,0xB4,0x8C,0xBD,0xCE,0x3E,0xDF,0xD0,0x7B,0xA4,0x10,0x1D,0xDF,0xB4,0x94,0x42,0x00,0xC4,0x10,0xA7,0x29,0xE9,0x31,0xC8,0x29,
    0xA8,0x29,0xC8,0x29,0xA8,0x29,0xA8,0x29,0xA8,0x29,0xC8,0x29,0xA8,0x29,0xC8,0x29,0xC8,0x29,0xC8,0x29,0xC8,0x29,0xC8,0x29,0xC8,0x29,0xC8,0x29,0xC8,0x29,0xC8,0x29,
    0xC8,0x29,0xA8,0x29,0xA8,0x29,0xA8,0x29,0xA8,0x29,0xC8,0x29,0xC8,0x29,0xC8,0x29,0xC8,0x29,0xC8,0x29,0xE8,0x29,0xC8,0x29,0xC9,0x29,0xA9,0x29,0xA9,0x29,0xC8,0x29,
    0xC8,0x29,0xC8,0x29,0xC8,0x29,0xC8,0x29,0xC8,0x29,0xC8,0x29,0xC8,0x29,0xC8,0x29,0xE9,0x31,0xA7,0x29,0x63,0x00,0x46,0x21,0xBC,0xCE,0x77,0xAD,0x62,0x00,0x56,0xA5,
    0xDD,0xD6,0x9C,0xC6,0x8C,0x42,0x00,0x00,0x20,0x00,0x00,0x00,0x00,0x00,0x00,0x00,0x00,0x00,0x00,0x00,0x00,0x00,0x00,0x00,0x00,0x00,0x00,0x00,0x00,0x00,0x00,0x00,
    0x00,0x00,0x00,0x00,0x00,0x00,0x00,0x00,0x00,0x00,0x00,0x00,0x00,0x00,0x00,0x00,0x00,0x00,0x00,0x00,0xA7,0x31,0x6E,0x6B,0x98,0xAD,0xBC,0xCE,0x5F,0xE7,0xB0,0x73,
    0xC8,0x31,0x9F,0xEF,0xD4,0x94,0x21,0x00,0x25,0x19,0x66,0x21,0x26,0x19,0x26,0x19,0x46,0x19,0x47,0x19,0x47,0x19,0x26,0x19,0x26,0x19,0x26,0x19,0x46,0x19,0x26,0x19,
    0x26,0x19,0x46,0x11,0x46,0x19,0x46,0x19,0x46,0x19,0x46,0x19,0x46,0x19,0x46,0x19,0x26,0x19,0x46,0x19,0x46,0x19,0x46,0x19,0x47,0x19,0x47,0x19,0x46,0x19,0x46,0x19,
    0x46,0x19,0x47,0x19,0x46,0x19,0x46,0x19,0x47,0x19,0x27,0x19,0x47,0x19,0x47,0x19,0x46,0x19,0x46,0x19,0x46,0x19,0x46,0x19,0x26,0x19,0x26,0x19,0x46,0x19,0x46,0x19,
    0x46,0x19,0x66,0x21,0xC4,0x08,0xE5,0x18,0xF9,0xBD,0x7B,0xCE,0xE9,0x31,0x16,0x9D,0x1E,0xD7,0x7C,0xC6,0x53,0x7C,0x4A,0x42,0xC3,0x18,0x00,0x00,0x00,0x00,0x00,0x00,
    0x00,0x00,0x00,0x00,0x00,0x00,0x00,0x00,0x00,0x00,0x00,0x00,0x00,0x00,0x00,0x00,0x00,0x00,0x00,0x00,0x00,0x00,0x00,0x00,0x00,0x00,0x00,0x00,0x00,0x00,0x00,0x00,
    0x00,0x00,0xFF,0xFF,0xA3,0x10,0x16,0x9D,0x3A,0xC6,0xBC,0xD6,0x5E,0xE7,0xB0,0x73,0xB0,0x73,0xFD,0xDE,0xEC,0x52,0x62,0x00,0x05,0x19,0x87,0x29,0x87,0x21,0x67,0x21,
    0x87,0x21,0x68,0x21,0x68,0x21,0x67,0x21,0x67,0x21,0x68,0x21,0x68,0x21,0x67,0x21,0x67,0x21,0x87,0x21,0x87,0x21,0x87,0x21,0x87,0x21,0x67,0x21,0x67,0x21,0x67,0x21,
    0x87,0x21,0x87,0x21,0x87,0x21,0x87,0x21,0x88,0x21,0x88,0x21,0x88,0x21,0x88,0x21,0x88,0x21,0x88,0x21,0x87,0x21,0x87,0x21,0x87,0x21,0x87,0x21,0x87,0x21,0x87,0x21,
    0x87,0x21,0x87,0x21,0x87,0x21,0x87,0x21,0x87,0x21,0x67,0x21,0x87,0x21,0x87,0x21,0x87,0x21,0xA7,0x29,0xE5,0x10,0x63,0x00,0x73,0x8C,0x7F,0xEF,0xED,0x5A,0xD5,0x94,
    0x5F,0xDF,0x7B,0xC6,0x3A,0xBE,0xCC,0x4A,0x00,0x00,0x00,0x00,0x00,0x00,0x00,0x00,0x00,0x00,0x00,0x00,0x00,0x00,0x00,0x00,0x00,0x00,0x00,0x00,0x00,0x00,0x00,0x00,
    0x00,0x00,0x00,0x00,0x00,0x00,0x00,0x00,0x00,0x00,0x00,0x00,0x00,0x00,0x00,0x00,0x00,0x00,0xFF,0xFF,0xC4,0x10,0x94,0x8C,0x7B,0xCE,0xBC,0xD6,0xB8,0xB5,0x74,0x84,
    0x98,0xAD,0x3B,0xC6,0x05,0x19,0x83,0x08,0xC4,0x10,0x05,0x19,0x67,0x21,0x67,0x21,0x87,0x21,0x67,0x21,0x67,0x21,0x67,0x21,0x67,0x21,0x67,0x21,0x67,0x21,0x67,0x21,
    0x67,0x21,0x67,0x21,0x67,0x21,0x67,0x21,0x67,0x21,0x67,0x21,0x67,0x21,0x67,0x21,0x67,0x21,0x88,0x21,0x88,0x21,0x88,0x21,0x67,0x21,0x67,0x21,0x67,0x21,0x68,0x21,
    0x67,0x21,0x67,0x21,0x67,0x21,0x87,0x21,0x87,0x21,0x87,0x21,0x87,0x21,0x87,0x21,0x88,0x21,0x88,0x21,0x87,0x21,0x87,0x21,0x67,0x21,0x87,0x21,0x87,0x21,0x67,0x21,
    0x67,0x21,0x05,0x19,0xE5,0x10,0x22,0x00,0xD1,0x7B,0x3F,0xE7,0xF6,0x9C,0xF6,0x94,0xBC,0xCE,0xFD,0xD6,0xF9,0xB5,0x6B,0x42,0x01,0x00,0x00,0x00,0x00,0x00,0x00,0x00,
    0x00,0x00,0x00,0x00,0x00,0x00,0x00,0x00,0x00,0x00,0x00,0x00,0x00,0x00,0x00,0x00,0x00,0x00,0x00,0x00,0x00,0x00,0x00,0x00,0x00,0x00,0x00,0x00,0x00,0x00,0x00,0x00,
    0x00,0x00,0x55,0xAD,0xA4,0x10,0xD5,0x9C,0x7C,0xCE,0xD9,0xBD,0xFA,0xBD,0xB9,0xAD,0x1B,0xBE,0x7C,0xCE,0x67,0x21,0xA4,0x08,0xE4,0x10,0xC4,0x10,0xC5,0x10,0x26,0x21,
    0xA8,0x29,0xC8,0x29,0x88,0x21,0x67,0x21,0x67,0x21,0x67,0x21,0x67,0x21,0x67,0x21,0x67,0x21,0x67,0x21,0x68,0x21,0x68,0x21,0x68,0x21,0x68,0x21,0x67,0x21,0x67,0x21,
    0x67,0x21,0x87,0x21,0x87,0x21,0x87,0x21,0x88,0x21,0x67,0x21,0x88,0x21,0x68,0x21,0x68,0x21,0x68,0x21,0x67,0x21,0x67,0x21,0x87,0x21,0x87,0x21,0x87,0x21,0x87,0x21,
    0x87,0x21,0x87,0x21,0x87,0x21,0x67,0x21,0xA8,0x29,0xC8,0x31,0xA8,0x29,0x26,0x19,0xE5,0x10,0xC5,0x10,0xE5,0x18,0x22,0x00,0xD1,0x7B,0x3E,0xE7,0xD9,0xBD,0x5B,0xC6,
    0x3A,0xBE,0x5B,0xBE,0x7B,0xC6,0x8B,0x4A,0x01,0x00,0x00,0x00,0x00,0x00,0x00,0x00,0x00,0x00,0x00,0x00,0x00,0x00,0x00,0x00,0x00,0x00,0x00,0x00,0x00,0x00,0x00,0x00,
    0x00,0x00,0x00,0x00,0x00,0x00,0x00,0x00,0x00,0x00,0x00,0x00,0x00,0x00,0x00,0x00,0x00,0x00,0xB2,0x94,0x63,0x08,0x94,0x8C,0x98,0xAD,0x5B,0xCE,0xDD,0xD6,0xDA,0xB5,
    0x3B,0xBE,0xD9,0xB5,0xA4,0x08,0xA3,0x08,0x05,0x19,0xE5,0x10,0xC4,0x10,0xC4,0x10,0xE5,0x10,0x47,0x21,0xA8,0x29,0x67,0x21,0x87,0x21,0x87,0x21,0x67,0x21,0x67,0x21,
    0x67,0x21,0x67,0x21,0x67,0x21,0x67,0x21,0x67,0x21,0x67,0x21,0x67,0x21,0x67,0x21,0x67,0x21,0x67,0x19,0x67,0x21,0x67,0x21,0x67,0x21,0x67,0x21,0x67,0x21,0x67,0x21,
    0x67,0x21,0x67,0x21,0x67,0x21,0x67,0x21,0x67,0x21,0x67,0x21,0x67,0x21,0x67,0x21,0x87,0x21,0xA7,0x29,0xA7,0x29,0xA8,0x29,0xA8,0x29,0x26,0x19,0xE5,0x10,0xE5,0x10,
    0xE5,0x10,0xE5,0x10,0xE5,0x18,0x01,0x00,0xAC,0x52,0x3E,0xE7,0xD9,0xB5,0x3A,0xBE,0xDD,0xD6,0xD9,0xB5,0xD8,0xAD,0x8B,0x4A,0x42,0x08,0x20,0x00,0x00,0x00,0x00,0x00,
    0x00,0x00,0x00,0x00,0x00,0x00,0x00,0x00,0x00,0x00,0x00,0x00,0x00,0x00,0x00,0x00,0x00,0x00,0x00,0x00,0x00,0x00,0x00,0x00,0x00,0x00,0x00,0x00,0x00,0x00,0x0F,0x00,
    0x00,0x00,0x4D,0x63,0xC4,0x10,0xF2,0x73,0xFA,0xBD,0xDE,0xDE,0xBD,0xD6,0x1B,0xBE,0xFA,0xB5,0x9C,0xCE,0xED,0x52,0xA3,0x08,0x22,0x00,0xE5,0x10,0xE5,0x10,0xC4,0x10,
    0xC4,0x10,0xC4,0x10,0xE4,0x10,0xE5,0x10,0x05,0x19,0x46,0x19,0x87,0x21,0x87,0x21,0x87,0x21,0x88,0x21,0x87,0x21,0x88,0x21,0x88,0x21,0x88,0x21,0x88,0x21,0x68,0x21,
    0x67,0x21,0x67,0x21,0x87,0x21,0x87,0x21,0x67,0x21,0x87,0x21,0x87,0x21,0x88,0x21,0x88,0x21,0x88,0x21,0x88,0x21,0xA8,0x29,0xA8,0x29,0xA8,0x29,0x87,0x21,0x87,0x21,
    0x66,0x21,0x46,0x19,0x25,0x19,0xE5,0x10,0xC4,0x10,0xC4,0x10,0xE5,0x18,0xE5,0x18,0xE5,0x18,0xC4,0x10,0x22,0x00,0x05,0x19,0xF4,0x9C,0x9F,0xEF,0xD9,0xB5,0x1A,0xBE,
    0xDD,0xD6,0xDD,0xD6,0x78,0xA5,0x6B,0x42,0xE4,0x18,0xFF,0xFF,0x00,0x00,0x00,0x00,0x00,0x00,0x00,0x00,0x00,0x00,0x00,0x00,0x00,0x00,0x00,0x00,0x00,0x00,0x00,0x00,
    0x00,0x00,0x00,0x00,0x00,0x00,0x00,0x00,0x00,0x00,0x00,0x00,0x00,0x00,0xEF,0x7B,0x00,0x00,0x8A,0x4A,0xC8,0x31,0x77,0x9D,0x7C,0xC6,0xFE,0xDE,0xFE,0xD6,0x9D,0xCE,
    0x98,0xAD,0x5F,0xE7,0x3E,0xE7,0xF1,0x7B,0xAB,0x4A,0xC4,0x10,0x83,0x00,0xE4,0x10,0xE5,0x10,0xE5,0x18,0xE5,0x10,0xE4,0x10,0xC4,0x10,0xC4,0x10,0xE5,0x10,0x05,0x11,
    0xE5,0x10,0xE5,0x10,0xE5,0x10,0x47,0x21,0x88,0x29,0x88,0x21,0x88,0x21,0x87,0x21,0x67,0x21,0x67,0x21,0x67,0x21,0x87,0x21,0x87,0x21,0x87,0x21,0x87,0x21,0x87,0x21,
    0x87,0x21,0x87,0x21,0xA7,0x29,0x66,0x21,0xE5,0x10,0xE5,0x10,0xE5,0x10,0xE4,0x10,0xE4,0x10,0xE4,0x08,0xE4,0x10,0xE4,0x10,0xE5,0x10,0x05,0x19,0xE5,0x18,0xA4,0x10,
    0x63,0x08,0xA4,0x10,0x4A,0x42,0x97,0xAD,0x9F,0xEF,0x3D,0xDF,0xB8,0xAD,0xBC,0xD6,0xDD,0xDE,0xDD,0xD6,0x3B,0xBE,0x32,0x7C,0x25,0x21,0xFF,0xFF,0x00,0x00,0x00,0x00,
    0x00,0x00,0x00,0x00,0x00,0x00,0x00,0x00,0x00,0x00,0x00,0x00,0x00,0x00,0x00,0x00,0x00,0x00,0x00,0x00,0x00,0x00,0x00,0x00,0x00,0x00,0x00,0x00,0x00,0x00,0xAA,0x52,
    0x00,0x00,0x04,0x19,0x4A,0x42,0x1A,0xB6,0x5C,0xC6,0x1E,0xDF,0xDD,0xD6,0xDD,0xD6,0x98,0xAD,0x5E,0xE7,0xDC,0xD6,0x3E,0xE7,0x7F,0xEF,0x93,0x8C,0x87,0x29,0xC4,0x10,
    0x83,0x08,0x63,0x08,0x83,0x08,0xE5,0x10,0xE5,0x10,0xE5,0x10,0xE4,0x10,0xC4,0x10,0xC4,0x10,0xC4,0x10,0xC4,0x10,0xC4,0x10,0xC4,0x10,0xC4,0x10,0xC4,0x10,0xC4,0x10,
    0xC4,0x10,0xC4,0x10,0xC4,0x10,0xC4,0x10,0xC4,0x08,0xC4,0x08,0xC4,0x08,0xC4,0x08,0xC4,0x08,0xC4,0x08,0xC4,0x08,0xC4,0x10,0xC4,0x10,0xC4,0x10,0xE4,0x10,0xE4,0x10,
    0xE4,0x10,0xE4,0x10,0x05,0x11,0xE4,0x10,0x83,0x08,0x63,0x08,0xA3,0x10,0xE4,0x10,0xA7,0x31,0x36,0xA5,0x9F,0xEF,0x3D,0xE7,0x3D,0xE7,0x1D,0xDF,0x97,0xAD,0xFD,0xDE,
    0xFD,0xDE,0xFD,0xD6,0x5B,0xC6,0x16,0x9D,0x66,0x29,0x8E,0x73,0x00,0x00,0x00,0x00,0x00,0x00,0x00,0x00,0x00,0x00,0x00,0x00,0x00,0x00,0x00,0x00,0x00,0x00,0x00,0x00,
    0x00,0x00,0x00,0x00,0x00,0x00,0x00,0x00,0x00,0x00,0x00,0x00,0x00,0x00,0xAA,0x52,0x00,0x00,0x87,0x31,0x4A,0x42,0x3A,0xBE,0x9C,0xCE,0x3E,0xE7,0xFD,0xD6,0xFD,0xD6,
    0xD8,0xB5,0xFD,0xDE,0x5E,0xE7,0xFC,0xD6,0xDC,0xD6,0x5E,0xE7,0xFD,0xDE,0x77,0xAD,0x67,0x29,0x66,0x29,0x46,0x21,0x62,0x00,0x83,0x08,0x83,0x08,0xA3,0x08,0xE4,0x10,
    0xE4,0x10,0xE4,0x10,0xE4,0x10,0xE4,0x10,0xE4,0x10,0xE4,0x10,0xE5,0x18,0xE4,0x10,0xE4,0x10,0xE4,0x10,0xE5,0x10,0xE5,0x10,0xE5,0x10,0xE5,0x10,0xE5,0x10,0xE4,0x10,
    0xE4,0x10,0xE4,0x10,0xE5,0x10,0xE4,0x10,0xE4,0x10,0xE4,0x10,0x05,0x11,0xC4,0x10,0x83,0x08,0xA3,0x08,0x83,0x00,0x83,0x08,0x86,0x29,0x04,0x21,0x0C,0x5B,0xDB,0xD6,
    0xFC,0xD6,0x7E,0xE7,0xFD,0xDE,0x1D,0xDF,0xBF,0xEF,0x5A,0xC6,0xD8,0xB5,0x1D,0xDF,0x1D,0xDF,0x1C,0xDF,0x7B,0xC6,0x78,0xAD,0x66,0x29,0xFF,0xFF,0x00,0x00,0x00,0x00,
    0x00,0x00,0x00,0x00,0x00,0x00,0x00,0x00,0x00,0x00,0x00,0x00,0x00,0x00,0x00,0x00,0x00,0x00,0x00,0x00,0x00,0x00,0x00,0x00,0x00,0x00,0x00,0x00,0x00,0x00,0x00,0x00,
    0xAE,0x73,0xC8,0x39,0xB4,0x94,0x5B,0xC6,0xDD,0xD6,0x7F,0xEF,0xFD,0xD6,0x3E,0xDF,0x19,0xBE,0xBB,0xD6,0x7F,0xEF,0x1D,0xDF,0xFD,0xDE,0xDC,0xD6,0x1D,0xDF,0x5E,0xE7,
    0x3D,0xE7,0x7E,0xEF,0xBB,0xD6,0xE8,0x39,0xC7,0x31,0xC7,0x31,0xA7,0x29,0xA3,0x08,0x83,0x08,0xA3,0x08,0xA3,0x08,0xA3,0x08,0x83,0x08,0x83,0x08,0x83,0x08,0x83,0x08,
    0x83,0x08,0x84,0x08,0xA4,0x08,0xA3,0x08,0x83,0x08,0x83,0x08,0x83,0x08,0x83,0x08,0x83,0x08,0x83,0x08,0x83,0x08,0x83,0x08,0x83,0x08,0xA3,0x08,0x83,0x08,0x05,0x19,
    0xC8,0x31,0xC8,0x31,0x86,0x29,0xCB,0x52,0x3D,0xE7,0x1C,0xDF,0x1C,0xDF,0x3E,0xE7,0x1D,0xDF,0xDC,0xD6,0x1D,0xDF,0x5E,0xE7,0xBF,0xF7,0xB7,0xB5,0x7B,0xC6,0x3E,0xDF,
    0x3D,0xDF,0x5D,0xDF,0x5B,0xC6,0xFA,0xBD,0xB0,0x73,0x04,0x19,0x00,0x00,0x00,0x00,0x00,0x00,0x00,0x00,0x00,0x00,0x00,0x00,0x00,0x00,0x00,0x00,0x00,0x00,0x00,0x00,
    0x00,0x00,0x00,0x00,0x00,0x00,0x00,0x00,0x00,0x00,0x00,0x00,0xAA,0x52,0x00,0x00,0xCB,0x52,0x83,0x08,0x57,0xA5,0x5B,0xC6,0xFD,0xD6,0x9F,0xEF,0x1D,0xDF,0x5E,0xDF,
    0x9B,0xCE,0xBC,0xD6,0x9F,0xEF,0x1D,0xE7,0x1D,0xDF,0xFD,0xDE,0xFD,0xD6,0x1D,0xDF,0x1D,0xDF,0x1C,0xDF,0x3D,0xDF,0x3D,0xDF,0x3D,0xDF,0x5D,0xE7,0xDC,0xD6,0x6A,0x42,
    0xA7,0x29,0xA7,0x29,0xA7,0x29,0xA7,0x29,0xC8,0x31,0xC8,0x31,0xA8,0x31,0xA8,0x31,0xA8,0x31,0xC8,0x31,0xC8,0x31,0xA8,0x31,0xA7,0x31,0xA7,0x31,0xA7,0x31,0xA8,0x31,
    0xA8,0x31,0xA8,0x31,0xA7,0x31,0xA7,0x31,0xA7,0x31,0xC8,0x31,0x66,0x29,0xF0,0x7B,0x3E,0xE7,0x1D,0xDF,0x1D,0xDF,0x1D,0xDF,0x1D,0xDF,0x1D,0xDF,0x1D,0xDF,0xFD,0xDE,
    0xFD,0xDE,0x1D,0xDF,0x3D,0xE7,0x5E,0xE7,0x9E,0xEF,0xF8,0xB5,0xDC,0xD6,0x3D,0xDF,0x5E,0xE7,0x7E,0xE7,0x7B,0xC6,0x3B,0xBE,0x32,0x84,0x42,0x00,0xEF,0xFB,0x00,0x00,
    0x00,0x00,0x00,0x00,0x00,0x00,0x00,0x00,0x00,0x00,0x00,0x00,0x00,0x00,0x00,0x00,0x00,0x00,0x00,0x00,0x00,0x00,0x00,0x00,0x00,0x00,0x00,0x00,0xAA,0x52,0x00,0x00,
    0x49,0x42,0xE4,0x18,0x97,0xA5,0x7B,0xC6,0x1D,0xD7,0x9E,0xEF,0x3D,0xDF,0x1D,0xDF,0x1D,0xDF,0xF9,0xBD,0x5E,0xEF,0x3E,0xE7,0x1D,0xDF,0xFD,0xDE,0xFD,0xD6,0xFD,0xD6,
    0x1D,0xD7,0x1D,0xD7,0x1D,0xD7,0x1D,0xD7,0x1D,0xD7,0xFD,0xDE,0xFC,0xD6,0xFD,0xDE,0xFD,0xDE,0xFC,0xD6,0xDC,0xD6,0xFC,0xD6,0xFD,0xDE,0x1D,0xDF,0x1C,0xDF,0x1C,0xDF,
    0x1C,0xDF,0x1D,0xDF,0x1D,0xDF,0x1D,0xDF,0xFD,0xDE,0xFD,0xDE,0xFD,0xDE,0x1D,0xDF,0x1D,0xDF,0x1D,0xDF,0x1D,0xDF,0x1D,0xDF,0x1D,0xDF,0x1D,0xDF,0xFC,0xD6,0xDC,0xD6,
    0xFC,0xDE,0xFD,0xDE,0xFD,0xDE,0xFD,0xDE,0xFD,0xDE,0xFD,0xDE,0xFD,0xDE,0xFD,0xDE,0xFD,0xDE,0x1D,0xDF,0x3E,0xE7,0x5E,0xE7,0x1D,0xDF,0xB8,0xB5,0x3E,0xE7,0xFD,0xDE,
    0x7E,0xE7,0x7E,0xE7,0x9B,0xCE,0x1A,0xBE,0x53,0x84,0x62,0x08,0xC3,0x00,0x00,0x00,0x00,0x00,0x00,0x00,0x00,0x00,0x00,0x00,0x00,0x00,0x00,0x00,0x00,0x00,0x00,0x00,
    0x00,0x00,0x00,0x00,0x00,0x00,0x00,0x00,0x00,0x00,0x00,0x00,0xAA,0x52,0x00,0x00,0xCB,0x52,0x25,0x21,0x19,0xB6,0xDC,0xCE,0x1D,0xDF,0x9E,0xEF,0x3D,0xE7,0x1D,0xDF,
    0x3E,0xDF,0x98,0xAD,0x3D,0xE7,0x5E,0xE7,0x3E,0xE7,0x1D,0xDF,0xFD,0xDE,0xFD,0xD6,0x1D,0xD7,0x1D,0xD7,0x1D,0xDF,0x1D,0xD7,0xFD,0xD6,0xFD,0xD6,0x1D,0xDF,0x1D,0xDF,
    0x1D,0xDF,0x1D,0xDF,0x1D,0xDF,0x1D,0xDF,0x1D,0xDF,0xFC,0xD6,0x1C,0xD7,0x1C,0xDF,0xFC,0xDE,0xFC,0xDE,0x1D,0xDF,0x1D,0xDF,0x1D,0xDF,0xFD,0xDE,0x1D,0xDF,0x1D,0xDF,
    0x1D,0xDF,0x1D,0xDF,0x1D,0xDF,0x1D,0xDF,0x1D,0xDF,0x1D,0xDF,0xFD,0xDE,0xFD,0xDE,0xFD,0xDE,0xFD,0xDE,0xFD,0xDE,0xFD,0xDE,0xFD,0xDE,0xFD,0xDE,0xFD,0xDE,0xFD,0xD6,
    0x1D,0xDF,0x5E,0xE7,0x3D,0xE7,0x9F,0xEF,0x9B,0xCE,0xD8,0xB5,0x5F,0xE7,0xFD,0xDE,0x7E,0xE7,0x7E,0xE7,0xDC,0xD6,0xBC,0xCE,0x94,0x8C,0x21,0x00,0x00,0x00,0x00,0x00,
    0x00,0x00,0x00,0x00,0x00,0x00,0x00,0x00,0x00,0x00,0x00,0x00,0x00,0x00,0x00,0x00,0x00,0x00,0x00,0x00,0x00,0x00,0x00,0x00,0x00,0x00,0x00,0x00,0x1F,0x00,0x60,0x08,
    0x6A,0x4A,0xB0,0x73,0x7B,0xC6,0xDD,0xCE,0x1D,0xDF,0x9F,0xEF,0x3D,0xE7,0xFD,0xD6,0x5E,0xE7,0x3A,0xC6,0x3D,0xE7,0x7E,0xEF,0x5E,0xE7,0x3E,0xE7,0x1D,0xDF,0xFD,0xDE,
    0x1D,0xDF,0x1D,0xDF,0xFD,0xDE,0xFD,0xDE,0xFD,0xDE,0xFD,0xDE,0xFD,0xDE,0xFD,0xDE,0xFD,0xDE,0xFD,0xDE,0xFD,0xDE,0xFD,0xDE,0xFD,0xDE,0xFD,0xD6,0x1D,0xD7,0x1D,0xDF,
    0xFD,0xDE,0xFD,0xDE,0xFD,0xDE,0xFD,0xDE,0xFD,0xDE,0xFD,0xDE,0xFD,0xDE,0xFD,0xDE,0xFD,0xDE,0xFD,0xDE,0xFD,0xDE,0xFD,0xDE,0x1D,0xDF,0xFD,0xD6,0x1D,0xDF,0xFD,0xDE,
    0xFD,0xDE,0x1D,0xD7,0x1D,0xD7,0x1D,0xDF,0x1D,0xDF,0xFD,0xDE,0xFD,0xDE,0xFD,0xDE,0x1D,0xDF,0x5E,0xE7,0x3E,0xE7,0x7F,0xEF,0xF9,0xBD,0x9C,0xCE,0x5F,0xE7,0xFD,0xDE,
    0x7E,0xEF,0x7E,0xE7,0xFC,0xD6,0xDC,0xD6,0xD9,0xB5,0x2D,0x5B,0x86,0x29,0xE7,0x39,0x00,0x00,0x00,0x00,0x00,0x00,0x00,0x00,0x00,0x00,0x00,0x00,0x00,0x00,0x00,0x00,
    0x00,0x00,0x00,0x00,0x00,0x00,0x00,0x00,0x00,0x00,0x00,0x00,0x00,0x00,0xA3,0x08,0xC8,0x31,0x5B,0xC6,0x7B,0xC6,0xDC,0xCE,0x1D,0xDF,0x9F,0xEF,0x5E,0xEF,0xDD,0xDE,
    0x3E,0xE7,0x19,0xBE,0x9B,0xCE,0x7E,0xEF,0x5D,0xE7,0x5E,0xE7,0x3E,0xDF,0xFD,0xDE,0x1D,0xDF,0x1D,0xDF,0x1D,0xDF,0xFD,0xDE,0xFD,0xDE,0x1D,0xDF,0xFD,0xDE,0xFD,0xDE,
    0xFD,0xDE,0xFD,0xDE,0xFD,0xDE,0xFD,0xDE,0xFD,0xDE,0xFD,0xDE,0xFD,0xDE,0xFD,0xDE,0xFD,0xDE,0xFD,0xDE,0xFD,0xDE,0xFD,0xDE,0xFD,0xDE,0xFD,0xDE,0xFD,0xDE,0xFD,0xDE,
    0xFD,0xDE,0xFD,0xDE,0xFD,0xDE,0xFD,0xDE,0xFD,0xDE,0xFD,0xDE,0xFD,0xDE,0xFD,0xDE,0xFD,0xDE,0xFD,0xDE,0xFD,0xDE,0xFD,0xDE,0xFD,0xDE,0xFD,0xDE,0xFD,0xDE,0xFD,0xDE,
    0x3E,0xE7,0x5E,0xE7,0x5E,0xE7,0x5E,0xEF,0x56,0xA5,0x9C,0xCE,0x1E,0xDF,0x1D,0xDF,0x9F,0xEF,0x7E,0xE7,0xFC,0xD6,0xBC,0xCE,0xBC,0xC6,0xD8,0xAD,0x05,0x19,0xC7,0x39,
    0x00,0x00,0x00,0x00,0x00,0x00,0x00,0x00,0x00,0x00,0x00,0x00,0x00,0x00,0x00,0x00,0x00,0x00,0x00,0x00,0x00,0x00,0x00,0x00,0x00,0x00,0x00,0x00,0x00,0x00,0xE4,0x10,
    0xA8,0x31,0x1A,0xBE,0x9C,0xCE,0xFD,0xD6,0x1D,0xDF,0xBF,0xF7,0x9F,0xF7,0x1D,0xE7,0x3E,0xE7,0x9B,0xCE,0x39,0xC6,0x9F,0xF7,0x5D,0xE7,0x5E,0xE7,0x3E,0xDF,0xFD,0xDE,
    0xFD,0xDE,0x1D,0xDF,0x1D,0xDF,0xFD,0xDE,0xFD,0xDE,0xFD,0xDE,0xFD,0xDE,0xFD,0xDE,0xFD,0xDE,0xFD,0xDE,0xFD,0xDE,0xFD,0xDE,0xFD,0xDE,0xFD,0xDE,0xFD,0xDE,0xFD,0xDE,
    0xFD,0xDE,0xFD,0xDE,0xFD,0xDE,0xFD,0xDE,0xFD,0xDE,0xFD,0xDE,0xFD,0xDE,0xFD,0xDE,0xFD,0xDE,0xFD,0xDE,0xFD,0xDE,0xFD,0xDE,0xFD,0xDE,0xFD,0xDE,0xFD,0xDE,0xFD,0xDE,
    0xFD,0xDE,0xFD,0xDE,0xFD,0xDE,0xFD,0xDE,0xFD,0xDE,0xFD,0xDE,0xFD,0xDE,0x1D,0xDF,0x5E,0xE7,0x5E,0xE7,0x7E,0xEF,0x5E,0xE7,0xF8,0xBD,0x1D,0xDF,0x1D,0xDF,0x3D,0xE7,
    0x9F,0xEF,0x7E,0xE7,0x1D,0xDF,0xFC,0xD6,0x9C,0xC6,0x56,0x9D,0x05,0x19,0xA7,0x31,0x00,0x00,0x00,0x00,0x00,0x00,0x00,0x00,0x00,0x00,0x00,0x00,0x00,0x00,0x00,0x00,
    0x00,0x00,0x00,0x00,0x00,0x00,0x00,0x00,0x00,0x00,0x00,0x00,0x00,0x00,0xA3,0x10,0xA7,0x31,0x5B,0xC6,0x9C,0xD6,0xFD,0xD6,0x3E,0xDF,0xBF,0xF7,0x9F,0xF7,0x3E,0xE7,
    0x1D,0xDF,0x1D,0xDF,0xF8,0xBD,0x9E,0xEF,0x7E,0xE7,0x5D,0xE7,0x3E,0xE7,0x1D,0xDF,0xFD,0xDE,0xFD,0xD6,0x1D,0xDF,0xFD,0xDE,0xFD,0xDE,0xFD,0xDE,0xFD,0xDE,0xFD,0xDE,
    0xFD,0xDE,0xFD,0xDE,0xFD,0xDE,0xFD,0xDE,0xFD,0xDE,0xFD,0xDE,0xFD,0xDE,0xFD,0xDE,0xFD,0xDE,0xFD,0xDE,0xFD,0xDE,0xFD,0xDE,0xFD,0xDE,0xFD,0xDE,0xFD,0xDE,0xFD,0xDE,
    0xFD,0xDE,0xFD,0xDE,0xFD,0xDE,0xFD,0xDE,0xFD,0xDE,0xFD,0xDE,0xFD,0xDE,0xFD,0xDE,0xFD,0xDE,0xFD,0xDE,0xFD,0xDE,0xFD,0xDE,0xFD,0xDE,0xFD,0xDE,0xFD,0xDE,0x1D,0xDF,
    0x5E,0xE7,0x3D,0xE7,0x9F,0xEF,0x9B,0xCE,0x39,0xC6,0x7F,0xEF,0x1D,0xDF,0x3D,0xE7,0xBF,0xEF,0x7E,0xEF,0x1D,0xDF,0xDC,0xD6,0xBC,0xCE,0x97,0xAD,0x05,0x19,0xC8,0x39,
    0x00,0x00,0x00,0x00,0x00,0x00,0x00,0x00,0x00,0x00,0x00,0x00,0x00,0x00,0x00,0x00,0x00,0x00,0x00,0x00,0x00,0x00,0x00,0x00,0x00,0x00,0x00,0x00,0x00,0x00,0xC3,0x10,
    0xA8,0x31,0x5B,0xCE,0xBC,0xD6,0xFD,0xDE,0x3E,0xDF,0x9E,0xEF,0xBF,0xF7,0x5E,0xEF,0xFD,0xDE,0x7E,0xE7,0x39,0xBE,0xDB,0xD6,0xBE,0xEF,0x3D,0xE7,0x3E,0xE7,0x1D,0xDF,
    0xFD,0xDE,0xFD,0xD6,0x1D,0xDF,0x1D,0xDF,0xFD,0xDE,0xFD,0xDE,0xFD,0xDE,0xFD,0xDE,0xFD,0xDE,0xFD,0xDE,0xFD,0xDE,0xFD,0xDE,0xFD,0xDE,0xFD,0xDE,0xFD,0xDE,0xFD,0xDE,
    0xFD,0xDE,0xFD,0xDE,0xFD,0xDE,0xFD,0xDE,0xFD,0xDE,0xFD,0xDE,0xFD,0xDE,0xFD,0xDE,0xFD,0xDE,0xFD,0xDE,0xFD,0xDE,0xFD,0xDE,0xFD,0xDE,0xFD,0xDE,0xFD,0xDE,0xFD,0xDE,
    0xFD,0xDE,0xFD,0xDE,0xFD,0xDE,0xFD,0xDE,0x1D,0xDF,0xFD,0xDE,0xFD,0xDE,0x3D,0xE7,0x5E,0xE7,0x5D,0xE7,0xBF,0xF7,0xF8,0xBD,0x9B,0xCE,0x5E,0xE7,0x1D,0xDF,0x5D,0xE7,
    0x9F,0xEF,0x5E,0xEF,0x1D,0xDF,0xDC,0xD6,0xDD,0xCE,0xD8,0xB5,0x26,0x21,0x87,0x39,0x00,0x00,0x00,0x00,0x00,0x00,0x00,0x00,0x00,0x00,0x00,0x00,0x00,0x00,0x00,0x00,
    0x00,0x00,0x00,0x00,0x00,0x00,0x00,0x00,0x00,0x00,0x00,0x00,0x00,0x00,0xE4,0x18,0xE8,0x39,0x7B,0xCE,0xBC,0xD6,0xFD,0xDE,0x3D,0xDF,0x9E,0xEF,0xBE,0xF7,0x7E,0xEF,
    0xFD,0xDE,0x7E,0xE7,0x9B,0xCE,0x39,0xC6,0x9E,0xEF,0x5E,0xE7,0x3E,0xE7,0x1D,0xDF,0xFD,0xDE,0xFD,0xD6,0x1D,0xDF,0xFD,0xDE,0xFD,0xD6,0xFD,0xDE,0x1D,0xDF,0xFD,0xDE,
    0xFD,0xDE,0xFD,0xDE,0xFD,0xDE,0xFD,0xDE,0xFD,0xDE,0xFD,0xDE,0xFD,0xDE,0xFD,0xDE,0xFD,0xDE,0xFD,0xDE,0xFD,0xDE,0xFD,0xDE,0xFD,0xDE,0xFD,0xDE,0xFD,0xDE,0xFD,0xDE,
    0xFD,0xDE,0xFD,0xDE,0xFD,0xDE,0xFD,0xDE,0xFD,0xDE,0xFD,0xDE,0xFD,0xDE,0xFD,0xDE,0xFD,0xDE,0xFD,0xDE,0xFD,0xDE,0xFD,0xDE,0x1D,0xDF,0xFD,0xDE,0x1D,0xDF,0x3E,0xE7,
    0x3E,0xE7,0x7E,0xEF,0x3D,0xE7,0xD8,0xB5,0x5E,0xE7,0x1D,0xDF,0x3D,0xDF,0x7E,0xEF,0x9E,0xF7,0x5E,0xE7,0x1D,0xDF,0xDC,0xD6,0xDD,0xD6,0xD9,0xB5,0x26,0x21,0xC7,0x39,
    0x00,0x00,0x00,0x00,0x00,0x00,0x00,0x00,0x00,0x00,0x00,0x00,0x00,0x00,0x00,0x00,0x00,0x00,0x00,0x00,0x00,0x00,0x00,0x00,0x00,0x00,0x00,0x00,0x00,0x00,0xE4,0x18,
    0x09,0x3A,0x9C,0xCE,0xBC,0xD6,0xFC,0xD6,0x3D,0xDF,0x9E,0xEF,0xBE,0xF7,0x9E,0xEF,0x1D,0xDF,0x5E,0xE7,0xDC,0xD6,0xF9,0xBD,0x7E,0xEF,0x5E,0xE7,0x3E,0xE7,0x1D,0xDF,
    0xFD,0xD6,0xFD,0xD6,0x1D,0xDF,0xFD,0xDE,0xFD,0xDE,0xFD,0xDE,0xFD,0xDE,0xFD,0xDE,0xFD,0xDE,0xFD,0xDE,0xFD,0xDE,0xFD,0xDE,0xFD,0xDE,0xFD,0xDE,0xFD,0xDE,0xFD,0xDE,
    0xFD,0xDE,0xFD,0xDE,0xFD,0xDE,0xFD,0xDE,0xFD,0xDE,0xFD,0xDE,0xFD,0xDE,0xFD,0xDE,0xFD,0xDE,0xFD,0xDE,0xFD,0xDE,0xFD,0xDE,0xFD,0xDE,0xFD,0xDE,0xFD,0xDE,0xFD,0xDE,
    0xFD,0xDE,0xFD,0xDE,0xFD,0xDE,0xFD,0xDE,0x1D,0xDF,0xFD,0xDE,0x1D,0xDF,0x3E,0xE7,0x3E,0xE7,0x7F,0xEF,0xBB,0xD6,0xF9,0xBD,0x5E,0xE7,0x1D,0xDF,0x3D,0xE7,0x7E,0xEF,
    0x9E,0xEF,0x5E,0xE7,0x1D,0xDF,0xDC,0xD6,0xDD,0xD6,0xD9,0xB5,0x46,0x21,0xC7,0x39,0x00,0x00,0x00,0x00,0x00,0x00,0x00,0x00,0x00,0x00,0x00,0x00,0x00,0x00,0x00,0x00,
    0x00,0x00,0x00,0x00,0x00,0x00,0x00,0x00,0x00,0x00,0x00,0x00,0x00,0x00,0x04,0x19,0x09,0x3A,0x9B,0xCE,0xBC,0xCE,0xFC,0xD6,0x3D,0xDF,0x9E,0xEF,0x9E,0xF7,0x9E,0xEF,
    0x1D,0xDF,0xFD,0xDE,0x7F,0xEF,0xF9,0xBD,0xDC,0xD6,0x7E,0xEF,0x3D,0xE7,0x1D,0xDF,0xFD,0xDE,0xFD,0xD6,0x1D,0xDF,0xFD,0xDE,0xFD,0xDE,0xFD,0xDE,0xFD,0xDE,0xFD,0xDE,
    0x1D,0xDF,0xFD,0xDE,0xFD,0xDE,0xFD,0xDE,0xFD,0xDE,0xFD,0xDE,0xFD,0xDE,0xFD,0xDE,0xFD,0xDE,0xFD,0xDE,0xFD,0xDE,0xFD,0xDE,0xFD,0xDE,0xFD,0xDE,0xFD,0xDE,0xFD,0xDE,
    0xFD,0xDE,0xFD,0xDE,0xFD,0xDE,0xFD,0xDE,0xFD,0xDE,0xFD,0xDE,0xFD,0xDE,0xFD,0xDE,0xFD,0xDE,0xFD,0xDE,0xFD,0xDE,0xFD,0xDE,0xFD,0xDE,0x1D,0xDF,0x1D,0xDF,0x3E,0xE7,
    0x5E,0xE7,0x7F,0xEF,0x39,0xC6,0xBB,0xD6,0x5E,0xE7,0xFC,0xDE,0x5D,0xE7,0x9E,0xEF,0x9E,0xEF,0x5E,0xE7,0x1D,0xDF,0xDC,0xD6,0xBD,0xD6,0xD9,0xB5,0x46,0x21,0xA6,0x31,
    0x00,0x00,0x00,0x00,0x00,0x00,0x00,0x00,0x00,0x00,0x00,0x00,0x00,0x00,0x00,0x00,0x00,0x00,0x00,0x00,0x00,0x00,0x00,0x00,0x00,0x00,0x00,0x00,0x00,0x00,0x04,0x19,
    0x08,0x3A,0x9B,0xC6,0xDC,0xD6,0xFC,0xD6,0x3D,0xDF,0x9E,0xEF,0x9E,0xF7,0x9E,0xF7,0x5E,0xE7,0xFD,0xDE,0x5F,0xE7,0x3A,0xC6,0x3A,0xC6,0x9E,0xEF,0x3D,0xE7,0x3E,0xE7,
    0xFD,0xDE,0xFD,0xD6,0xFD,0xDE,0xFD,0xDE,0xFD,0xDE,0xFD,0xDE,0xFD,0xDE,0xFD,0xDE,0x1D,0xDF,0xFD,0xDE,0xFD,0xDE,0xFD,0xDE,0xFD,0xDE,0xFD,0xDE,0xFD,0xDE,0xFD,0xDE,
    0xFD,0xDE,0xFD,0xDE,0xFD,0xDE,0xFD,0xDE,0xFD,0xDE,0xFD,0xDE,0xFD,0xDE,0xFD,0xDE,0xFD,0xDE,0xFD,0xDE,0xFD,0xDE,0xFD,0xDE,0xFD,0xDE,0xFD,0xDE,0xFD,0xDE,0xFD,0xDE,
    0xFD,0xDE,0xFD,0xDE,0xFD,0xDE,0xFD,0xDE,0xFD,0xDE,0xFD,0xDE,0x1D,0xDF,0x5E,0xE7,0x5E,0xE7,0x7E,0xEF,0x19,0xBE,0xDC,0xD6,0x1D,0xDF,0xFC,0xDE,0x7E,0xEF,0x9E,0xEF,
    0x9E,0xEF,0x5E,0xE7,0x1D,0xDF,0xDC,0xD6,0xBD,0xD6,0xD9,0xB5,0x46,0x21,0xA6,0x31,0x00,0x00,0x00,0x00,0x00,0x00,0x00,0x00,0x00,0x00,0x00,0x00,0x00,0x00,0x00,0x00,
    0x00,0x00,0x00,0x00,0x00,0x00,0x00,0x00,0x00,0x00,0x00,0x00,0x00,0x00,0x24,0x19,0x29,0x3A,0x9B,0xC6,0xFD,0xD6,0x1D,0xDF,0x3D,0xDF,0x9E,0xEF,0x9E,0xF7,0x9E,0xF7,
    0x5E,0xEF,0xFD,0xDE,0x1E,0xDF,0x1E,0xDF,0xD8,0xB5,0x7E,0xE7,0x5E,0xE7,0x1E,0xE7,0xFD,0xDE,0xFD,0xD6,0xFD,0xDE,0xFD,0xDE,0xFD,0xDE,0xFD,0xDE,0xFD,0xDE,0xFD,0xDE,
    0x1D,0xDF,0xFD,0xDE,0xFD,0xDE,0xFD,0xDE,0xFD,0xDE,0xFD,0xDE,0xFD,0xDE,0xFD,0xDE,0xFD,0xDE,0xFD,0xDE,0xFD,0xDE,0xFD,0xDE,0xFD,0xDE,0xFD,0xDE,0xFD,0xDE,0xFD,0xDE,
    0xFD,0xDE,0xFD,0xDE,0xFD,0xDE,0xFD,0xDE,0xFD,0xDE,0xFD,0xDE,0xFD,0xDE,0xFD,0xDE,0xFD,0xDE,0xFD,0xDE,0xFD,0xDE,0xFD,0xDE,0xFD,0xDE,0xFD,0xDE,0x1D,0xDF,0x5E,0xE7,
    0x7F,0xEF,0xFC,0xDE,0x5A,0xC6,0x5E,0xE7,0xDC,0xD6,0x1D,0xDF,0x9E,0xEF,0x9E,0xF7,0x9E,0xEF,0x5E,0xE7,0x1D,0xDF,0xDC,0xD6,0xDD,0xD6,0xD9,0xB5,0x66,0x21,0xA7,0x31,
    0x00,0x00,0x00,0x00,0x00,0x00,0x00,0x00,0x00,0x00,0x00,0x00,0x00,0x00,0x00,0x00,0x00,0x00,0x00,0x00,0x00,0x00,0x00,0x00,0x00,0x00,0x00,0x00,0x00,0x00,0x66,0x21,
    0x4A,0x42,0x7B,0xC6,0xFD,0xD6,0x1D,0xD7,0x5E,0xDF,0x9E,0xEF,0x9E,0xEF,0x9E,0xEF,0x7E,0xEF,0xFD,0xDE,0xFD,0xDE,0x1E,0xE7,0xD9,0xB5,0xFD,0xDE,0x7E,0xEF,0x3E,0xE7,
    0x1D,0xDF,0xFD,0xD6,0xFD,0xDE,0xFD,0xDE,0xFD,0xDE,0xFD,0xDE,0xFD,0xDE,0xFD,0xDE,0x1D,0xDF,0xFD,0xDE,0xFD,0xDE,0xFD,0xDE,0xFD,0xDE,0xFD,0xDE,0xFD,0xDE,0xFD,0xDE,
    0xFD,0xDE,0xFD,0xDE,0xFD,0xDE,0xFD,0xDE,0xFD,0xDE,0xFD,0xDE,0xFD,0xDE,0xFD,0xDE,0xFD,0xDE,0xFD,0xDE,0xFD,0xDE,0xFD,0xDE,0xFD,0xDE,0xFD,0xDE,0xFD,0xDE,0xFD,0xDE,
    0xFD,0xDE,0xFD,0xDE,0xFD,0xDE,0xFD,0xDE,0xFD,0xD6,0xFD,0xDE,0x3E,0xE7,0x5E,0xE7,0x9F,0xEF,0x7B,0xCE,0x5A,0xC6,0x3D,0xE7,0xFD,0xDE,0x1D,0xDF,0x7E,0xEF,0x9E,0xEF,
    0x9E,0xEF,0x7E,0xE7,0x1D,0xDF,0xDC,0xD6,0xDD,0xD6,0xD9,0xB5,0xA7,0x29,0xE8,0x31,0x00,0x00,0x00,0x00,0x00,0x00,0x00,0x00,0x00,0x00,0x00,0x00,0x00,0x00,0x00,0x00,
    0x00,0x00,0x00,0x00,0x00,0x00,0x00,0x00,0x00,0x00,0x0A,0x00,0x00,0x00,0xC7,0x31,0xAC,0x4A,0x9C,0xC6,0xFD,0xD6,0x3D,0xDF,0x5E,0xDF,0x9E,0xEF,0x9E,0xEF,0x9E,0xEF,
    0x7E,0xEF,0x1D,0xDF,0xFD,0xDE,0x5F,0xE7,0x5B,0xC6,0x7B,0xCE,0x9F,0xEF,0x3E,0xE7,0x1E,0xDF,0xFD,0xDE,0xFD,0xDE,0xFD,0xDE,0xFD,0xDE,0xFD,0xDE,0xFD,0xDE,0xFD,0xDE,
    0xFD,0xDE,0xFD,0xDE,0xFD,0xDE,0xFD,0xDE,0xFD,0xDE,0xFD,0xDE,0xFD,0xDE,0xFD,0xDE,0xFD,0xDE,0xFD,0xDE,0xFD,0xDE,0xFD,0xDE,0xFD,0xDE,0xFD,0xDE,0xFD,0xDE,0xFD,0xDE,
    0xFD,0xDE,0xFD,0xDE,0xFD,0xDE,0xFD,0xDE,0xFD,0xDE,0xFD,0xDE,0xFD,0xDE,0xFD,0xDE,0xFD,0xDE,0xFD,0xDE,0xFD,0xDE,0xFD,0xDE,0xFD,0xDE,0x1D,0xDF,0x3E,0xE7,0x5E,0xE7,
    0x9F,0xEF,0x19,0xBE,0xDC,0xD6,0x1D,0xE7,0xFD,0xDE,0x3D,0xE7,0x7E,0xEF,0x7E,0xEF,0x9E,0xEF,0x7E,0xE7,0x3E,0xDF,0x1D,0xD7,0xFD,0xD6,0x19,0xB6,0xE9,0x31,0x08,0x3A,
    0x00,0x00,0x00,0x00,0x00,0x00,0x00,0x00,0x00,0x00,0x00,0x00,0x00,0x00,0x00,0x00,0x00,0x00,0x00,0x00,0x00,0x00,0x00,0x00,0x00,0x00,0xAA,0x02,0x00,0x00,0x09,0x3A,
    0x0D,0x5B,0xBC,0xCE,0xDC,0xCE,0x39,0xBE,0x7E,0xE7,0x9E,0xEF,0x9E,0xEF,0x9E,0xEF,0x9E,0xEF,0x3D,0xE7,0xFC,0xDE,0x1D,0xDF,0xDD,0xDE,0xF9,0xBD,0x7E,0xEF,0x5E,0xE7,
    0x3E,0xE7,0xFD,0xDE,0xFD,0xDE,0xFD,0xDE,0xFD,0xDE,0xFD,0xDE,0xFD,0xDE,0xFD,0xDE,0xFD,0xDE,0xFD,0xDE,0xFD,0xDE,0xFD,0xDE,0xFD,0xDE,0xFD,0xDE,0xFD,0xDE,0xFD,0xDE,
    0xFD,0xDE,0xFD,0xDE,0xFD,0xDE,0xFD,0xDE,0xFD,0xDE,0xFD,0xDE,0xFD,0xDE,0xFD,0xDE,0xFD,0xDE,0xFD,0xDE,0xFD,0xDE,0xFD,0xDE,0xFD,0xDE,0xFD,0xDE,0xFD,0xDE,0xFD,0xDE,
    0xFD,0xDE,0xFD,0xDE,0xFD,0xDE,0xFD,0xDE,0xFD,0xDE,0x1D,0xDF,0x3E,0xE7,0x7F,0xEF,0x3E,0xE7,0x19,0xBE,0x1D,0xDF,0xFD,0xDE,0x1D,0xDF,0x5E,0xE7,0x9E,0xEF,0x9E,0xEF,
    0x9E,0xEF,0xBF,0xEF,0xFC,0xD6,0x3A,0xBE,0x3E,0xDF,0x3A,0xBE,0x4A,0x42,0x4A,0x4A,0x00,0x00,0x0F,0x00,0x00,0x00,0x00,0x00,0x00,0x00,0x00,0x00,0x00,0x00,0x00,0x00,
    0x00,0x00,0x00,0x00,0x00,0x00,0x00,0x00,0x00,0x00,0xAA,0x52,0x00,0x00,0x8A,0x4A,0x4F,0x63,0x9C,0xC6,0xDC,0xCE,0xB3,0x8C,0xFC,0xCE,0x9F,0xEF,0x7E,0xEF,0x9E,0xEF,
    0x9E,0xEF,0x5E,0xE7,0xFC,0xDE,0xFD,0xD6,0x5E,0xE7,0x19,0xBE,0xFC,0xDE,0x7E,0xEF,0x3D,0xE7,0xFD,0xDE,0xFD,0xDE,0xFD,0xDE,0xFD,0xDE,0xFD,0xDE,0xFD,0xDE,0xFD,0xDE,
    0xFD,0xDE,0xFD,0xDE,0xFD,0xDE,0xFD,0xDE,0xFD,0xDE,0xFD,0xDE,0xFD,0xDE,0xFD,0xDE,0xFD,0xDE,0xFD,0xDE,0xFD,0xDE,0xFD,0xDE,0xFD,0xDE,0xFD,0xDE,0xFD,0xDE,0xFD,0xDE,
    0xFD,0xDE,0xFD,0xDE,0xFD,0xDE,0xFD,0xDE,0xFD,0xDE,0xFD,0xDE,0xFD,0xDE,0xFD,0xDE,0xFD,0xDE,0xFD,0xDE,0xFD,0xDE,0xFD,0xDE,0xFD,0xDE,0x3E,0xE7,0x3E,0xE7,0x9F,0xEF,
    0xBB,0xD6,0x7B,0xCE,0x3E,0xE7,0xFC,0xDE,0x1D,0xDF,0x7E,0xEF,0x9E,0xEF,0x9E,0xEF,0x9E,0xEF,0xDF,0xEF,0xF8,0xAD,0x77,0x9D,0x5E,0xDF,0xF9,0xAD,0xAC,0x4A,0xCC,0x52,
    0x00,0x00,0xEF,0x7B,0x00,0x00,0x00,0x00,0x00,0x00,0x00,0x00,0x00,0x00,0x00,0x00,0x00,0x00,0x00,0x00,0x00,0x00,0x00,0x00,0x00,0x00,0xAA,0x52,0x00,0x00,0xCC,0x4A,
    0xD0,0x6B,0x1A,0xB6,0xBC,0xC6,0x15,0x8D,0x56,0x9D,0x3D,0xDF,0xBF,0xEF,0x7E,0xEF,0x9E,0xEF,0x7E,0xEF,0x1D,0xDF,0xFD,0xD6,0x1D,0xDF,0x7B,0xC6,0x19,0xBE,0x7E,0xEF,
    0x5D,0xE7,0x3D,0xDF,0x1D,0xDF,0xFD,0xDE,0xFD,0xDE,0xFD,0xDE,0xFD,0xDE,0xFD,0xDE,0xFD,0xDE,0xFD,0xDE,0xFD,0xDE,0xFD,0xDE,0xFD,0xDE,0xFD,0xDE,0xFD,0xDE,0xFD,0xDE,
    0xFD,0xD6,0xFD,0xD6,0x1D,0xDF,0x1D,0xDF,0xFD,0xDE,0xFD,0xDE,0xFD,0xDE,0xFD,0xDE,0xFD,0xDE,0xFD,0xDE,0xFD,0xDE,0xFD,0xDE,0xFD,0xDE,0xFD,0xDE,0xFD,0xDE,0xFD,0xDE,
    0xFD,0xDE,0xFD,0xDE,0xFD,0xDE,0xFD,0xDE,0xFD,0xDE,0x3D,0xE7,0x5E,0xE7,0x7E,0xEF,0xD8,0xB5,0xBC,0xD6,0x1D,0xDF,0xFD,0xDE,0x3D,0xE7,0x9E,0xEF,0x9E,0xEF,0x7E,0xEF,
    0xDF,0xEF,0xBB,0xC6,0xF4,0x84,0x1A,0xAE,0xDD,0xCE,0x98,0xA5,0x0D,0x53,0xEC,0x5A,0x00,0x00,0xEF,0x7B,0x00,0x00,0x00,0x00,0x00,0x00,0x00,0x00,0x00,0x00,0x00,0x00,
    0x00,0x00,0x00,0x00,0x00,0x00,0x00,0x00,0x00,0x00,0xAA,0x52,0x00,0x00,0xEC,0x4A,0xF1,0x6B,0x5B,0xBE,0xF9,0xAD,0x39,0xB6,0x9B,0xC6,0x76,0x9D,0x7E,0xE7,0xDF,0xF7,
    0x9E,0xEF,0x9E,0xEF,0x5E,0xE7,0xFD,0xDE,0xFD,0xD6,0xDC,0xD6,0xF8,0xB5,0x5E,0xE7,0x5D,0xE7,0x3D,0xDF,0x1D,0xDF,0xFD,0xDE,0xFD,0xDE,0xFD,0xDE,0xFD,0xDE,0xFD,0xDE,
    0xFD,0xDE,0xFD,0xDE,0xFD,0xDE,0xFD,0xDE,0xFD,0xDE,0xFD,0xDE,0xFD,0xDE,0xFD,0xD6,0xFD,0xD6,0xFC,0xD6,0xFC,0xD6,0xFD,0xDE,0xFD,0xD6,0xFD,0xDE,0xFD,0xDE,0xFD,0xDE,
    0xFD,0xDE,0xFD,0xDE,0xFD,0xDE,0xFD,0xDE,0xFD,0xDE,0xFD,0xDE,0xFD,0xDE,0xFD,0xDE,0xFD,0xDE,0xFD,0xDE,0xFD,0xDE,0xFD,0xDE,0x1D,0xDF,0x3D,0xE7,0x9F,0xEF,0x9B,0xCE,
    0xD8,0xB5,0x1D,0xDF,0xFD,0xD6,0x1D,0xDF,0x5E,0xE7,0x9E,0xEF,0x9E,0xEF,0xDF,0xF7,0xBB,0xC6,0xF8,0xAD,0x1D,0xCF,0xD9,0xA5,0x5B,0xB6,0xD9,0xAD,0x2D,0x53,0x0D,0x5B,
    0x00,0x00,0xEF,0x7B,0x00,0x00,0x00,0x00,0x00,0x00,0x00,0x00,0x00,0x00,0x00,0x00,0x00,0x00,0x00,0x00,0x00,0x00,0x00,0x00,0x00,0x00,0xAA,0x52,0x00,0x00,0xCC,0x4A,
    0xB0,0x63,0x5B,0xB6,0x7B,0xB6,0xF8,0xAD,0xBF,0xE7,0x56,0x95,0xD4,0x84,0x3D,0xD7,0xBF,0xEF,0x7E,0xEF,0x5E,0xE7,0x1D,0xDF,0xFD,0xDE,0x1D,0xDF,0x7A,0xC6,0x9A,0xCE,
    0x9F,0xEF,0x3D,0xDF,0x1D,0xDF,0xFD,0xDE,0xFD,0xDE,0xFD,0xDE,0xFD,0xDE,0xFD,0xDE,0xFD,0xDE,0xFD,0xDE,0xFD,0xDE,0xFD,0xDE,0xFD,0xDE,0x1D,0xDF,0xFD,0xDE,0xFD,0xD6,
    0xFD,0xD6,0x1D,0xDF,0x5E,0xE7,0x3D,0xDF,0x3E,0xE7,0xFD,0xDE,0xFD,0xD6,0xFD,0xD6,0xFD,0xDE,0xFD,0xDE,0xFD,0xDE,0xFD,0xDE,0xFD,0xDE,0xFD,0xDE,0xFD,0xDE,0xFD,0xDE,
    0xFD,0xDE,0xFD,0xDE,0xFD,0xDE,0xFD,0xDE,0x1D,0xDF,0x5E,0xE7,0x5E,0xE7,0xD8,0xB5,0xBC,0xD6,0x1D,0xDF,0x1D,0xDF,0x3D,0xDF,0x7E,0xE7,0x9E,0xEF,0xDF,0xF7,0xDC,0xCE,
    0xF5,0x8C,0xBB,0xBE,0x5D,0xD7,0xD9,0xAD,0xDD,0xC6,0xD9,0xA5,0xED,0x4A,0x0D,0x53,0x00,0x00,0xEF,0x03,0x00,0x00,0x00,0x00,0x00,0x00,0x00,0x00,0x00,0x00,0x00,0x00,
    0x00,0x00,0x00,0x00,0x00,0x00,0x00,0x00,0x00,0x00,0xAA,0x52,0x00,0x00,0xAB,0x4A,0x6F,0x5B,0x1A,0xAE,0xBC,0xBE,0x97,0x9D,0x9E,0xE7,0xBB,0xC6,0x93,0x7C,0xD4,0x84,
    0xFC,0xD6,0xBF,0xF7,0x7E,0xE7,0x3D,0xDF,0x1D,0xDF,0x1D,0xDF,0xDC,0xD6,0x5A,0xC6,0x9E,0xEF,0x5D,0xE7,0x1D,0xDF,0xFD,0xDE,0xFD,0xD6,0xFD,0xD6,0xFD,0xDE,0xFD,0xDE,
    0xFD,0xDE,0xFD,0xDE,0xFD,0xDE,0xFD,0xDE,0xFD,0xDE,0xFD,0xDE,0xFD,0xDE,0xDC,0xD6,0x1D,0xDF,0x5A,0xC6,0x56,0xA5,0xF9,0xBD,0x97,0xAD,0xDC,0xD6,0xFD,0xD6,0xFD,0xD6,
    0xFD,0xDE,0xFD,0xDE,0xFD,0xDE,0xFD,0xDE,0xFD,0xDE,0xFD,0xDE,0xFD,0xDE,0xFD,0xDE,0xFD,0xDE,0xFD,0xDE,0xFD,0xDE,0xFD,0xDE,0x1D,0xDF,0x7E,0xE7,0xFC,0xD6,0x3A,0xC6,
    0x1D,0xDF,0xFD,0xDE,0x1D,0xDF,0x7E,0xE7,0x9E,0xE7,0xFF,0xEF,0xBB,0xC6,0xD4,0x8C,0x77,0x9D,0x7E,0xD7,0xFC,0xCE,0xD8,0xA5,0xDD,0xC6,0x98,0x9D,0xCC,0x4A,0xAC,0x4A,
    0x00,0x00,0xEF,0x03,0x00,0x00,0x00,0x00,0x00,0x00,0x00,0x00,0x00,0x00,0x00,0x00,0x00,0x00,0x00,0x00,0x00,0x00,0x00,0x00,0x00,0x00,0xAA,0x52,0x00,0x00,0x6A,0x42,
    0x2E,0x53,0xF9,0xAD,0xBC,0xC6,0x97,0xA5,0x39,0xB6,0xBF,0xE7,0x39,0xAE,0xB3,0x84,0x72,0x7C,0xFC,0xCE,0xDF,0xEF,0x7E,0xE7,0x1D,0xDF,0x1D,0xDF,0x3D,0xDF,0x7B,0xC6,
    0xBB,0xD6,0x9F,0xEF,0x1D,0xDF,0x1D,0xDF,0xFD,0xD6,0xFD,0xD6,0xFD,0xDE,0xFD,0xDE,0xFD,0xDE,0xFD,0xDE,0xFD,0xDE,0xFD,0xDE,0xFD,0xDE,0x1D,0xDF,0xFD,0xDE,0xFD,0xDE,
    0xFD,0xDE,0x52,0x84,0x6B,0x4A,0x6A,0x42,0x6B,0x42,0x36,0xA5,0x3E,0xDF,0xFD,0xD6,0xFD,0xDE,0xFD,0xDE,0xFD,0xDE,0xFD,0xDE,0xFD,0xDE,0xFD,0xDE,0xFD,0xDE,0xFD,0xDE,
    0xFD,0xDE,0xFD,0xDE,0xFD,0xDE,0x1D,0xDF,0x5E,0xE7,0x7E,0xE7,0x5A,0xC6,0x3D,0xDF,0x3E,0xDF,0x1D,0xDF,0x3D,0xDF,0xBF,0xE7,0xBF,0xE7,0x5A,0xB6,0x73,0x7C,0x15,0x8D,
    0xFC,0xCE,0xBE,0xE7,0xB7,0xA5,0x5A,0xBE,0xBC,0xC6,0x97,0x9D,0x8B,0x42,0x6A,0x42,0x00,0x00,0x0F,0x00,0x00,0x00,0x00,0x00,0x00,0x00,0x00,0x00,0x00,0x00,0x00,0x00,
    0x00,0x00,0x00,0x00,0x00,0x00,0x00,0x00,0x00,0x00,0xAA,0x02,0x00,0x00,0x6A,0x3A,0x0D,0x53,0xD9,0xAD,0x9B,0xC6,0x5E,0xDF,0xD7,0xA5,0x7A,0xBE,0xBF,0xE7,0x19,0xAE,
    0xB4,0x84,0x52,0x74,0xB7,0xA5,0x9E,0xE7,0x9F,0xEF,0x3D,0xE7,0x1D,0xDF,0x3D,0xDF,0x7A,0xC6,0x5E,0xE7,0x7E,0xE7,0x1D,0xDF,0xFD,0xDE,0xFD,0xDE,0xFD,0xDE,0xFD,0xDE,
    0xFD,0xDE,0xFD,0xDE,0xFD,0xD6,0xFD,0xD6,0xFD,0xD6,0xFD,0xDE,0xFD,0xDE,0xFD,0xDE,0xDC,0xD6,0x5E,0xE7,0xD4,0x94,0xA8,0x31,0xFD,0xD6,0xFD,0xD6,0xFD,0xDE,0xFD,0xDE,
    0xFD,0xDE,0xFD,0xDE,0xFD,0xDE,0xFD,0xDE,0xFD,0xDE,0xFD,0xDE,0xFD,0xDE,0xFD,0xDE,0xFD,0xDE,0xFD,0xDE,0xFD,0xDE,0x1D,0xDF,0x7E,0xE7,0xDB,0xD6,0x9A,0xCE,0x5E,0xE7,
    0x3D,0xDF,0x5E,0xE7,0xBF,0xEF,0x5E,0xDF,0xB7,0xA5,0x72,0x74,0x16,0x85,0x9B,0xBE,0xBF,0xE7,0xF7,0xAD,0x7A,0xC6,0x3E,0xD7,0x5B,0xBE,0x77,0x9D,0x6A,0x3A,0x69,0x42,
    0x00,0x00,0x00,0x00,0x00,0x00,0x00,0x00,0x00,0x00,0x00,0x00,0x00,0x00,0x00,0x00,0x00,0x00,0x00,0x00,0x00,0x00,0x00,0x00,0x00,0x00,0xAA,0x02,0x00,0x00,0x09,0x3A,
    0xEC,0x52,0xB8,0xA5,0x3A,0xB6,0x3D,0xD7,0x5E,0xDF,0x76,0x9D,0xF8,0xAD,0xBF,0xE7,0x1C,0xCF,0x36,0x95,0x52,0x74,0x56,0x95,0x5A,0xBE,0x3E,0xDF,0x7F,0xE7,0x7F,0xE7,
    0x9B,0xCE,0x7A,0xCE,0x9F,0xEF,0x1D,0xDF,0x1D,0xDF,0x1D,0xDF,0xFD,0xDE,0xFD,0xDE,0xFD,0xDE,0xFD,0xDE,0xFD,0xDE,0xFD,0xDE,0xFD,0xDE,0xFD,0xDE,0xFD,0xDE,0xFD,0xDE,
    0xFD,0xDE,0x3D,0xDF,0xF8,0xBD,0x11,0x7C,0x3E,0xE7,0x1D,0xDF,0xFD,0xDE,0xFD,0xDE,0xFD,0xDE,0xFD,0xDE,0xFD,0xDE,0xFD,0xDE,0x1D,0xDF,0x1D,0xDF,0x1D,0xDF,0x1D,0xD7,
    0x1D,0xDF,0x1D,0xDF,0x1D,0xDF,0x5E,0xE7,0x3E,0xDF,0x5A,0xC6,0x5D,0xDF,0x7E,0xE7,0x9F,0xE7,0x3D,0xD7,0x39,0xB6,0xF4,0x8C,0xD4,0x84,0xD8,0xA5,0x3D,0xCF,0x9E,0xDF,
    0xD7,0xA5,0x59,0xB6,0x9F,0xE7,0xBC,0xC6,0x3A,0xB6,0x97,0xA5,0x09,0x3A,0x49,0x4A,0x00,0x00,0x00,0x00,0x00,0x00,0x00,0x00,0x00,0x00,0x00,0x00,0x00,0x00,0x00,0x00,
    0x00,0x00,0x00,0x00,0x00,0x00,0x00,0x00,0x00,0x00,0x00,0x00,0xFF,0x07,0x86,0x31,0xAB,0x4A,0x8F,0x63,0xF9,0xAD,0x7B,0xBE,0x3D,0xD7,0x1D,0xCF,0x56,0x95,0x76,0x9D,
    0x1D,0xCF,0x7E,0xDF,0x7A,0xBE,0x56,0x95,0x72,0x7C,0xF4,0x8C,0x9B,0xC6,0x1D,0xD7,0x7E,0xE7,0x9B,0xCE,0x1D,0xDF,0x9F,0xEF,0x3E,0xDF,0x1D,0xDF,0x1D,0xDF,0xFD,0xDE,
    0xFD,0xDE,0xFD,0xDE,0xFD,0xDE,0xFD,0xDE,0xFD,0xDE,0xFD,0xDE,0xFD,0xDE,0xFD,0xDE,0xFD,0xDE,0x1D,0xDF,0x7B,0xCE,0xF5,0x9C,0x3E,0xDF,0xFD,0xDE,0x1D,0xDF,0xFD,0xDE,
    0xFD,0xDE,0xFD,0xDE,0xFD,0xDE,0xFD,0xDE,0xFD,0xDE,0x1D,0xDF,0x1D,0xDF,0x1D,0xDF,0x1D,0xDF,0x3D,0xDF,0x5E,0xDF,0x7E,0xE7,0xBB,0xCE,0x1D,0xD7,0x9E,0xE7,0xFC,0xCE,
    0xDB,0xCE,0x14,0x8D,0x93,0x7C,0xB7,0xA5,0xDC,0xC6,0x9F,0xDF,0x1D,0xCF,0x76,0x95,0x39,0xAE,0x7E,0xDF,0xFC,0xCE,0x5A,0xBE,0x98,0xA5,0x0D,0x53,0xC7,0x29,0xFF,0xFF,
    0x00,0x00,0x00,0x00,0x00,0x00,0x00,0x00,0x00,0x00,0x00,0x00,0x00,0x00,0x00,0x00,0x00,0x00,0x00,0x00,0x00,0x00,0x00,0x00,0x00,0x00,0x00,0x00,0xEF,0x7B,0x00,0x00,
    0x8A,0x4A,0x09,0x32,0xD9,0xAD,0xF9,0xAD,0x5A,0xB6,0x3E,0xD7,0x3E,0xD7,0x3A,0xB6,0x76,0x9D,0x39,0xB6,0x7E,0xDF,0xBF,0xE7,0x3D,0xD7,0xB7,0xA5,0xF4,0x8C,0xB3,0x84,
    0x7A,0xBE,0x3E,0xD7,0xBB,0xC6,0x1D,0xD7,0xBF,0xE7,0x7E,0xE7,0x3E,0xDF,0x3D,0xDF,0x3D,0xDF,0x1D,0xDF,0x1D,0xDF,0x1D,0xDF,0x3D,0xDF,0x3D,0xDF,0x1D,0xDF,0x1D,0xDF,
    0x3D,0xDF,0x3E,0xDF,0x1D,0xDF,0xDC,0xD6,0x1D,0xDF,0x1D,0xDF,0x1D,0xDF,0x1D,0xDF,0x1D,0xDF,0x1D,0xDF,0x1D,0xDF,0x1D,0xDF,0x1D,0xDF,0x1D,0xDF,0x3D,0xDF,0x3D,0xDF,
    0x3D,0xDF,0x9E,0xE7,0xBF,0xE7,0xFC,0xCE,0xFC,0xCE,0x5E,0xD7,0x97,0x9D,0xB4,0x84,0x15,0x8D,0x18,0xAE,0x5E,0xD7,0xDF,0xE7,0xDC,0xCE,0xD8,0xA5,0x97,0xA5,0x9B,0xBE,
    0x7F,0xDF,0xDC,0xCE,0x3A,0xB6,0x3A,0xB6,0xD5,0x8C,0xC4,0x10,0x00,0x00,0x00,0x00,0x00,0x00,0x00,0x00,0x00,0x00,0x00,0x00,0x00,0x00,0x00,0x00,0x00,0x00,0x00,0x00,
    0x00,0x00,0x00,0x00,0x00,0x00,0x00,0x00,0x00,0x00,0x00,0x00,0xEF,0x03,0x00,0x00,0x29,0x3A,0xC8,0x31,0x77,0x9D,0xD9,0xAD,0xD9,0xAD,0x5A,0xB6,0x1D,0xD7,0x7F,0xDF,
    0x7E,0xDF,0x39,0xB6,0xB7,0xAD,0x39,0xB6,0x5D,0xD7,0xBF,0xE7,0xBF,0xDF,0x9A,0xB6,0xD8,0x9D,0x97,0x9D,0x15,0x8D,0xF4,0x8C,0x7A,0xBE,0x9F,0xE7,0xDF,0xEF,0x9F,0xE7,
    0x7E,0xE7,0x7E,0xE7,0x7E,0xE7,0x7E,0xDF,0x7E,0xDF,0x7E,0xDF,0x7E,0xDF,0x7E,0xDF,0x7E,0xDF,0x7E,0xDF,0x7E,0xDF,0x7E,0xE7,0x7E,0xDF,0x7E,0xDF,0x7E,0xDF,0x7E,0xDF,
    0x7E,0xDF,0x7E,0xDF,0x7E,0xE7,0x7E,0xE7,0x7E,0xE7,0x7E,0xE7,0x9F,0xE7,0xBF,0xEF,0xDF,0xEF,0x5D,0xDF,0xDB,0xCE,0x15,0x8D,0x15,0x8D,0xB7,0x9D,0xB7,0x9D,0xBC,0xBE,
    0x9F,0xDF,0xBF,0xE7,0xFC,0xCE,0xD8,0xAD,0xB7,0xA5,0xDC,0xCE,0x7E,0xE7,0x9F,0xE7,0xDC,0xCE,0x3A,0xB6,0xD9,0xAD,0xF9,0xAD,0x93,0x84,0xC4,0x10,0x00,0x00,0x00,0x00,
    0x00,0x00,0x00,0x00,0x00,0x00,0x00,0x00,0x00,0x00,0x00,0x00,0x00,0x00,0x00,0x00,0x00,0x00,0x00,0x00,0x00,0x00,0x00,0x00,0x00,0x00,0x00,0x00,0x00,0x00,0x00,0x00,
    0x28,0x42,0xE4,0x10,0xF5,0x94,0xB9,0xAD,0xB8,0xA5,0xD8,0xAD,0x3A,0xB6,0xDC,0xCE,0x5E,0xDF,0x9F,0xE7,0x7E,0xE7,0x9A,0xC6,0x97,0xA5,0x96,0x9D,0x39,0xAE,0x1C,0xC7,
    0x7E,0xD7,0x3D,0xD7,0x3D,0xD7,0xBB,0xC6,0x76,0x9D,0x18,0xB6,0x18,0xB6,0xDB,0xCE,0x9E,0xE7,0x5E,0xDF,0x5E,0xDF,0x5D,0xDF,0x5D,0xDF,0x5E,0xDF,0x5E,0xD7,0x5E,0xD7,
    0x7E,0xD7,0x7E,0xD7,0x5E,0xD7,0x5E,0xD7,0x5E,0xD7,0x5E,0xDF,0x5E,0xD7,0x5E,0xD7,0x5E,0xD7,0x5E,0xDF,0x5E,0xDF,0x5D,0xDF,0x5E,0xDF,0x7E,0xDF,0x7E,0xDF,0x59,0xB6,
    0x18,0xB6,0xB7,0xA5,0xB7,0xA5,0xDB,0xC6,0x5D,0xD7,0x5E,0xD7,0x5E,0xD7,0xFD,0xC6,0x39,0xAE,0x97,0x9D,0x97,0xA5,0xBB,0xC6,0x7E,0xE7,0x7E,0xE7,0x5E,0xDF,0xDC,0xCE,
    0x19,0xB6,0xD9,0xAD,0xB8,0xAD,0xB9,0xAD,0xD1,0x73,0x42,0x00,0xE0,0x39,0x00,0x00,0x00,0x00,0x00,0x00,0x00,0x00,0x00,0x00,0x00,0x00,0x00,0x00,0x00,0x00,0x00,0x00,
    0x00,0x00,0x00,0x00,0x00,0x00,0x00,0x00,0x00,0x00,0x00,0x00,0x00,0x00,0x00,0x00,0x8A,0x52,0xC3,0x10,0x94,0x8C,0xB8,0xA5,0x98,0xA5,0xB8,0xAD,0xD8,0xAD,0x19,0xAE,
    0x9B,0xC6,0x5E,0xD7,0x5E,0xDF,0x9F,0xE7,0x5E,0xDF,0x3D,0xD7,0x7A,0xBE,0xD7,0xA5,0x18,0xAE,0xF8,0xAD,0xDC,0xCE,0x5D,0xD7,0x7E,0xDF,0xBF,0xE7,0xFC,0xCE,0x39,0xBE,
    0x7A,0xBE,0x7A,0xBE,0x7A,0xBE,0x7A,0xBE,0x7A,0xBE,0x79,0xBE,0x79,0xBE,0x7A,0xBE,0x7A,0xBE,0x7A,0xBE,0x7A,0xBE,0x7A,0xBE,0x7A,0xBE,0x7A,0xBE,0x7A,0xBE,0x7A,0xBE,
    0x7A,0xBE,0x7A,0xBE,0x7A,0xBE,0x7A,0xBE,0x7A,0xBE,0x7A,0xBE,0x9A,0xBE,0x59,0xB6,0x3D,0xD7,0xDF,0xEF,0x9E,0xE7,0x5E,0xDF,0x7A,0xBE,0xB8,0xA5,0xF9,0xAD,0xB8,0xA5,
    0xF9,0xAD,0x1D,0xCF,0x5E,0xDF,0x7E,0xDF,0x5E,0xDF,0x1D,0xD7,0x9B,0xC6,0xF9,0xB5,0xD9,0xAD,0xB8,0xAD,0x98,0xAD,0xB9,0xAD,0x6F,0x63,0x21,0x00,0xFF,0xFF,0x00,0x00,
    0x00,0x00,0x00,0x00,0x00,0x00,0x00,0x00,0x00,0x00,0x00,0x00,0x00,0x00,0x00,0x00,0x00,0x00,0x00,0x00,0x00,0x00,0x00,0x00,0x00,0x00,0x00,0x00,0x00,0x00,0x00,0x00,
    0xAA,0x52,0xC4,0x10,0x53,0x84,0x98,0xA5,0x98,0xAD,0xB8,0xAD,0xB8,0xAD,0xD8,0xAD,0xD9,0xAD,0x5A,0xBE,0xFC,0xCE,0x3E,0xD7,0x7E,0xDF,0x7E,0xDF,0x7E,0xDF,0x9F,0xE7,
    0x7E,0xDF,0xBB,0xC6,0x9A,0xC6,0xD7,0xAD,0xD7,0xAD,0x9A,0xBE,0x3D,0xD7,0x7E,0xDF,0x5D,0xDF,0x5D,0xD7,0x7D,0xD7,0x5D,0xD7,0x5D,0xD7,0x5D,0xD7,0x5D,0xD7,0x5D,0xD7,
    0x5D,0xDF,0x5D,0xDF,0x5D,0xD7,0x5D,0xDF,0x5E,0xDF,0x5E,0xDF,0x5E,0xDF,0x5E,0xDF,0x5E,0xDF,0x5E,0xDF,0x5E,0xDF,0x5D,0xDF,0x5D,0xDF,0x7E,0xDF,0x5D,0xD7,0x7E,0xDF,
    0x3D,0xD7,0x5A,0xBE,0xD8,0xAD,0xB7,0xA5,0x9A,0xBE,0xFC,0xCE,0x7E,0xDF,0x5E,0xDF,0x7E,0xDF,0x5E,0xDF,0x5E,0xDF,0x1D,0xD7,0xBB,0xC6,0x19,0xB6,0xD9,0xAD,0xD9,0xAD,
    0xB8,0xAD,0xB9,0xAD,0xB9,0xB5,0xB9,0xAD,0x6F,0x63,0x22,0x00,0x00,0x00,0x00,0x00,0x00,0x00,0x00,0x00,0x00,0x00,0x00,0x00,0x00,0x00,0x00,0x00,0x00,0x00,0x00,0x00,
    0x00,0x00,0x00,0x00,0x00,0x00,0x00,0x00,0x00,0x00,0x00,0x00,0x00,0x00,0x00,0x00,0x6B,0x4A,0xC4,0x10,0x94,0x8C,0x57,0xA5,0xEE,0x5A,0x36,0x9D,0xD9,0xB5,0x98,0xAD,
    0x98,0xA5,0x98,0xAD,0xF9,0xAD,0x7B,0xBE,0xFC,0xCE,0x3D,0xD7,0x3E,0xDF,0x5E,0xDF,0x5E,0xDF,0x9E,0xE7,0xBF,0xE7,0x7E,0xDF,0x9E,0xDF,0x9A,0xC6,0x19,0xB6,0x5A,0xB6,
    0x59,0xB6,0x39,0xAE,0x59,0xAE,0x5A,0xAE,0x7A,0xB6,0x5A,0xB6,0x7A,0xB6,0x7A,0xB6,0x7A,0xB6,0x7A,0xB6,0x7A,0xB6,0x7A,0xB6,0x7A,0xB6,0x7A,0xB6,0x7A,0xB6,0x7A,0xB6,
    0x7A,0xB6,0x7A,0xB6,0x7A,0xB6,0x5A,0xB6,0x5A,0xB6,0x5A,0xB6,0x5A,0xB6,0x7A,0xB6,0x39,0xB6,0x3D,0xD7,0x7E,0xDF,0x7E,0xDF,0xBF,0xE7,0x7E,0xE7,0x5D,0xDF,0x5D,0xDF,
    0x5D,0xDF,0x1D,0xD7,0xBC,0xC6,0x1A,0xB6,0xD8,0xAD,0xD8,0xAD,0x98,0xAD,0x99,0xAD,0xD9,0xB5,0x73,0x84,0x12,0x7C,0xF9,0xB5,0x90,0x6B,0x42,0x08,0x00,0x00,0x00,0x00,
    0x00,0x00,0x00,0x00,0x00,0x00,0x00,0x00,0x00,0x00,0x00,0x00,0x00,0x00,0x00,0x00,0x00,0x00,0x00,0x00,0x00,0x00,0x00,0x00,0x00,0x00,0x00,0x00,0x00,0x00,0x00,0x00,
    0xEC,0x5A,0xA4,0x10,0x74,0x8C,0xB5,0x8C,0x63,0x08,0xA9,0x31,0x73,0x84,0xD9,0xB5,0x98,0xAD,0x98,0xA5,0x98,0xA5,0xB8,0xA5,0xB8,0xAD,0xF9,0xB5,0x7B,0xC6,0xFD,0xD6,
    0x1D,0xD7,0x1D,0xD7,0xBB,0xC6,0x9B,0xBE,0x9B,0xC6,0xDC,0xC6,0xDC,0xC6,0xBC,0xC6,0xDC,0xBE,0xDC,0xBE,0xDC,0xC6,0xFC,0xC6,0xFD,0xC6,0x1D,0xC7,0x1D,0xC7,0x1D,0xC7,
    0x1D,0xC7,0x1D,0xCF,0x1D,0xC7,0x1D,0xCF,0x1D,0xCF,0x1D,0xCF,0x1D,0xCF,0x1D,0xCF,0x1D,0xCF,0x1D,0xC7,0xFC,0xC6,0xDD,0xC6,0xDC,0xC6,0xDC,0xC6,0xBC,0xC6,0xBC,0xBE,
    0xBC,0xC6,0xBB,0xC6,0xBB,0xC6,0xBB,0xC6,0xFC,0xCE,0x1D,0xD7,0x1D,0xD7,0xFC,0xCE,0x7B,0xC6,0x19,0xB6,0xB8,0xAD,0xB8,0xAD,0x98,0xAD,0x77,0xA5,0xB8,0xAD,0xD9,0xB5,
    0x12,0x7C,0xE5,0x10,0x88,0x29,0xB8,0xAD,0x6F,0x63,0x62,0x08,0x00,0x00,0x00,0x00,0x00,0x00,0x00,0x00,0x00,0x00,0x00,0x00,0x00,0x00,0x00,0x00,0x00,0x00,0x00,0x00,
    0x00,0x00,0x00,0x00,0x00,0x00,0x00,0x00,0x00,0x00,0x00,0x00,0x00,0x00,0x00,0x00,0x8E,0x73,0x04,0x19,0xED,0x52,0x16,0x9D,0x09,0x3A,0x42,0x00,0x83,0x08,0xCC,0x52,
    0x36,0x9D,0xD9,0xAD,0xB8,0xAD,0x98,0xA5,0x98,0xA5,0x98,0xA5,0x98,0xAD,0xD9,0xB5,0x1A,0xB6,0xF9,0xB5,0xB8,0xA5,0xD8,0xAD,0xD9,0xAD,0xD9,0xA5,0xD9,0xA5,0xF9,0xA5,
    0xF9,0xA5,0xF9,0xA5,0xF9,0xA5,0xF9,0xAD,0xF9,0xAD,0xF9,0xAD,0xF9,0xA5,0xF9,0xAD,0xF9,0xA5,0xF9,0xA5,0xF9,0xA5,0xF9,0xA5,0xDA,0xA5,0xDA,0xA5,0xDA,0xA5,0xFA,0xA5,
    0xFA,0xAD,0xFA,0xA5,0xF9,0xAD,0xF9,0xAD,0xF9,0xA5,0xF9,0xA5,0xD9,0xA5,0xD9,0xA5,0xD9,0xA5,0xD9,0xA5,0xD9,0xA5,0xD9,0xAD,0xD9,0xAD,0xF9,0xB5,0xF9,0xB5,0xB8,0xAD,
    0xB8,0xAD,0xB8,0xAD,0x98,0xAD,0x98,0xAD,0xB9,0xAD,0xD9,0xB5,0xF6,0x94,0xAD,0x52,0x84,0x08,0xA4,0x08,0x6F,0x63,0x16,0x9D,0x2A,0x42,0xA3,0x10,0x00,0x00,0x00,0x00,
    0x00,0x00,0x00,0x00,0x00,0x00,0x00,0x00,0x00,0x00,0x00,0x00,0x00,0x00,0x00,0x00,0x00,0x00,0x00,0x00,0x00,0x00,0x00,0x00,0x00,0x00,0x00,0x00,0x00,0x00,0xFF,0xFF,
    0x00,0x00,0xF3,0x94,0xE5,0x10,0xD5,0x94,0x4E,0x63,0xA4,0x08,0xC8,0x31,0x42,0x00,0x46,0x21,0xD0,0x73,0xB9,0xAD,0x3A,0xBE,0xFA,0xB5,0xB9,0xAD,0x98,0xAD,0x78,0xA5,
    0x78,0xA5,0x98,0xA5,0x98,0xA5,0xB8,0xA5,0xB8,0xA5,0xB8,0xA5,0xB8,0xA5,0xB8,0xA5,0xB8,0xA5,0xB9,0xA5,0xD9,0xA5,0xD9,0xA5,0xB9,0xA5,0xB9,0xA5,0xD9,0xA5,0xB9,0xA5,
    0xB9,0xA5,0xB9,0xA5,0xB9,0xA5,0xB9,0xA5,0xD9,0xA5,0xD9,0xA5,0xB9,0xA5,0xD9,0xA5,0xD9,0xA5,0xD9,0xA5,0xD9,0xA5,0xD9,0xAD,0xD9,0xA5,0xB8,0xA5,0xB9,0xA5,0xB8,0xA5,
    0xB8,0xA5,0xB8,0xA5,0xB8,0xA5,0xB8,0xA5,0xB8,0xA5,0x98,0xA5,0x98,0xA5,0x98,0xA5,0xB9,0xAD,0xB9,0xAD,0xF9,0xB5,0x3B,0xC6,0x37,0x9D,0x2F,0x5B,0xC5,0x10,0xA5,0x08,
    0x0A,0x3A,0x05,0x11,0xB7,0xAD,0xED,0x52,0x62,0x00,0xFF,0xFF,0x00,0x00,0x00,0x00,0x00,0x00,0x00,0x00,0x00,0x00,0x00,0x00,0x00,0x00,0x00,0x00,0x00,0x00,0x00,0x00,
    0x00,0x00,0x00,0x00,0x00,0x00,0x00,0x00,0x00,0x00,0x00,0x00,0x00,0x00,0x00,0x00,0x00,0x00,0x2F,0x84,0xA4,0x08,0x33,0x7C,0x32,0x7C,0xC5,0x10,0xD1,0x73,0x6F,0x63,
    0x87,0x29,0x83,0x08,0x2A,0x3A,0x53,0x84,0xD9,0xB5,0x5B,0xC6,0x1A,0xBE,0xF9,0xB5,0x98,0xAD,0x77,0xA5,0x78,0xA5,0x78,0xA5,0x98,0xA5,0x98,0xA5,0x98,0x9D,0x77,0x9D,
    0x77,0x9D,0x77,0x9D,0x78,0xA5,0x98,0xA5,0x98,0xA5,0x98,0x9D,0x78,0x9D,0x78,0x9D,0x78,0x9D,0x78,0x9D,0x78,0x9D,0x78,0x9D,0x77,0x9D,0x97,0x9D,0x97,0x9D,0x97,0xA5,
    0x97,0xA5,0x97,0xA5,0x98,0xA5,0x98,0xA5,0x78,0xA5,0x78,0xA5,0x78,0xA5,0x77,0xA5,0x78,0xA5,0x78,0xA5,0x78,0xA5,0x78,0xA5,0x78,0xA5,0x98,0xA5,0xB9,0xAD,0xD9,0xB5,
    0x3A,0xBE,0x5A,0xC6,0x77,0xA5,0xB1,0x73,0x67,0x21,0xA5,0x08,0xC9,0x29,0xD2,0x73,0xCD,0x52,0xE9,0x31,0x19,0xBE,0x09,0x3A,0x01,0x00,0x00,0x00,0x00,0x00,0x00,0x00,
    0x00,0x00,0x00,0x00,0x00,0x00,0x00,0x00,0x00,0x00,0x00,0x00,0x00,0x00,0x00,0x00,0x00,0x00,0x00,0x00,0x00,0x00,0x00,0x00,0x00,0x00,0x00,0x00,0x00,0x00,0x00,0x00,
    0x00,0x00,0xF3,0x9D,0x83,0x08,0x8D,0x4A,0x58,0xA5,0x07,0x19,0x4B,0x42,0x74,0x84,0x73,0x84,0xCD,0x4A,0x05,0x19,0xE5,0x10,0xA8,0x29,0xB4,0x94,0x5B,0xC6,0x7B,0xCE,
    0x5B,0xC6,0x3A,0xBE,0x1A,0xB6,0xF9,0xB5,0xF9,0xB5,0x1A,0xB6,0xD9,0xAD,0x98,0xA5,0xB8,0xA5,0x98,0xA5,0x98,0xA5,0x98,0xA5,0x98,0xA5,0x98,0xA5,0x98,0xA5,0x98,0xA5,
    0x98,0xA5,0x98,0xA5,0x98,0xA5,0x98,0xA5,0x98,0xA5,0x98,0xA5,0x98,0xA5,0x98,0xA5,0x98,0xA5,0x98,0xA5,0x98,0xA5,0x98,0xA5,0x98,0xAD,0xB8,0xAD,0x98,0xAD,0xB8,0xAD,
    0xF9,0xB5,0xF9,0xB5,0xF9,0xB5,0xFA,0xB5,0xFA,0xBD,0x1A,0xBE,0x5B,0xC6,0x5B,0xC6,0x5A,0xC6,0x32,0x7C,0x46,0x21,0xC5,0x10,0xC9,0x31,0x12,0x7C,0x94,0x84,0x74,0x84,
    0x27,0x19,0xD0,0x73,0x57,0xA5,0xE5,0x18,0x41,0x00,0x00,0x00,0x00,0x00,0x00,0x00,0x00,0x00,0x00,0x00,0x00,0x00,0x00,0x00,0x00,0x00,0x00,0x00,0x00,0x00,0x00,0x00,
    0x00,0x00,0x00,0x00,0x00,0x00,0x00,0x00,0x00,0x00,0x00,0x00,0x00,0x00,0x00,0x00,0x00,0x00,0x00,0x00,0x25,0x21,0xE5,0x18,0x17,0x9D,0xF6,0x94,0x8C,0x42,0x32,0x7C,
    0x33,0x7C,0xF6,0x94,0xB5,0x8C,0x94,0x8C,0x73,0x84,0xB4,0x8C,0xD5,0x94,0xD5,0x94,0x78,0xA5,0xFA,0xB5,0x5B,0xC6,0x9C,0xCE,0x9C,0xCE,0xBC,0xCE,0xBC,0xCE,0x9B,0xC6,
    0x7B,0xC6,0x5B,0xC6,0x5B,0xC6,0x5B,0xC6,0x5B,0xBE,0x3B,0xBE,0x3B,0xBE,0x5B,0xC6,0x3B,0xBE,0x3B,0xBE,0x5A,0xC6,0x5B,0xC6,0x5B,0xC6,0x5B,0xBE,0x5B,0xC6,0x3B,0xBE,
    0x5B,0xBE,0x5B,0xC6,0x5B,0xBE,0x5B,0xC6,0x5B,0xC6,0x5B,0xC6,0x5B,0xC6,0x9C,0xCE,0xBC,0xCE,0xBC,0xCE,0x9C,0xCE,0x7B,0xCE,0x3A,0xBE,0xD9,0xB5,0x98,0xA5,0x16,0x9D,
    0x16,0x9D,0x73,0x84,0x53,0x84,0x73,0x84,0x36,0x9D,0x36,0x9D,0x74,0x84,0xF2,0x73,0x4F,0x63,0x1A,0xBE,0x2E,0x63,0x42,0x00,0xC8,0x39,0x00,0x00,0x00,0x00,0x00,0x00,
    0x00,0x00,0x00,0x00,0x00,0x00,0x00,0x00,0x00,0x00,0x00,0x00,0x00,0x00,0x00,0x00,0x00,0x00,0x00,0x00,0x00,0x00,0x00,0x00,0x00,0x00,0x00,0x00,0x00,0x00,0x00,0x00,
    0x00,0x00,0x00,0x00,0x00,0x00,0x83,0x08,0xC9,0x31,0xF5,0x94,0x5B,0xC6,0x9C,0xCE,0x57,0xA5,0xB5,0x8C,0x37,0x9D,0x57,0xA5,0x77,0xA5,0x57,0x9D,0x16,0x95,0x94,0x8C,
    0x53,0x84,0x74,0x8C,0x53,0x84,0xB4,0x8C,0xD4,0x94,0x15,0x9D,0x77,0xA5,0x3A,0xBE,0x9B,0xCE,0xBC,0xD6,0xBC,0xCE,0xBC,0xCE,0xBC,0xCE,0xBC,0xD6,0xBC,0xCE,0xBC,0xD6,
    0xBC,0xD6,0xBC,0xCE,0xBC,0xCE,0xDC,0xD6,0xDC,0xD6,0xBC,0xD6,0xBC,0xCE,0xBC,0xD6,0xBC,0xCE,0xBC,0xCE,0xBC,0xCE,0xBC,0xCE,0xBC,0xCE,0xBC,0xD6,0x5B,0xC6,0xD8,0xB5,
    0x36,0x9D,0x15,0x95,0xF5,0x94,0x93,0x8C,0x73,0x84,0xD5,0x94,0xD5,0x8C,0xF6,0x94,0x16,0x9D,0x77,0xA5,0x78,0xA5,0x57,0xA5,0x16,0x9D,0xF5,0x94,0xB9,0xAD,0x9D,0xCE,
    0xF9,0xB5,0xB1,0x73,0x05,0x19,0x66,0x29,0x00,0x00,0x00,0x00,0x00,0x00,0x00,0x00,0x00,0x00,0x00,0x00,0x00,0x00,0x00,0x00,0x00,0x00,0x00,0x00,0x00,0x00,0x00,0x00,
    0x00,0x00,0x00,0x00,0x00,0x00,0x00,0x00,0x00,0x00,0x00,0x00,0x00,0x00,0x00,0x00,0x00,0x00,0x00,0x00,0x00,0x00,0xEF,0x7B,0x83,0x08,0x46,0x21,0x12,0x7C,0x9C,0xCE,
    0xFD,0xD6,0x1A,0xBE,0x16,0x9D,0xF6,0x94,0xF6,0x94,0x17,0x9D,0x17,0x9D,0x37,0x9D,0x36,0x9D,0x0E,0x5B,0xA4,0x10,0xA4,0x08,0xE5,0x10,0xE4,0x10,0x05,0x19,0x29,0x3A,
    0xAC,0x4A,0x2D,0x5B,0x4E,0x63,0x2E,0x63,0x4E,0x63,0x4E,0x63,0x4E,0x63,0x4E,0x63,0x4E,0x63,0x4E,0x63,0x4E,0x63,0x4E,0x63,0x4E,0x63,0x6E,0x63,0x6E,0x63,0x6E,0x63,
    0x4E,0x63,0x4E,0x63,0x2E,0x5B,0x2D,0x5B,0x2D,0x5B,0x2D,0x5B,0x6B,0x4A,0x66,0x21,0xE4,0x10,0xE4,0x10,0xC4,0x10,0x83,0x08,0x67,0x21,0xF2,0x73,0x57,0x9D,0x37,0x9D,
    0x37,0x9D,0x36,0x9D,0x16,0x95,0x16,0x9D,0xD8,0xB5,0x5B,0xC6,0xFD,0xDE,0x5B,0xC6,0x4F,0x63,0xC4,0x10,0xC3,0x10,0x00,0x00,0x00,0x00,0x00,0x00,0x00,0x00,0x00,0x00,
    0x00,0x00,0x00,0x00,0x00,0x00,0x00,0x00,0x00,0x00,0x00,0x00,0x00,0x00,0x00,0x00,0x00,0x00,0x00,0x00,0x00,0x00,0x00,0x00,0x00,0x00,0x00,0x00,0x00,0x00,0x00,0x00,
    0x00,0x00,0x00,0x00,0x00,0x00,0x00,0x00,0xCF,0x7B,0x62,0x08,0xA4,0x10,0xED,0x5A,0xD9,0xB5,0x7F,0xE7,0xDD,0xD6,0xB8,0xAD,0xF6,0x94,0xF6,0x94,0xF6,0x94,0xD2,0x73,
    0x47,0x21,0x42,0x00,0xA4,0x10,0x26,0x19,0x46,0x21,0x05,0x19,0x05,0x19,0x83,0x08,0x63,0x08,0x63,0x08,0x62,0x00,0x63,0x00,0x83,0x08,0xA3,0x08,0x83,0x08,0x83,0x08,
    0x83,0x08,0x83,0x08,0x83,0x08,0x63,0x00,0x83,0x08,0x83,0x08,0xA3,0x08,0x83,0x08,0xA3,0x08,0xA3,0x08,0xA3,0x08,0x83,0x08,0x62,0x00,0x63,0x08,0x62,0x00,0xA3,0x08,
    0xE5,0x10,0x05,0x11,0x26,0x19,0x06,0x19,0x63,0x00,0x84,0x00,0x2A,0x3A,0x94,0x8C,0xF5,0x94,0xF5,0x94,0x16,0x9D,0x5B,0xC6,0xFD,0xDE,0xFD,0xDE,0x77,0xAD,0xAC,0x52,
    0xE4,0x18,0x05,0x21,0xFF,0xFF,0x00,0x00,0x00,0x00,0x00,0x00,0x00,0x00,0x00,0x00,0x00,0x00,0x00,0x00,0x00,0x00,0x00,0x00,0x00,0x00,0x00,0x00,0x00,0x00,0x00,0x00,
    0x00,0x00,0x00,0x00,0x00,0x00,0x00,0x00,0x00,0x00,0x00,0x00,0x00,0x00,0x00,0x00,0x00,0x00,0x00,0x00,0x00,0x00,0x00,0x00,0x00,0x00,0xAE,0x72,0x25,0x21,0x42,0x08,
    0x87,0x29,0xF1,0x7B,0x19,0xBE,0x3A,0xC6,0x3B,0xBE,0xFA,0xB5,0xB9,0xAD,0xAD,0x52,0xC9,0x31,0x2A,0x3A,0xE9,0x39,0xC4,0x10,0x83,0x08,0x84,0x08,0x83,0x08,0xA4,0x08,
    0xC4,0x10,0xA4,0x08,0xE5,0x10,0xE5,0x10,0xE4,0x10,0xE4,0x10,0xE4,0x10,0xC4,0x10,0xC4,0x10,0xC4,0x10,0xC4,0x10,0xC4,0x10,0xC4,0x10,0xC4,0x10,0xC4,0x10,0xC4,0x10,
    0xE4,0x10,0xE4,0x10,0xE5,0x10,0x05,0x19,0xA4,0x10,0xA4,0x08,0xC4,0x10,0x83,0x08,0x83,0x00,0x84,0x08,0x84,0x00,0x06,0x11,0x2A,0x3A,0x4B,0x42,0x88,0x29,0xD1,0x73,
    0x1A,0xBE,0xFA,0xBD,0x7C,0xCE,0x7B,0xCE,0x36,0xA5,0x4E,0x63,0x46,0x29,0x82,0x08,0xC7,0x39,0x20,0x00,0x00,0x00,0x00,0x00,0x00,0x00,0x00,0x00,0x00,0x00,0x00,0x00,
    0x00,0x00,0x00,0x00,0x00,0x00,0x00,0x00,0x00,0x00,0x00,0x00,0x00,0x00,0x00,0x00,0x00,0x00,0x00,0x00,0x00,0x00,0x00,0x00,0x00,0x00,0x00,0x00,0x00,0x00,0x00,0x00,
    0x00,0x00,0x00,0x00,0x00,0x00,0x00,0x00,0x00,0x00,0x00,0x00,0x00,0x00,0x45,0x29,0x83,0x10,0x42,0x08,0x46,0x29,0x8C,0x4A,0xB0,0x73,0x57,0xA5,0xBC,0xCE,0x9B,0xCE,
    0x19,0xBE,0xF5,0x94,0x94,0x8C,0xF1,0x73,0xD1,0x73,0x2E,0x5B,0xAC,0x4A,0x88,0x29,0xE5,0x10,0xE5,0x10,0x26,0x19,0x26,0x19,0x26,0x19,0x25,0x19,0x05,0x19,0x05,0x19,
    0x05,0x19,0x06,0x19,0x05,0x19,0x05,0x19,0xE5,0x18,0x06,0x19,0x05,0x19,0xE5,0x18,0xE5,0x18,0x05,0x19,0x05,0x19,0x05,0x19,0x26,0x19,0x26,0x19,0x26,0x19,0x0A,0x3A,
    0xCD,0x52,0xEE,0x52,0x70,0x63,0x32,0x74,0xB4,0x8C,0x57,0xA5,0xDD,0xD6,0xBC,0xD6,0x9C,0xCE,0xF5,0x9C,0x70,0x6B,0x6B,0x4A,0x05,0x19,0x62,0x08,0xC3,0x10,0xC3,0x18,
    0x00,0x00,0x00,0x00,0x00,0x00,0x00,0x00,0x00,0x00,0x00,0x00,0x00,0x00,0x00,0x00,0x00,0x00,0x00,0x00,0x00,0x00,0x00,0x00,0x00,0x00,0x00,0x00,0x00,0x00,0x00,0x00,
    0x00,0x00,0x00,0x00,0x00,0x00,0x00,0x00,0x00,0x00,0x00,0x00,0x00,0x00,0x00,0x00,0x00,0x00,0x00,0x00,0x00,0x00,0x00,0x00,0x00,0x00,0x00,0x00,0x00,0x00,0x00,0x00,
    0xEB,0x5A,0x41,0x08,0x21,0x00,0x21,0x00,0x83,0x08,0x05,0x21,0xC8,0x31,0x2D,0x63,0x4E,0x63,0xED,0x52,0x0E,0x5B,0x2E,0x5B,0x90,0x6B,0x1A,0xBE,0x1A,0xBE,0xB8,0xB5,
    0x77,0xA5,0x77,0xA5,0x98,0xAD,0x97,0xAD,0x97,0xAD,0x98,0xAD,0xB8,0xAD,0xB8,0xAD,0xB8,0xAD,0xB8,0xAD,0xB8,0xB5,0xB8,0xAD,0xB8,0xB5,0xB8,0xAD,0x98,0xAD,0x98,0xAD,
    0x98,0xAD,0x97,0xAD,0x98,0xAD,0xB8,0xAD,0xB8,0xAD,0xF9,0xB5,0x1A,0xBE,0x5B,0xC6,0x9C,0xCE,0xB8,0xAD,0x2E,0x5B,0x4F,0x63,0x0D,0x5B,0x0D,0x5B,0x6E,0x6B,0xCC,0x5A,
    0x09,0x42,0x05,0x21,0x83,0x10,0x42,0x08,0x21,0x00,0x82,0x10,0xC7,0x39,0x00,0x00,0x00,0x00,0x00,0x00,0x00,0x00,0x00,0x00,0x00,0x00,0x00,0x00,0x00,0x00,0x00,0x00,
    0x00,0x00,0x00,0x00,0x00,0x00,0x00,0x00,0x00,0x00,0x00,0x00,0x00,0x00,0x00,0x00,0x00,0x00,0x00,0x00,0x00,0x00,0x00,0x00,0x00,0x00,0x00,0x00,0x00,0x00,0x00,0x00,
    0x00,0x00,0x00,0x00,0x00,0x00,0x00,0x00,0x00,0x00,0x00,0x00,0x00,0x00,0x00,0x00,0x00,0x00,0x00,0x00,0x41,0x10,0x40,0x08,0xE3,0x18,0xA2,0x10,0x62,0x08,0x21,0x00,
    0x20,0x00,0x21,0x00,0x41,0x00,0x01,0x00,0x83,0x08,0x6B,0x4A,0xAC,0x52,0xAC,0x52,0xCC,0x52,0x2E,0x63,0x8F,0x6B,0x6F,0x6B,0x6F,0x6B,0x8F,0x6B,0x8F,0x6B,0x8F,0x6B,
    0xAF,0x6B,0xAF,0x6B,0xB0,0x73,0xAF,0x73,0xAF,0x73,0xAF,0x6B,0x8F,0x6B,0x8F,0x6B,0x8F,0x6B,0x8F,0x6B,0x8F,0x6B,0x8F,0x6B,0x6F,0x6B,0x2E,0x63,0x0D,0x5B,0xCC,0x52,
    0xCC,0x52,0x4A,0x42,0x82,0x08,0x41,0x00,0x41,0x08,0x21,0x00,0x00,0x00,0x21,0x00,0x41,0x08,0x61,0x08,0xA2,0x10,0x60,0x08,0x61,0x08,0x00,0x00,0x00,0x00,0x00,0x00,
    0x00,0x00,0x00,0x00,0x00,0x00,0x00,0x00,0x00,0x00,0x00,0x00,0x00,0x00,0x00,0x00,0x00,0x00,0x00,0x00,0x00,0x00,0x00,0x00,0x00,0x00,0x00,0x00,0x00,0x00,0x00,0x00,
    0x00,0x00,0x00,0x00,0x00,0x00,0x00,0x00,0x00,0x00,0x00,0x00,0x00,0x00,0x00,0x00,0x00,0x00,0x00,0x00,0x00,0x00,0x00,0x00,0x00,0x00,0x00,0x00,0x00,0x00,0x00,0x00,
    0x00,0x00,0x00,0x00,0x00,0x00,0x00,0x00,0x00,0x00,0x00,0x00,0x40,0x08,0x41,0x08,0x61,0x08,0x41,0x08,0x40,0x08,0x20,0x00,0x61,0x08,0xA3,0x10,0xA3,0x10,0xA3,0x10,
    0x82,0x10,0x62,0x08,0x82,0x08,0x82,0x08,0x82,0x08,0x82,0x08,0x82,0x08,0x62,0x08,0x62,0x08,0x82,0x08,0x82,0x08,0x82,0x08,0x82,0x08,0x82,0x08,0x82,0x08,0x82,0x08,
    0x82,0x08,0x82,0x08,0x82,0x08,0x82,0x08,0xA2,0x10,0xA2,0x10,0xA3,0x10,0xA3,0x10,0xC3,0x10,0x82,0x10,0x61,0x10,0x40,0x08,0x41,0x08,0x61,0x08,0x61,0x08,0x41,0x08,
    0x20,0x00,0x00,0x00,0x00,0x00,0x00,0x00,0x00,0x00,0x00,0x00,0x00,0x00,0x00,0x00,0x00,0x00,0x00,0x00,0x00,0x00,0x00,0x00,0x00,0x00,0x00,0x00,0x00,0x00,0x00,0x00,
    0x00,0x00,0x00,0x00,0x00,0x00,0x00,0x00,0x00,0x00,0x00,0x00,0x00,0x00,0x00,0x00,0x00,0x00,0x00,0x00,0x00,0x00,0x00,0x00,0x00,0x00,0x00,0x00,0x00,0x00,0x00,0x00,
    0x00,0x00,0x00,0x00,0x00,0x00,0x00,0x00,0x00,0x00,0x00,0x00,0x00,0x00,0x00,0x00,0x00,0x00,0x00,0x00,0x00,0x00,0x00,0x00,0x00,0x00,0x00,0x00,0x00,0x00,0x00,0x00,
    0x00,0x00,0x00,0x00,0x00,0x00,0x00,0x00,0x00,0x00,0x20,0x00,0x41,0x08,0x41,0x08,0x41,0x08,0x41,0x08,0x41,0x08,0x41,0x08,0x41,0x08,0x41,0x08,0x41,0x08,0x40,0x08,
    0x40,0x08,0x41,0x08,0x41,0x08,0x41,0x08,0x41,0x08,0x40,0x08,0x40,0x08,0x41,0x08,0x41,0x08,0x41,0x08,0x41,0x08,0x41,0x08,0x41,0x08,0x41,0x08,0x41,0x08,0x41,0x08,
    0x41,0x08,0x20,0x00,0x00,0x00,0x00,0x00,0x00,0x00,0x00,0x00,0x00,0x00,0x00,0x00,0x00,0x00,0x00,0x00,0x00,0x00,0x00,0x00,0x00,0x00,0x00,0x00,0x00,0x00,0x00,0x00,
    0x00,0x00,0x00,0x00,0x00,0x00,0x00,0x00,0x00,0x00,0x00,0x00,0x00,0x00,0x00,0x00,0x00,0x00,0x00,0x00,0x00,0x00,0x00,0x00,0x00,0x00,0x00,0x00,0x00,0x00,0x00,0x00,
    0x00,0x00,0x00,0x00,0x00,0x00,0x00,0x00,0x00,0x00,0x00,0x00,0x00,0x00,0x00,0x00,0x00,0x00,0x00,0x00,0x00,0x00,0x00,0x00,0x00,0x00,0x00,0x00,0x00,0x00,0x00,0x00,
    0x00,0x00,0x00,0x00,0x00,0x00,0x00,0x00,0x00,0x00,0x00,0x00,0x00,0x00,0x00,0x00,0x00,0x00,0x00,0x00,0x00,0x00,0x00,0x00,0x00,0x00,0x00,0x00,0x00,0x00,0x00,0x00,
    0x00,0x00,0x00,0x00,0x00,0x00,0x00,0x00,0x00,0x00,0x00,0x00,0x00,0x00,0x00,0x00,0x00,0x00,0x00,0x00,0x00,0x00,0x00,0x00,0x00,0x00,0x00,0x00,0x00,0x00,0x00,0x00,
    0x00,0x00,0x00,0x00,0x00,0x00,0x00,0x00,0x00,0x00,0x00,0x00,0x00,0x00,0x00,0x00,0x00,0x00,0x00,0x00,0x00,0x00,0x00,0x00,0x00,0x00,0x00,0x00,0x00,0x00,0x00,0x00,
    0x00,0x00,0x00,0x00,0x00,0x00,0x00,0x00,0x00,0x00,0x00,0x00,0x00,0x00,0x00,0x00,0x00,0x00,0x00,0x00,0x00,0x00,0x00,0x00,0x00,0x00,0x00,0x00,0x00,0x00,0x00,0x00,
    0x00,0x00,0x00,0x00,0x00,0x00,0x00,0x00,0x00,0x00,0x00,0x00,0x00,0x00,0x00,0x00,0x00,0x00,0x00,0x00,0x00,0x00,0x00,0x00,0x00,0x00,0x00,0x00,0x00,0x00,0x00,0x00,
    0x00,0x00,0x00,0x00,0x00,0x00,0x00,0x00,0x00,0x00,0x00,0x00,0x00,0x00,0x00,0x00,0x00,0x00,0x00,0x00,0x00,0x00,0x00,0x00,0x00,0x00,0x00,0x00,0x00,0x00,0x00,0x00,
    0x00,0x00,0x00,0x00,0x00,0x00,0x00,0x00,0x00,0x00,0x00,0x00,0x00,0x00,0x00,0x00,0x00,0x00,0x00,0x00,0x00,0x00,0x00,0x00,0x00,0x00,0x00,0x00,0x00,0x00,0x00,0x00,
    0x00,0x00,0x00,0x00,0x00,0x00,0x00,0x00,0x00,0x00,0x00,0x00,0x00,0x00,0x00,0x00,0x00,0x00,0x00,0x00,0x00,0x00,0x00,0x00,0x00,0x00,0x00,0x00,0x00,0x00,0x00,0x00,
    0x00,0x00,0x00,0x00,0x00,0x00,0x00,0x00,0x00,0x00,0x00,0x00,0x00,0x00,0x00,0x00,0x00,0x00,0x00,0x00,0x00,0x00,0x00,0x00,0x00,0x00,0x00,0x00,0x00,0x00,0x00,0x00,
    0x00,0x00,0x00,0x00,0x00,0x00,0x00,0x00,0x00,0x00,0x00,0x00,0x00,0x00,0x00,0x00,0x00,0x00,0x00,0x00,0x00,0x00,0x00,0x00,0x00,0x00,0x00,0x00,0x00,0x00,0x00,0x00,
    0x00,0x00,0x00,0x00,0x00,0x00,0x00,0x00,0x00,0x00,0x00,0x00,0x00,0x00,0x00,0x00,0x00,0x00,0x00,0x00,0x00,0x00,0x00,0x00,0x00,0x00,0x00,0x00,0x00,0x00,0x00,0x00,
    0x00,0x00,0x00,0x00,0x00,0x00,0x00,0x00,0x00,0x00,0x00,0x00,0x00,0x00,0x00,0x00,0x00,0x00,0x00,0x00,0x00,0x00,0x00,0x00,0x00,0x00,0x00,0x00,0x00,0x00,0x00,0x00,
    0x00,0x00,0x00,0x00,0x00,0x00,0x00,0x00,0x00,0x00,0x00,0x00,0x00,0x00,0x00,0x00,0x00,0x00,0x00,0x00,0x00,0x00,0x00,0x00,0x00,0x00,0x00,0x00,0x00,0x00,0x00,0x00,
    0x00,0x00,0x00,0x00,0x00,0x00,0x00,0x00,0x00,0x00,0x00,0x00,0x00,0x00,0x00,0x00,0x00,0x00,0x00,0x00,0x00,0x00,0x00,0x00,0x00,0x00,0x00,0x00,0x00,0x00,0x00,0x00,
    0x00,0x00,0x00,0x00,0x00,0x00,0x00,0x00,0x00,0x00,0x00,0x00,0x00,0x00,0x00,0x00,0x00,0x00,0x00,0x00,0x00,0x00,0x00,0x00,0x00,0x00,0x00,0x00,0x00,0x00,0x00,0x00,
    0x00,0x00,0x00,0x00,0x00,0x00,0x00,0x00,0x00,0x00,0x00,0x00,0x00,0x00,0x00,0x00,0x00,0x00,0x00,0x00,0x00,0x00,0x00,0x00,0x00,0x00,0x00,0x00,0x00,0x00,0x00,0x00,
    0x00,0x00,0x00,0x00,0x00,0x00,0x00,0x00,0x00,0x00,0x00,0x00,0x00,0x00,0x00,0x00,0x00,0x00,0x00,0x00,0x00,0x00,0x00,0x00,0x00,0x00,0x00,0x00,0x00,0x00,0x00,0x00,
    0x00,0x00,0x00,0x00,0x00,0x00,0x00,0x00,0x00,0x00,0x00,0x00,0x00,0x00,0x00,0x00,0x00,0x00,0x00,0x00,0x00,0x00,0x00,0x00,0x00,0x00,0x00,0x00,0x00,0x00,0x00,0x00,
    0x00,0x00,0x00,0x00,0x00,0x00,0x00,0x00,0x00,0x00,0x00,0x00,0x00,0x00,0x00,0x00,0x00,0x00,0x00,0x00,0x00,0x00,0x00,0x00,0x00,0x00,0x00,0x00,0x00,0x00,0x00,0x00,
    0x00,0x00,0x00,0x00,0x00,0x00,0x00,0x00,0x00,0x00,0x00,0x00,0x00,0x00,0x00,0x00,0x00,0x00,0x00,0x00,0x00,0x00,0x00,0x00,0x00,0x00,0x00,0x00,0x00,0x00,0x00,0x00,
    0x00,0x00,0x00,0x00,0x00,0x00,0x00,0x00,0x00,0x00,0x00,0x00,0x00,0x00,0x00,0x00,0x00,0x00,0x00,0x00,0x00,0x00,0x00,0x00,0x00,0x00,0x00,0x00,0x00,0x00,0x00,0x00,
    0x00,0x00,0x00,0x00,0x00,0x00,0x00,0x00,0x00,0x00,0x00,0x00,0x00,0x00,0x00,0x00,0x00,0x00,0x00,0x00,0x00,0x00,0x00,0x00,0x00,0x00,0x00,0x00,0x00,0x00,0x00,0x00,
    0x00,0x00,0x00,0x00,0x00,0x00,0x00,0x00,0x00,0x00,0x00,0x00,0x00,0x00,0x00,0x00,0x00,0x00,0x00,0x00,0x00,0x00,0x00,0x00,0x00,0x00,0x00,0x00,0x00,0x00,0x00,0x00,
    0x00,0x00,0x00,0x00,0x00,0x00,0x00,0x00,0x00,0x00,0x00,0x00,0x00,0x00,0x00,0x00,0x00,0x00,0x00,0x00,0x00,0x00,0x00,0x00,0x00,0x00,0x00,0x00,0x00,0x00,0x00,0x00,
    0x00,0x00,0x00,0x00,0x00,0x00,0x00,0x00,0x00,0x00,0x00,0x00,0x00,0x00,0x00,0x00,0x00,0x00,0x00,0x00,0x00,0x00,0x00,0x00,0x00,0x00,0x00,0x00,0x00,0x00,0x00,0x00,
    0x00,0x00,0x00,0x00,0x00,0x00,0x00,0x00,0x00,0x00,0x00,0x00,0x00,0x00,0x00,0x00,0x00,0x00,0x00,0x00,0x00,0x00,0x00,0x00,0x00,0x00,0x00,0x00,0x00,0x00,0x00,0x00,
    0x00,0x00,0x00,0x00,0x00,0x00,0x00,0x00,0x00,0x00,0x00,0x00,0x00,0x00,0x00,0x00,0x00,0x00,0x00,0x00,0x00,0x00,0x00,0x00,0x00,0x00,0x00,0x00,0x00,0x00,0x00,0x00,
    0x00,0x00,0x00,0x00,0x00,0x00,0x00,0x00,0x00,0x00,0x00,0x00,0x00,0x00,0x00,0x00,0x00,0x00,0x00,0x00,0x00,0x00,0x00,0x00,0x00,0x00,0x00,0x00,0x00,0x00,0x00,0x00,
    0x00,0x00,0x00,0x00,0x00,0x00,0x00,0x00,0x00,0x00,0x00,0x00,0x00,0x00,0x00,0x00,0x00,0x00,0x00,0x00,0x00,0x00,0x00,0x00,0x00,0x00,0x00,0x00,0x00,0x00,0x00,0x00,
    0x00,0x00,0x00,0x00,0x00,0x00,0x00,0x00,0x00,0x00,0x00,0x00,0x00,0x00,0x00,0x00,0x00,0x00,0x00,0x00,0x00,0x00,0x00,0x00,0x00,0x00,0x00,0x00,0x00,0x00,0x00,0x00,
    0x00,0x00,0x00,0x00,0x00,0x00,0x00,0x00,0x00,0x00,0x00,0x00,0x00,0x00,0x00,0x00,0x00,0x00,0x00,0x00,0x00,0x00,0x00,0x00,0x00,0x00,0x00,0x00,0x00,0x00,0x00,0x00,
    0x00,0x00,0x00,0x00,0x00,0x00,0x00,0x00,0x00,0x00,0x00,0x00,0x00,0x00,0x00,0x00,0x00,0x00,0x00,0x00,0x00,0x00,0x00,0x00,0x00,0x00,0x00,0x00,0x00,0x00,0x00,0x00,
    0x00,0x00,0x00,0x00,0x00,0x00,0x00,0x00,0x00,0x00,0x00,0x00,0x00,0x00,0x00,0x00,0x00,0x00,0x00,0x00,0x00,0x00,0x00,0x00,0x00,0x00,0x00,0x00,0x00,0x00,0x00,0x00,
    0x00,0x00,0x00,0x00,0x00,0x00,0x00,0x00,0x00,0x00,0x00,0x00,0x00,0x00,0x00,0x00,0x00,0x00,0x00,0x00,0x00,0x00,0x00,0x00,0x00,0x00,0x00,0x00,0x00,0x00,0x00,0x00,
    0x00,0x00,0x00,0x00,0x00,0x00,0x00,0x00,0x00,0x00,0x00,0x00,0x00,0x00,0x00,0x00,0x00,0x00,0x00,0x00,0x00,0x00,0x00,0x00,0x00,0x00,0x00,0x00,0x00,0x00,0x00,0x00,
    0x00,0x00,0x00,0x00,0x00,0x00,0x00,0x00,0x00,0x00,0x00,0x00,0x00,0x00,0x00,0x00,0x00,0x00,0x00,0x00,0x00,0x00,0x00,0x00,0x00,0x00,0x00,0x00,0x00,0x00,0x00,0x00,
    0x00,0x00,0x00,0x00,0x00,0x00,0x00,0x00,0x00,0x00,0x00,0x00,0x00,0x00,0x00,0x00,0x00,0x00,0x00,0x00,0x00,0x00,0x00,0x00,0x00,0x00,0x00,0x00,0x00,0x00,0x00,0x00,
    0x00,0x00,0x00,0x00,0x00,0x00,0x00,0x00,0x00,0x00,0x00,0x00,0x00,0x00,0x00,0x00,0x00,0x00,0x00,0x00,0x00,0x00,0x00,0x00,0x00,0x00,0x00,0x00,0x00,0x00,0x00,0x00,
    0x00,0x00,0x00,0x00,0x00,0x00,0x00,0x00,0x00,0x00,0x00,0x00,0x00,0x00,0x00,0x00,0x00,0x00,0x00,0x00,0x00,0x00,0x00,0x00,0x00,0x00,0x00,0x00,0x00,0x00,0x00,0x00,
    0x00,0x00,0x00,0x00,0x00,0x00,0x00,0x00,0x00,0x00,0x00,0x00,0x00,0x00,0x00,0x00,0x00,0x00,0x00,0x00,0x00,0x00,0x00,0x00,0x00,0x00,0x00,0x00,0x00,0x00,0x00,0x00,
    0x00,0x00,0x00,0x00,0x00,0x00,0x00,0x00,0x00,0x00,0x00,0x00,0x00,0x00,0x00,0x00,0x00,0x00,0x00,0x00,0x00,0x00,0x00,0x00,0x00,0x00,0x00,0x00,0x00,0x00,0x00,0x00,
    0x00,0x00,0x00,0x00,0x00,0x00,0x00,0x00,0x00,0x00,0x00,0x00,0x00,0x00,0x00,0x00,0x00,0x00,0x00,0x00,0x00,0x00,0x00,0x00,0x00,0x00,0x00,0x00,0x00,0x00,0x00,0x00,
    0x00,0x00,0x00,0x00,0x00,0x00,0x00,0x00,0x00,0x00,0x00,0x00,0x00,0x00,0x00,0x00,0x00,0x00,0x00,0x00,0x00,0x00,0x00,0x00,0x00,0x00,0x00,0x00,0x00,0x00,0x00,0x00,
    0x00,0x00,0x00,0x00,0x00,0x00,0x00,0x00,0x00,0x00,0x00,0x00,0x00,0x00,0x00,0x00,0x00,0x00,0x00,0x00,0x00,0x00,0x00,0x00,0x00,0x00,0x00,0x00,0x00,0x00,0x00,0x00,
    0x00,0x00,0x00,0x00,0x00,0x00,0x00,0x00,0x00,0x00,0x00,0x00,0x00,0x00,0x00,0x00,0x00,0x00,0x00,0x00,0x00,0x00,0x00,0x00,0x00,0x00,0x00,0x00,0x00,0x00,0x00,0x00,
    0x00,0x00,0x00,0x00,0x00,0x00,0x00,0x00,0x00,0x00,0x00,0x00,0x00,0x00,0x00,0x00,0x00,0x00,0x00,0x00,0x00,0x00,0x00,0x00,0x00,0x00,0x00,0x00,0x00,0x00,0x00,0x00,
    0x00,0x00,0x00,0x00,0x00,0x00,0x00,0x00,0x00,0x00,0x00,0x00,0x00,0x00,0x00,0x00,0x00,0x00,0x00,0x00,0x00,0x00,0x00,0x00,0x00,0x00,0x00,0x00,0x00,0x00,0x00,0x00,
    0x00,0x00,0x00,0x00,0x00,0x00,0x00,0x00,0x00,0x00,0x00,0x00,0x00,0x00,0x00,0x00,0x00,0x00,0x00,0x00,0x00,0x00,0x00,0x00,0x00,0x00,0x00,0x00,0x00,0x00,0x00,0x00,
    0x00,0x00,0x00,0x00,0x00,0x00,0x00,0x00,0x00,0x00,0x00,0x00,0x00,0x00,0x00,0x00,0x00,0x00,0x00,0x00,0x00,0x00,0x00,0x00,0x00,0x00,0x00,0x00,0x00,0x00,0x00,0x00,
    0x00,0x00,0x00,0x00,0x00,0x00,0x00,0x00,0x00,0x00,0x00,0x00,0x00,0x00,0x00,0x00,0x00,0x00,0x00,0x00,0x00,0x00,0x00,0x00,0x00,0x00,0x00,0x00,0x00,0x00,0x00,0x00,
    0x00,0x00,0x00,0x00,0x00,0x00,0x00,0x00,0x00,0x00,0x00,0x00,0x00,0x00,0x00,0x00,0x00,0x00,0x00,0x00,0x00,0x00,0x00,0x00,0x00,0x00,0x00,0x00,0x00,0x00,0x00,0x00,
    0x00,0x00,0x00,0x00,0x00,0x00,0x00,0x00,0x00,0x00,0x00,0x00,0x00,0x00,0x00,0x00,0x00,0x00,0x00,0x00,0x00,0x00,0x00,0x00,0x00,0x00,0x00,0x00,0x00,0x00,0x00,0x00,
    0x00,0x00,0x00,0x00,0x00,0x00,0x00,0x00,0x00,0x00,0x00,0x00,0x00,0x00,0x00,0x00,0x00,0x00,0x00,0x00,0x00,0x00,0x00,0x00,0x00,0x00,0x00,0x00,0x00,0x00,0x00,0x00,
    0x00,0x00,0x00,0x00,0x00,0x00,0x00,0x00,0x00,0x00,0x00,0x00,0x00,0x00,0x00,0x00,0x00,0x00,0x00,0x00,0x00,0x00,0x00,0x00,0x00,0x00,0x00,0x00,0x00,0x00,0x00,0x00,
    0x00,0x00,0x00,0x00,0x00,0x00,0x00,0x00,0x00,0x00,0x00,0x00,0x00,0x00,0x00,0x00,0x00,0x00,0x00,0x00,0x00,0x00,0x00,0x00,0x00,0x00,0x00,0x00,0x00,0x00,0x00,0x00,
    0x00,0x00,0x00,0x00,0x00,0x00,0x00,0x00,0x00,0x00,0x00,0x00,0x00,0x00,0x00,0x00,0x00,0x00,0x00,0x00,0x00,0x00,0x00,0x00,0x00,0x00,0x00,0x00,0x00,0x00,0x00,0x00,
    0x00,0x00,0x00,0x00,0x00,0x00,0x00,0x00,0x00,0x00,0x00,0x00,0x00,0x00,0x00,0x00,0x00,0x00,0x00,0x00,0x00,0x00,0x00,0x00,0x00,0x00,0x00,0x00,0x00,0x00,0x00,0x00,
    0x00,0x00,0x00,0x00,0x00,0x00,0x00,0x00,0x00,0x00,0x00,0x00,0x00,0x00,0x00,0x00,0x00,0x00,0x00,0x00,0x00,0x00,0x00,0x00,0x00,0x00,0x00,0x00,0x00,0x00,0x00,0x00,
    0x00,0x00,0x00,0x00,0x00,0x00,0x00,0x00,0x00,0x00,0x00,0x00,0x00,0x00,0x00,0x00,0x00,0x00,0x00,0x00,0x00,0x00,0x00,0x00,0x00,0x00,0x00,0x00,0x00,0x00,0x00,0x00,
    0x00,0x00,0x00,0x00,0x00,0x00,0x00,0x00,0x00,0x00,0x00,0x00,0x00,0x00,0x00,0x00,0x00,0x00,0x00,0x00,0x00,0x00,0x00,0x00,0x00,0x00,0x00,0x00,0x00,0x00,0x00,0x00,
    0x00,0x00,0x00,0x00,0x00,0x00,0x00,0x00,0x00,0x00,0x00,0x00,0x00,0x00,0x00,0x00,0x00,0x00,0x01,0x01,0x01,0x01,0x01,0x01,0x01,0x02,0x02,0x02,0x02,0x01,0x01,0x01,
    0x01,0x01,0x01,0x01,0x01,0x00,0x00,0x00,0x00,0x00,0x00,0x00,0x00,0x00,0x00,0x00,0x00,0x00,0x00,0x00,0x00,0x00,0x00,0x00,0x00,0x00,0x00,0x00,0x00,0x00,0x00,0x00,
    0x00,0x00,0x00,0x00,0x00,0x00,0x00,0x00,0x00,0x00,0x00,0x00,0x00,0x00,0x00,0x00,0x00,0x00,0x00,0x00,0x00,0x00,0x00,0x00,0x00,0x00,0x00,0x00,0x00,0x00,0x00,0x00,
    0x00,0x00,0x00,0x00,0x01,0x01,0x01,0x02,0x01,0x01,0x00,0x00,0x00,0x00,0x00,0x00,0x00,0x00,0x00,0x00,0x00,0x00,0x00,0x00,0x00,0x00,0x00,0x00,0x00,0x01,0x02,0x02,
    0x02,0x01,0x01,0x00,0x00,0x00,0x00,0x00,0x00,0x00,0x00,0x00,0x00,0x00,0x00,0x00,0x00,0x00,0x00,0x00,0x00,0x00,0x00,0x00,0x00,0x00,0x00,0x00,0x00,0x00,0x00,0x00,
    0x00,0x00,0x00,0x00,0x00,0x00,0x00,0x00,0x00,0x00,0x00,0x00,0x00,0x00,0x00,0x00,0x00,0x00,0x00,0x00,0x00,0x00,0x00,0x00,0x01,0x02,0x02,0x01,0x00,0x00,0x00,0x00,
    0x00,0x00,0x0D,0x15,0x16,0x16,0x16,0x18,0x18,0x1A,0x1B,0x1B,0x1A,0x18,0x16,0x15,0x16,0x16,0x17,0x17,0x12,0x00,0x00,0x00,0x00,0x00,0x00,0x01,0x02,0x02,0x01,0x00,
    0x00,0x00,0x00,0x00,0x00,0x00,0x00,0x00,0x00,0x00,0x00,0x00,0x00,0x00,0x00,0x00,0x00,0x00,0x00,0x00,0x00,0x00,0x00,0x00,0x00,0x00,0x00,0x00,0x00,0x00,0x00,0x00,
    0x00,0x00,0x00,0x00,0x00,0x00,0x00,0x00,0x00,0x00,0x00,0x00,0x00,0x00,0x02,0x03,0x00,0x00,0x00,0x00,0x08,0x0B,0x13,0x1F,0x17,0x62,0xDA,0xE3,0xE6,0xE6,0xE7,0xE8,
    0xE9,0xEB,0xEC,0xEC,0xEB,0xE9,0xE6,0xE4,0xE6,0xE6,0xE7,0xE8,0xE0,0x61,0x1F,0x25,0x1F,0x15,0x0B,0x00,0x00,0x00,0x00,0x03,0x01,0x00,0x00,0x00,0x00,0x00,0x00,0x00,
    0x00,0x00,0x00,0x00,0x00,0x00,0x00,0x00,0x00,0x00,0x00,0x00,0x00,0x00,0x00,0x00,0x00,0x00,0x00,0x00,0x00,0x00,0x00,0x00,0x00,0x00,0x00,0x00,0x00,0x00,0x00,0x00,
    0x00,0x00,0x00,0x00,0x01,0x02,0x00,0x00,0x08,0x24,0x32,0xA1,0xD6,0xD5,0xDD,0xE8,0xE4,0xF8,0xFF,0xFF,0xFF,0xFF,0xFF,0xFF,0xFF,0xFF,0xFF,0xFF,0xFF,0xFF,0xFF,0xFF,
    0xFF,0xFF,0xFF,0xFF,0xFF,0xFA,0xEA,0xED,0xE9,0xDF,0xD8,0x97,0x36,0x33,0x10,0x00,0x00,0x03,0x01,0x00,0x00,0x00,0x00,0x00,0x00,0x00,0x00,0x00,0x00,0x00,0x00,0x00,
    0x00,0x00,0x00,0x00,0x00,0x00,0x00,0x00,0x00,0x00,0x00,0x00,0x00,0x00,0x00,0x00,0x00,0x00,0x00,0x00,0x00,0x00,0x00,0x00,0x00,0x00,0x01,0x03,0x00,0x00,0x20,0x4A,
    0xBB,0xEF,0xF6,0xFF,0xFF,0xFF,0xFF,0xFF,0xFF,0xFF,0xFD,0xFE,0xFE,0xFE,0xFE,0xFE,0xFE,0xFE,0xFE,0xFE,0xFE,0xFE,0xFE,0xFE,0xFE,0xFE,0xFE,0xFE,0xFD,0xFF,0xFF,0xFF,
    0xFF,0xFF,0xFF,0xFF,0xF9,0xF9,0xBB,0x41,0x0B,0x00,0x00,0x02,0x00,0x00,0x00,0x00,0x00,0x00,0x00,0x00,0x00,0x00,0x00,0x00,0x00,0x00,0x00,0x00,0x00,0x00,0x00,0x00,
    0x00,0x00,0x00,0x00,0x00,0x00,0x00,0x00,0x00,0x00,0x00,0x00,0x00,0x00,0x00,0x00,0x00,0x01,0x00,0x00,0x0C,0x68,0xE7,0xFF,0xFF,0xFF,0xFF,0xFD,0xFD,0xFD,0xFD,0xFE,
    0xFE,0xFE,0xFF,0xFF,0xFF,0xFF,0xFF,0xFF,0xFF,0xFF,0xFF,0xFF,0xFF,0xFF,0xFF,0xFF,0xFF,0xFF,0xFF,0xFF,0xFF,0xFE,0xFE,0xFE,0xFE,0xFD,0xFD,0xFD,0xFF,0xFF,0xFF,0xFF,
    0xCA,0x58,0x02,0x00,0x02,0x01,0x00,0x00,0x00,0x00,0x00,0x00,0x00,0x00,0x00,0x00,0x00,0x00,0x00,0x00,0x00,0x00,0x00,0x00,0x00,0x00,0x00,0x00,0x00,0x00,0x00,0x00,
    0x00,0x00,0x00,0x00,0x00,0x00,0x00,0x00,0x02,0x00,0x01,0x4C,0xCA,0xFF,0xFF,0xFE,0xFD,0xFE,0xFE,0xFF,0xFF,0xFF,0xFF,0xFF,0xFF,0xFF,0xFF,0xFF,0xFF,0xFF,0xFF,0xFF,
    0xFF,0xFF,0xFF,0xFF,0xFF,0xFF,0xFF,0xFF,0xFF,0xFF,0xFF,0xFF,0xFF,0xFF,0xFF,0xFF,0xFF,0xFF,0xFF,0xFF,0xFE,0xFE,0xFD,0xFE,0xFF,0xFF,0xB6,0x35,0x00,0x00,0x01,0x00,
    0x00,0x00,0x00,0x00,0x00,0x00,0x00,0x00,0x00,0x00,0x00,0x00,0x00,0x00,0x00,0x00,0x00,0x00,0x00,0x00,0x00,0x00,0x00,0x00,0x00,0x00,0x00,0x00,0x00,0x00,0x00,0x03,
    0x00,0x16,0xA6,0xFF,0xFF,0xFD,0xFE,0xFF,0xFF,0xFF,0xFF,0xFF,0xFF,0xFF,0xFF,0xFF,0xFF,0xFF,0xFF,0xFF,0xFF,0xFF,0xFF,0xFF,0xFF,0xFF,0xFF,0xFF,0xFF,0xFF,0xFF,0xFF,
    0xFF,0xFF,0xFF,0xFF,0xFF,0xFF,0xFF,0xFF,0xFF,0xFF,0xFF,0xFF,0xFF,0xFF,0xFF,0xFF,0xFD,0xFE,0xFF,0xF2,0x76,0x01,0x00,0x02,0x00,0x00,0x00,0x00,0x00,0x00,0x00,0x00,
    0x00,0x00,0x00,0x00,0x00,0x00,0x00,0x00,0x00,0x00,0x00,0x00,0x00,0x00,0x00,0x00,0x00,0x00,0x00,0x00,0x00,0x00,0x02,0x00,0x24,0xC7,0xFF,0xFE,0xFD,0xFF,0xFF,0xFF,
    0xFF,0xFF,0xFF,0xFF,0xFF,0xFF,0xFF,0xFF,0xFF,0xFF,0xFF,0xFF,0xFF,0xFF,0xFF,0xFF,0xFF,0xFF,0xFF,0xFF,0xFF,0xFF,0xFF,0xFF,0xFF,0xFF,0xFF,0xFF,0xFF,0xFF,0xFF,0xFF,
    0xFF,0xFF,0xFF,0xFF,0xFF,0xFF,0xFF,0xFF,0xFF,0xFF,0xFC,0xFF,0xFF,0xA3,0x09,0x00,0x01,0x00,0x00,0x00,0x00,0x00,0x00,0x00,0x00,0x00,0x00,0x00,0x00,0x00,0x00,0x00,
    0x00,0x00,0x00,0x00,0x00,0x00,0x00,0x00,0x00,0x00,0x00,0x00,0x00,0x01,0x00,0x2D,0xD3,0xFF,0xFC,0xFE,0xFF,0xFF,0xFF,0xFF,0xFF,0xFF,0xFF,0xFF,0xFF,0xFF,0xFF,0xFF,
    0xFF,0xFF,0xFF,0xFF,0xFF,0xFF,0xFF,0xFF,0xFF,0xFF,0xFF,0xFF,0xFF,0xFF,0xFF,0xFF,0xFF,0xFF,0xFF,0xFF,0xFF,0xFF,0xFF,0xFF,0xFF,0xFF,0xFF,0xFF,0xFF,0xFF,0xFF,0xFF,
    0xFF,0xFF,0xFF,0xFE,0xFD,0xFF,0xAF,0x17,0x01,0x01,0x00,0x00,0x00,0x00,0x00,0x00,0x00,0x00,0x00,0x00,0x00,0x00,0x00,0x00,0x00,0x00,0x00,0x00,0x00,0x00,0x00,0x00,
    0x00,0x00,0x00,0x00,0x01,0x01,0x1B,0xDA,0xFF,0xFC,0xFF,0xFF,0xFF,0xFF,0xFF,0xFF,0xFF,0xFF,0xFF,0xFF,0xFF,0xFF,0xFF,0xFF,0xFF,0xFF,0xFF,0xFF,0xFF,0xFF,0xFF,0xFF,
    0xFF,0xFF,0xFF,0xFF,0xFF,0xFF,0xFF,0xFF,0xFF,0xFF,0xFF,0xFF,0xFF,0xFF,0xFF,0xFF,0xFF,0xFF,0xFF,0xFF,0xFF,0xFF,0xFF,0xFF,0xFF,0xFF,0xFF,0xFF,0xFF,0xFB,0xFF,0xA8,
    0x03,0x01,0x00,0x00,0x00,0x00,0x00,0x00,0x00,0x00,0x00,0x00,0x00,0x00,0x00,0x00,0x00,0x00,0x00,0x00,0x00,0x00,0x00,0x00,0x00,0x00,0x00,0x00,0x02,0x00,0x89,0xFF,
    0xFB,0xFF,0xFF,0xFF,0xFF,0xFF,0xFF,0xFF,0xFF,0xFF,0xFF,0xFF,0xFF,0xFF,0xFF,0xFF,0xFF,0xFF,0xFF,0xFF,0xFF,0xFF,0xFF,0xFF,0xFF,0xFF,0xFF,0xFF,0xFF,0xFF,0xFF,0xFF,
    0xFF,0xFF,0xFF,0xFF,0xFF,0xFF,0xFF,0xFF,0xFF,0xFF,0xFF,0xFF,0xFF,0xFF,0xFF,0xFF,0xFF,0xFF,0xFF,0xFF,0xFF,0xFE,0xFC,0xFC,0x4F,0x00,0x03,0x00,0x00,0x00,0x00,0x00,
    0x00,0x00,0x00,0x00,0x00,0x00,0x00,0x00,0x00,0x00,0x00,0x00,0x00,0x00,0x00,0x00,0x00,0x00,0x00,0x01,0x00,0x0F,0xD4,0xFE,0xFD,0xFF,0xFF,0xFF,0xFF,0xFF,0xFF,0xFF,
    0xFF,0xFF,0xFF,0xFF,0xFF,0xFF,0xFF,0xFF,0xFF,0xFF,0xFF,0xFF,0xFF,0xFF,0xFF,0xFF,0xFF,0xFF,0xFF,0xFF,0xFF,0xFF,0xFF,0xFF,0xFF,0xFF,0xFF,0xFF,0xFF,0xFF,0xFF,0xFF,
    0xFF,0xFF,0xFF,0xFF,0xFF,0xFF,0xFF,0xFF,0xFF,0xFF,0xFF,0xFF,0xFF,0xFF,0xFC,0xFF,0xB6,0x01,0x01,0x00,0x00,0x00,0x00,0x00,0x00,0x00,0x00,0x00,0x00,0x00,0x00,0x00,
    0x00,0x00,0x00,0x00,0x00,0x00,0x00,0x00,0x00,0x00,0x00,0x03,0x00,0x46,0xFB,0xFF,0xFE,0xFF,0xFF,0xFF,0xFF,0xFF,0xFF,0xFF,0xFF,0xFF,0xFF,0xFF,0xFF,0xFF,0xFF,0xFF,
    0xFF,0xFF,0xFF,0xFF,0xFF,0xFF,0xFF,0xFF,0xFF,0xFF,0xFF,0xFF,0xFF,0xFF,0xFF,0xFF,0xFF,0xFF,0xFF,0xFF,0xFF,0xFF,0xFF,0xFF,0xFF,0xFF,0xFF,0xFF,0xFF,0xFF,0xFF,0xFF,
    0xFF,0xFF,0xFF,0xFF,0xFF,0xFF,0xFE,0xFE,0xF5,0x32,0x00,0x02,0x00,0x00,0x00,0x00,0x00,0x00,0x00,0x00,0x00,0x00,0x00,0x00,0x00,0x00,0x00,0x00,0x00,0x00,0x00,0x00,
    0x00,0x00,0x00,0x03,0x00,0x68,0xFF,0xFD,0xFF,0xFF,0xFF,0xFF,0xFF,0xFF,0xFF,0xFF,0xFF,0xFF,0xFF,0xFF,0xFF,0xFF,0xFF,0xFF,0xFF,0xFF,0xFF,0xFF,0xFF,0xFF,0xFF,0xFF,
    0xFF,0xFF,0xFF,0xFF,0xFF,0xFF,0xFF,0xFF,0xFF,0xFF,0xFF,0xFF,0xFF,0xFF,0xFF,0xFF,0xFF,0xFF,0xFF,0xFF,0xFF,0xFF,0xFF,0xFF,0xFF,0xFF,0xFF,0xFF,0xFF,0xFF,0xFF,0xFD,
    0xFF,0x71,0x00,0x03,0x00,0x00,0x00,0x00,0x00,0x00,0x00,0x00,0x00,0x00,0x00,0x00,0x00,0x00,0x00,0x00,0x00,0x00,0x00,0x00,0x00,0x00,0x00,0x01,0x00,0xA9,0xFF,0xFC,
    0xFF,0xFF,0xFF,0xFF,0xFF,0xFF,0xFF,0xFF,0xFF,0xFF,0xFF,0xFF,0xFF,0xFF,0xFF,0xFF,0xFF,0xFF,0xFF,0xFF,0xFF,0xFF,0xFF,0xFF,0xFF,0xFF,0xFF,0xFF,0xFF,0xFF,0xFF,0xFF,
    0xFF,0xFF,0xFF,0xFF,0xFF,0xFF,0xFF,0xFF,0xFF,0xFF,0xFF,0xFF,0xFF,0xFF,0xFF,0xFF,0xFF,0xFF,0xFF,0xFF,0xFF,0xFF,0xFF,0xFC,0xFF,0xA3,0x00,0x01,0x00,0x00,0x00,0x00,
    0x00,0x00,0x00,0x00,0x00,0x00,0x00,0x00,0x00,0x00,0x00,0x00,0x00,0x00,0x00,0x00,0x00,0x00,0x01,0x00,0x25,0xF0,0xFF,0xFE,0xFF,0xFF,0xFF,0xFF,0xFF,0xFF,0xFF,0xFF,
    0xFF,0xFF,0xFF,0xFF,0xFF,0xFF,0xFF,0xFF,0xFF,0xFF,0xFF,0xFF,0xFF,0xFF,0xFF,0xFF,0xFF,0xFF,0xFF,0xFF,0xFF,0xFF,0xFF,0xFF,0xFF,0xFF,0xFF,0xFF,0xFF,0xFF,0xFF,0xFF,
    0xFF,0xFF,0xFF,0xFF,0xFF,0xFF,0xFF,0xFF,0xFF,0xFF,0xFF,0xFF,0xFF,0xFF,0xFF,0xFD,0xFF,0xDB,0x15,0x00,0x01,0x00,0x00,0x00,0x00,0x00,0x00,0x00,0x00,0x00,0x00,0x00,
    0x00,0x00,0x00,0x00,0x00,0x00,0x00,0x00,0x00,0x00,0x03,0x00,0x50,0xFF,0xFE,0xFF,0xFF,0xFF,0xFF,0xFF,0xFF,0xFF,0xFF,0xFF,0xFF,0xFF,0xFF,0xFF,0xFF,0xFF,0xFF,0xFF,
    0xFF,0xFF,0xFF,0xFF,0xFF,0xFF,0xFF,0xFF,0xFF,0xFF,0xFF,0xFF,0xFF,0xFF,0xFF,0xFF,0xFF,0xFF,0xFF,0xFF,0xFF,0xFF,0xFF,0xFF,0xFF,0xFF,0xFF,0xFF,0xFF,0xFF,0xFF,0xFF,
    0xFF,0xFF,0xFF,0xFF,0xFF,0xFF,0xFF,0xFE,0xFF,0xEF,0x26,0x00,0x02,0x00,0x00,0x00,0x00,0x00,0x00,0x00,0x00,0x00,0x00,0x00,0x00,0x00,0x00,0x00,0x00,0x00,0x00,0x00,
    0x00,0x00,0x03,0x00,0x7E,0xFF,0xFD,0xFF,0xFF,0xFF,0xFF,0xFF,0xFF,0xFF,0xFF,0xFF,0xFF,0xFF,0xFF,0xFF,0xFF,0xFF,0xFF,0xFF,0xFF,0xFF,0xFF,0xFF,0xFF,0xFF,0xFF,0xFF,
    0xFF,0xFF,0xFF,0xFF,0xFF,0xFF,0xFF,0xFF,0xFF,0xFF,0xFF,0xFF,0xFF,0xFF,0xFF,0xFF,0xFF,0xFF,0xFF,0xFF,0xFF,0xFF,0xFF,0xFF,0xFF,0xFF,0xFF,0xFF,0xFF,0xFF,0xFF,0xFE,
    0xFE,0xFD,0x58,0x00,0x03,0x00,0x00,0x00,0x00,0x00,0x00,0x00,0x00,0x00,0x00,0x00,0x00,0x00,0x00,0x00,0x00,0x00,0x00,0x00,0x00,0x00,0x00,0x00,0xB4,0xFF,0xFC,0xFF,
    0xFF,0xFF,0xFF,0xFF,0xFF,0xFF,0xFF,0xFF,0xFF,0xFF,0xFF,0xFF,0xFF,0xFF,0xFF,0xFF,0xFF,0xFF,0xFF,0xFF,0xFF,0xFF,0xFF,0xFF,0xFF,0xFF,0xFF,0xFF,0xFF,0xFF,0xFF,0xFF,
    0xFF,0xFF,0xFF,0xFF,0xFF,0xFF,0xFF,0xFF,0xFF,0xFF,0xFF,0xFF,0xFF,0xFF,0xFF,0xFF,0xFF,0xFF,0xFF,0xFF,0xFF,0xFF,0xFF,0xFF,0xFC,0xFF,0x92,0x00,0x03,0x00,0x00,0x00,
    0x00,0x00,0x00,0x00,0x00,0x00,0x00,0x00,0x00,0x00,0x00,0x00,0x00,0x00,0x00,0x00,0x00,0x01,0x00,0x05,0xC6,0xFF,0xFD,0xFF,0xFF,0xFF,0xFF,0xFF,0xFF,0xFF,0xFF,0xFF,
    0xFF,0xFF,0xFF,0xFF,0xFF,0xFF,0xFF,0xFF,0xFF,0xFF,0xFF,0xFF,0xFF,0xFF,0xFF,0xFF,0xFF,0xFF,0xFF,0xFF,0xFF,0xFF,0xFF,0xFF,0xFF,0xFF,0xFF,0xFF,0xFF,0xFF,0xFF,0xFF,
    0xFF,0xFF,0xFF,0xFF,0xFF,0xFF,0xFF,0xFF,0xFF,0xFF,0xFF,0xFF,0xFF,0xFF,0xFF,0xFF,0xFC,0xFF,0x98,0x01,0x03,0x00,0x00,0x00,0x00,0x00,0x00,0x00,0x00,0x00,0x00,0x00,
    0x00,0x00,0x00,0x00,0x00,0x00,0x00,0x00,0x00,0x01,0x00,0x10,0xDB,0xFF,0xFD,0xFF,0xFF,0xFF,0xFF,0xFF,0xFF,0xFF,0xFF,0xFF,0xFF,0xFF,0xFF,0xFF,0xFF,0xFF,0xFF,0xFF,
    0xFF,0xFF,0xFF,0xFF,0xFF,0xFF,0xFF,0xFF,0xFF,0xFF,0xFF,0xFF,0xFF,0xFF,0xFF,0xFF,0xFF,0xFF,0xFF,0xFF,0xFF,0xFF,0xFF,0xFF,0xFF,0xFF,0xFF,0xFF,0xFF,0xFF,0xFF,0xFF,
    0xFF,0xFF,0xFF,0xFF,0xFF,0xFF,0xFF,0xFF,0xFC,0xFF,0xA3,0x00,0x02,0x00,0x00,0x00,0x00,0x00,0x00,0x00,0x00,0x00,0x00,0x00,0x00,0x00,0x00,0x00,0x00,0x00,0x00,0x00,
    0x00,0x03,0x00,0x64,0xFD,0xFD,0xFF,0xFF,0xFF,0xFF,0xFF,0xFF,0xFF,0xFF,0xFF,0xFF,0xFF,0xFF,0xFF,0xFF,0xFF,0xFF,0xFF,0xFF,0xFF,0xFF,0xFF,0xFF,0xFF,0xFF,0xFF,0xFF,
    0xFF,0xFF,0xFF,0xFF,0xFF,0xFF,0xFF,0xFF,0xFF,0xFF,0xFF,0xFF,0xFF,0xFF,0xFF,0xFF,0xFF,0xFF,0xFF,0xFF,0xFF,0xFF,0xFF,0xFF,0xFF,0xFF,0xFF,0xFF,0xFF,0xFF,0xFF,0xFF,
    0xFE,0xFF,0xE9,0x2D,0x00,0x02,0x00,0x00,0x00,0x00,0x00,0x00,0x00,0x00,0x00,0x00,0x00,0x00,0x00,0x00,0x00,0x00,0x00,0x00,0x00,0x03,0x00,0xA2,0xFF,0xFC,0xFF,0xFF,
    0xFF,0xFF,0xFF,0xFF,0xFF,0xFF,0xFF,0xFF,0xFF,0xFF,0xFF,0xFF,0xFF,0xFF,0xFF,0xFF,0xFF,0xFF,0xFF,0xFF,0xFF,0xFF,0xFF,0xFF,0xFF,0xFF,0xFF,0xFF,0xFF,0xFF,0xFF,0xFF,
    0xFF,0xFF,0xFF,0xFF,0xFF,0xFF,0xFF,0xFF,0xFF,0xFF,0xFF,0xFF,0xFF,0xFF,0xFF,0xFF,0xFF,0xFF,0xFF,0xFF,0xFF,0xFF,0xFF,0xFF,0xFF,0xFF,0xFF,0x50,0x00,0x03,0x00,0x00,
    0x00,0x00,0x00,0x00,0x00,0x00,0x00,0x00,0x00,0x00,0x00,0x00,0x00,0x00,0x00,0x00,0x00,0x02,0x02,0xA9,0xFF,0xFC,0xFF,0xFF,0xFF,0xFF,0xFF,0xFF,0xFF,0xFF,0xFF,0xFF,
    0xFF,0xFF,0xFF,0xFF,0xFF,0xFF,0xFF,0xFF,0xFF,0xFF,0xFF,0xFF,0xFF,0xFF,0xFF,0xFF,0xFF,0xFF,0xFF,0xFF,0xFF,0xFF,0xFF,0xFF,0xFF,0xFF,0xFF,0xFF,0xFF,0xFF,0xFF,0xFF,
    0xFF,0xFF,0xFF,0xFF,0xFF,0xFF,0xFF,0xFF,0xFF,0xFF,0xFF,0xFF,0xFF,0xFF,0xFF,0xFF,0xFF,0xFF,0xFE,0x50,0x02,0x03,0x00,0x00,0x00,0x00,0x00,0x00,0x00,0x00,0x00,0x00,
    0x00,0x00,0x00,0x00,0x00,0x00,0x00,0x00,0x00,0x01,0x00,0xB1,0xFF,0xFC,0xFF,0xFF,0xFF,0xFF,0xFF,0xFF,0xFF,0xFF,0xFF,0xFF,0xFF,0xFF,0xFF,0xFF,0xFF,0xFF,0xFF,0xFF,
    0xFF,0xFF,0xFF,0xFF,0xFF,0xFF,0xFF,0xFF,0xFF,0xFF,0xFF,0xFF,0xFF,0xFF,0xFF,0xFF,0xFF,0xFF,0xFF,0xFF,0xFF,0xFF,0xFF,0xFF,0xFF,0xFF,0xFF,0xFF,0xFF,0xFF,0xFF,0xFF,
    0xFF,0xFF,0xFF,0xFF,0xFF,0xFF,0xFF,0xFF,0xFF,0xFE,0xFF,0x52,0x00,0x03,0x00,0x00,0x00,0x00,0x00,0x00,0x00,0x00,0x00,0x00,0x00,0x00,0x00,0x00,0x00,0x00,0x00,0x00,
    0x01,0x00,0x62,0xED,0xFE,0xFE,0xFF,0xFF,0xFF,0xFF,0xFF,0xFF,0xFF,0xFF,0xFF,0xFF,0xFF,0xFF,0xFF,0xFF,0xFF,0xFF,0xFF,0xFF,0xFF,0xFF,0xFF,0xFF,0xFF,0xFF,0xFF,0xFF,
    0xFF,0xFF,0xFF,0xFF,0xFF,0xFF,0xFF,0xFF,0xFF,0xFF,0xFF,0xFF,0xFF,0xFF,0xFF,0xFF,0xFF,0xFF,0xFF,0xFF,0xFF,0xFF,0xFF,0xFF,0xFF,0xFF,0xFF,0xFF,0xFF,0xFF,0xFF,0xFF,
    0xFF,0xFE,0xFF,0xBD,0x2E,0x00,0x01,0x00,0x00,0x00,0x00,0x00,0x00,0x00,0x00,0x00,0x00,0x00,0x00,0x00,0x00,0x00,0x00,0x01,0x00,0x03,0xD5,0xFF,0xFD,0xFF,0xFF,0xFF,
    0xFF,0xFF,0xFF,0xFF,0xFF,0xFF,0xFF,0xFF,0xFF,0xFF,0xFF,0xFF,0xFF,0xFF,0xFF,0xFF,0xFF,0xFF,0xFF,0xFF,0xFF,0xFF,0xFF,0xFF,0xFF,0xFF,0xFF,0xFF,0xFF,0xFF,0xFF,0xFF,
    0xFF,0xFF,0xFF,0xFF,0xFF,0xFF,0xFF,0xFF,0xFF,0xFF,0xFF,0xFF,0xFF,0xFF,0xFF,0xFF,0xFF,0xFF,0xFF,0xFF,0xFF,0xFF,0xFF,0xFF,0xFF,0xFF,0xFD,0xFF,0x86,0x00,0x03,0x00,
    0x00,0x00,0x00,0x00,0x00,0x00,0x00,0x00,0x00,0x00,0x00,0x00,0x00,0x00,0x00,0x01,0x00,0x05,0xD1,0xFE,0xFD,0xFF,0xFF,0xFF,0xFF,0xFF,0xFF,0xFF,0xFF,0xFF,0xFF,0xFF,
    0xFF,0xFF,0xFF,0xFF,0xFF,0xFF,0xFF,0xFF,0xFF,0xFF,0xFF,0xFF,0xFF,0xFF,0xFF,0xFF,0xFF,0xFF,0xFF,0xFF,0xFF,0xFF,0xFF,0xFF,0xFF,0xFF,0xFF,0xFF,0xFF,0xFF,0xFF,0xFF,
    0xFF,0xFF,0xFF,0xFF,0xFF,0xFF,0xFF,0xFF,0xFF,0xFF,0xFF,0xFF,0xFF,0xFF,0xFF,0xFF,0xFF,0xFF,0xFC,0xFD,0x85,0x00,0x03,0x00,0x00,0x00,0x00,0x00,0x00,0x00,0x00,0x00,
    0x00,0x00,0x00,0x00,0x00,0x00,0x00,0x01,0x00,0x06,0xD6,0xFF,0xFD,0xFF,0xFF,0xFF,0xFF,0xFF,0xFF,0xFF,0xFF,0xFF,0xFF,0xFF,0xFF,0xFF,0xFF,0xFF,0xFF,0xFF,0xFF,0xFF,
    0xFF,0xFF,0xFF,0xFF,0xFF,0xFF,0xFF,0xFF,0xFF,0xFF,0xFF,0xFF,0xFF,0xFF,0xFF,0xFF,0xFF,0xFF,0xFF,0xFF,0xFF,0xFF,0xFF,0xFF,0xFF,0xFF,0xFF,0xFF,0xFF,0xFF,0xFF,0xFF,
    0xFF,0xFF,0xFF,0xFF,0xFF,0xFF,0xFF,0xFF,0xFF,0xFF,0xFC,0xFF,0x85,0x00,0x03,0x00,0x00,0x00,0x00,0x00,0x00,0x00,0x00,0x00,0x00,0x00,0x00,0x00,0x00,0x00,0x00,0x01,
    0x00,0x06,0xD6,0xFF,0xFD,0xFF,0xFF,0xFF,0xFF,0xFF,0xFF,0xFF,0xFF,0xFF,0xFF,0xFF,0xFF,0xFF,0xFF,0xFF,0xFF,0xFF,0xFF,0xFF,0xFF,0xFF,0xFF,0xFF,0xFF,0xFF,0xFF,0xFF,
    0xFF,0xFF,0xFF,0xFF,0xFF,0xFF,0xFF,0xFF,0xFF,0xFF,0xFF,0xFF,0xFF,0xFF,0xFF,0xFF,0xFF,0xFF,0xFF,0xFF,0xFF,0xFF,0xFF,0xFF,0xFF,0xFF,0xFF,0xFF,0xFF,0xFF,0xFF,0xFF,
    0xFF,0xFF,0xFC,0xFF,0x85,0x00,0x03,0x00,0x00,0x00,0x00,0x00,0x00,0x00,0x00,0x00,0x00,0x00,0x00,0x00,0x00,0x00,0x00,0x01,0x00,0x06,0xD5,0xFF,0xFD,0xFF,0xFF,0xFF,
    0xFF,0xFF,0xFF,0xFF,0xFF,0xFF,0xFF,0xFF,0xFF,0xFF,0xFF,0xFF,0xFF,0xFF,0xFF,0xFF,0xFF,0xFF,0xFF,0xFF,0xFF,0xFF,0xFF,0xFF,0xFF,0xFF,0xFF,0xFF,0xFF,0xFF,0xFF,0xFF,
    0xFF,0xFF,0xFF,0xFF,0xFF,0xFF,0xFF,0xFF,0xFF,0xFF,0xFF,0xFF,0xFF,0xFF,0xFF,0xFF,0xFF,0xFF,0xFF,0xFF,0xFF,0xFF,0xFF,0xFF,0xFF,0xFF,0xFC,0xFF,0x85,0x00,0x03,0x00,
    0x00,0x00,0x00,0x00,0x00,0x00,0x00,0x00,0x00,0x00,0x00,0x00,0x00,0x00,0x00,0x01,0x00,0x06,0xD5,0xFF,0xFD,0xFF,0xFF,0xFF,0xFF,0xFF,0xFF,0xFF,0xFF,0xFF,0xFF,0xFF,
    0xFF,0xFF,0xFF,0xFF,0xFF,0xFF,0xFF,0xFF,0xFF,0xFF,0xFF,0xFF,0xFF,0xFF,0xFF,0xFF,0xFF,0xFF,0xFF,0xFF,0xFF,0xFF,0xFF,0xFF,0xFF,0xFF,0xFF,0xFF,0xFF,0xFF,0xFF,0xFF,
    0xFF,0xFF,0xFF,0xFF,0xFF,0xFF,0xFF,0xFF,0xFF,0xFF,0xFF,0xFF,0xFF,0xFF,0xFF,0xFF,0xFF,0xFF,0xFC,0xFF,0x85,0x00,0x03,0x00,0x00,0x00,0x00,0x00,0x00,0x00,0x00,0x00,
    0x00,0x00,0x00,0x00,0x00,0x00,0x00,0x01,0x00,0x05,0xD4,0xFF,0xFD,0xFF,0xFF,0xFF,0xFF,0xFF,0xFF,0xFF,0xFF,0xFF,0xFF,0xFF,0xFF,0xFF,0xFF,0xFF,0xFF,0xFF,0xFF,0xFF,
    0xFF,0xFF,0xFF,0xFF,0xFF,0xFF,0xFF,0xFF,0xFF,0xFF,0xFF,0xFF,0xFF,0xFF,0xFF,0xFF,0xFF,0xFF,0xFF,0xFF,0xFF,0xFF,0xFF,0xFF,0xFF,0xFF,0xFF,0xFF,0xFF,0xFF,0xFF,0xFF,
    0xFF,0xFF,0xFF,0xFF,0xFF,0xFF,0xFF,0xFF,0xFF,0xFF,0xFC,0xFF,0x85,0x00,0x03,0x00,0x00,0x00,0x00,0x00,0x00,0x00,0x00,0x00,0x00,0x00,0x00,0x00,0x00,0x00,0x00,0x01,
    0x00,0x04,0xD1,0xFF,0xFD,0xFF,0xFF,0xFF,0xFF,0xFF,0xFF,0xFF,0xFF,0xFF,0xFF,0xFF,0xFF,0xFF,0xFF,0xFF,0xFF,0xFF,0xFF,0xFF,0xFF,0xFF,0xFF,0xFF,0xFF,0xFF,0xFF,0xFF,
    0xFF,0xFF,0xFF,0xFF,0xFF,0xFF,0xFF,0xFF,0xFF,0xFF,0xFF,0xFF,0xFF,0xFF,0xFF,0xFF,0xFF,0xFF,0xFF,0xFF,0xFF,0xFF,0xFF,0xFF,0xFF,0xFF,0xFF,0xFF,0xFF,0xFF,0xFF,0xFF,
    0xFF,0xFF,0xFC,0xFF,0x87,0x00,0x03,0x00,0x00,0x00,0x00,0x00,0x00,0x00,0x00,0x00,0x00,0x00,0x00,0x00,0x00,0x00,0x00,0x01,0x00,0x04,0xCF,0xFF,0xFD,0xFF,0xFF,0xFF,
    0xFF,0xFF,0xFF,0xFF,0xFF,0xFF,0xFF,0xFF,0xFF,0xFF,0xFF,0xFF,0xFF,0xFF,0xFF,0xFF,0xFF,0xFF,0xFF,0xFF,0xFF,0xFF,0xFF,0xFF,0xFF,0xFF,0xFF,0xFF,0xFF,0xFF,0xFF,0xFF,
    0xFF,0xFF,0xFF,0xFF,0xFF,0xFF,0xFF,0xFF,0xFF,0xFF,0xFF,0xFF,0xFF,0xFF,0xFF,0xFF,0xFF,0xFF,0xFF,0xFF,0xFF,0xFF,0xFF,0xFF,0xFF,0xFF,0xFC,0xFF,0x87,0x00,0x03,0x00,
    0x00,0x00,0x00,0x00,0x00,0x00,0x00,0x00,0x00,0x00,0x00,0x00,0x00,0x00,0x00,0x01,0x00,0x04,0xCF,0xFF,0xFD,0xFF,0xFF,0xFF,0xFF,0xFF,0xFF,0xFF,0xFF,0xFF,0xFF,0xFF,
    0xFF,0xFF,0xFF,0xFF,0xFF,0xFF,0xFF,0xFF,0xFF,0xFF,0xFF,0xFF,0xFF,0xFF,0xFF,0xFF,0xFF,0xFF,0xFF,0xFF,0xFF,0xFF,0xFF,0xFF,0xFF,0xFF,0xFF,0xFF,0xFF,0xFF,0xFF,0xFF,
    0xFF,0xFF,0xFF,0xFF,0xFF,0xFF,0xFF,0xFF,0xFF,0xFF,0xFF,0xFF,0xFF,0xFF,0xFF,0xFF,0xFF,0xFF,0xFC,0xFE,0x85,0x00,0x03,0x00,0x00,0x00,0x00,0x00,0x00,0x00,0x00,0x00,
    0x00,0x00,0x00,0x00,0x00,0x00,0x00,0x01,0x00,0x04,0xD5,0xFF,0xFD,0xFF,0xFF,0xFF,0xFF,0xFF,0xFF,0xFF,0xFF,0xFF,0xFF,0xFF,0xFF,0xFF,0xFF,0xFF,0xFF,0xFF,0xFF,0xFF,
    0xFF,0xFF,0xFF,0xFF,0xFF,0xFF,0xFF,0xFF,0xFF,0xFF,0xFF,0xFF,0xFF,0xFF,0xFF,0xFF,0xFF,0xFF,0xFF,0xFF,0xFF,0xFF,0xFF,0xFF,0xFF,0xFF,0xFF,0xFF,0xFF,0xFF,0xFF,0xFF,
    0xFF,0xFF,0xFF,0xFF,0xFF,0xFF,0xFF,0xFF,0xFF,0xFF,0xFC,0xFF,0x81,0x00,0x03,0x00,0x00,0x00,0x00,0x00,0x00,0x00,0x00,0x00,0x00,0x00,0x00,0x00,0x00,0x00,0x00,0x01,
    0x00,0x01,0xB0,0xFF,0xFD,0xFF,0xFF,0xFF,0xFF,0xFF,0xFF,0xFF,0xFF,0xFF,0xFF,0xFF,0xFF,0xFF,0xFF,0xFF,0xFF,0xFF,0xFF,0xFF,0xFF,0xFF,0xFF,0xFF,0xFF,0xFF,0xFF,0xFF,
    0xFF,0xFF,0xFF,0xFF,0xFF,0xFF,0xFF,0xFF,0xFF,0xFF,0xFF,0xFF,0xFF,0xFF,0xFF,0xFF,0xFF,0xFF,0xFF,0xFF,0xFF,0xFF,0xFF,0xFF,0xFF,0xFF,0xFF,0xFF,0xFF,0xFF,0xFF,0xFF,
    0xFF,0xFF,0xFE,0xF0,0x4E,0x00,0x03,0x00,0x00,0x00,0x00,0x00,0x00,0x00,0x00,0x00,0x00,0x00,0x00,0x00,0x00,0x00,0x00,0x00,0x00,0x01,0x13,0xC2,0xFF,0xFD,0xFF,0xFF,
    0xFF,0xFF,0xFF,0xFF,0xFF,0xFF,0xFF,0xFF,0xFF,0xFF,0xFF,0xFF,0xFF,0xFF,0xFF,0xFF,0xFF,0xFF,0xFF,0xFF,0xFF,0xFF,0xFF,0xFF,0xFF,0xFF,0xFF,0xFF,0xFF,0xFF,0xFF,0xFF,
    0xFF,0xFF,0xFF,0xFF,0xFF,0xFF,0xFF,0xFF,0xFF,0xFF,0xFF,0xFF,0xFF,0xFF,0xFF,0xFF,0xFF,0xFF,0xFF,0xFF,0xFF,0xFF,0xFF,0xFF,0xFF,0xFE,0xFF,0x69,0x00,0x02,0x00,0x00,
    0x00,0x00,0x00,0x00,0x00,0x00,0x00,0x00,0x00,0x00,0x00,0x00,0x00,0x00,0x00,0x00,0x00,0x03,0x00,0xA9,0xFF,0xFC,0xFF,0xFF,0xFF,0xFF,0xFF,0xFF,0xFF,0xFF,0xFF,0xFF,
    0xFF,0xFF,0xFF,0xFF,0xFF,0xFF,0xFF,0xFF,0xFF,0xFF,0xFF,0xFF,0xFF,0xFF,0xFF,0xFF,0xFF,0xFF,0xFF,0xFF,0xFF,0xFF,0xFF,0xFF,0xFF,0xFF,0xFF,0xFF,0xFF,0xFF,0xFF,0xFF,
    0xFF,0xFF,0xFF,0xFF,0xFF,0xFF,0xFF,0xFF,0xFF,0xFF,0xFF,0xFF,0xFF,0xFF,0xFF,0xFF,0xFF,0xFE,0xFF,0x4C,0x00,0x03,0x00,0x00,0x00,0x00,0x00,0x00,0x00,0x00,0x00,0x00,
    0x00,0x00,0x00,0x00,0x00,0x00,0x00,0x00,0x00,0x03,0x01,0xAA,0xFF,0xFC,0xFF,0xFF,0xFF,0xFF,0xFF,0xFF,0xFF,0xFF,0xFF,0xFF,0xFF,0xFF,0xFF,0xFF,0xFF,0xFF,0xFF,0xFF,
    0xFF,0xFF,0xFF,0xFF,0xFF,0xFF,0xFF,0xFF,0xFF,0xFF,0xFF,0xFF,0xFF,0xFF,0xFF,0xFF,0xFF,0xFF,0xFF,0xFF,0xFF,0xFF,0xFF,0xFF,0xFF,0xFF,0xFF,0xFF,0xFF,0xFF,0xFF,0xFF,
    0xFF,0xFF,0xFF,0xFF,0xFF,0xFF,0xFF,0xFF,0xFF,0xFF,0xFF,0x4F,0x00,0x03,0x00,0x00,0x00,0x00,0x00,0x00,0x00,0x00,0x00,0x00,0x00,0x00,0x00,0x00,0x00,0x00,0x00,0x00,
    0x00,0x02,0x00,0xA9,0xFF,0xFC,0xFF,0xFF,0xFF,0xFF,0xFF,0xFF,0xFF,0xFF,0xFF,0xFF,0xFF,0xFF,0xFF,0xFF,0xFF,0xFF,0xFF,0xFF,0xFF,0xFF,0xFF,0xFF,0xFF,0xFF,0xFF,0xFF,
    0xFF,0xFF,0xFF,0xFF,0xFF,0xFF,0xFF,0xFF,0xFF,0xFF,0xFF,0xFF,0xFF,0xFF,0xFF,0xFF,0xFF,0xFF,0xFF,0xFF,0xFF,0xFF,0xFF,0xFF,0xFF,0xFF,0xFF,0xFF,0xFF,0xFF,0xFF,0xFF,
    0xFE,0xFF,0xFE,0x48,0x00,0x03,0x00,0x00,0x00,0x00,0x00,0x00,0x00,0x00,0x00,0x00,0x00,0x00,0x00,0x00,0x00,0x00,0x00,0x00,0x00,0x02,0x00,0xAA,0xFF,0xFC,0xFF,0xFF,
    0xFF,0xFF,0xFF,0xFF,0xFF,0xFF,0xFF,0xFF,0xFF,0xFF,0xFF,0xFF,0xFF,0xFF,0xFF,0xFF,0xFF,0xFF,0xFF,0xFF,0xFF,0xFF,0xFF,0xFF,0xFF,0xFF,0xFF,0xFF,0xFF,0xFF,0xFF,0xFF,
    0xFF,0xFF,0xFF,0xFF,0xFF,0xFF,0xFF,0xFF,0xFF,0xFF,0xFF,0xFF,0xFF,0xFF,0xFF,0xFF,0xFF,0xFF,0xFF,0xFF,0xFF,0xFF,0xFF,0xFF,0xFE,0xFF,0xFD,0x44,0x00,0x02,0x00,0x00,
    0x00,0x00,0x00,0x00,0x00,0x00,0x00,0x00,0x00,0x00,0x00,0x00,0x00,0x00,0x00,0x00,0x00,0x02,0x00,0xAA,0xFF,0xFC,0xFF,0xFF,0xFF,0xFF,0xFF,0xFF,0xFF,0xFF,0xFF,0xFF,
    0xFF,0xFF,0xFF,0xFF,0xFF,0xFF,0xFF,0xFF,0xFF,0xFF,0xFF,0xFF,0xFF,0xFF,0xFF,0xFF,0xFF,0xFF,0xFF,0xFF,0xFF,0xFF,0xFF,0xFF,0xFF,0xFF,0xFF,0xFF,0xFF,0xFF,0xFF,0xFF,
    0xFF,0xFF,0xFF,0xFF,0xFF,0xFF,0xFF,0xFF,0xFF,0xFF,0xFF,0xFF,0xFF,0xFF,0xFF,0xFF,0xFE,0xFF,0xFC,0x41,0x00,0x02,0x00,0x00,0x00,0x00,0x00,0x00,0x00,0x00,0x00,0x00,
    0x00,0x00,0x00,0x00,0x00,0x00,0x00,0x00,0x00,0x03,0x00,0xA8,0xFF,0xFC,0xFF,0xFF,0xFF,0xFF,0xFF,0xFF,0xFF,0xFF,0xFF,0xFF,0xFF,0xFF,0xFF,0xFF,0xFF,0xFF,0xFF,0xFF,
    0xFF,0xFF,0xFF,0xFF,0xFF,0xFF,0xFF,0xFF,0xFF,0xFF,0xFF,0xFF,0xFF,0xFF,0xFF,0xFF,0xFF,0xFF,0xFF,0xFF,0xFF,0xFF,0xFF,0xFF,0xFF,0xFF,0xFF,0xFF,0xFF,0xFF,0xFF,0xFF,
    0xFF,0xFF,0xFF,0xFF,0xFF,0xFF,0xFF,0xFF,0xFE,0xFF,0xFB,0x40,0x00,0x02,0x00,0x00,0x00,0x00,0x00,0x00,0x00,0x00,0x00,0x00,0x00,0x00,0x00,0x00,0x00,0x00,0x00,0x00,
    0x00,0x02,0x00,0xA9,0xFF,0xFC,0xFF,0xFF,0xFF,0xFF,0xFF,0xFF,0xFF,0xFF,0xFF,0xFF,0xFF,0xFF,0xFF,0xFF,0xFF,0xFF,0xFF,0xFF,0xFF,0xFF,0xFF,0xFF,0xFF,0xFF,0xFF,0xFF,
    0xFF,0xFF,0xFF,0xFF,0xFF,0xFF,0xFF,0xFF,0xFF,0xFF,0xFF,0xFF,0xFF,0xFF,0xFF,0xFF,0xFF,0xFF,0xFF,0xFF,0xFF,0xFF,0xFF,0xFF,0xFF,0xFF,0xFF,0xFF,0xFF,0xFF,0xFF,0xFF,
    0xFE,0xFF,0xFA,0x3F,0x00,0x02,0x00,0x00,0x00,0x00,0x00,0x00,0x00,0x00,0x00,0x00,0x00,0x00,0x00,0x00,0x00,0x00,0x00,0x00,0x00,0x03,0x00,0xA9,0xFF,0xFC,0xFF,0xFF,
    0xFF,0xFF,0xFF,0xFF,0xFF,0xFF,0xFF,0xFF,0xFF,0xFF,0xFF,0xFF,0xFF,0xFF,0xFF,0xFF,0xFF,0xFF,0xFF,0xFF,0xFF,0xFF,0xFF,0xFF,0xFF,0xFF,0xFF,0xFF,0xFF,0xFF,0xFF,0xFF,
    0xFF,0xFF,0xFF,0xFF,0xFF,0xFF,0xFF,0xFF,0xFF,0xFF,0xFF,0xFF,0xFF,0xFF,0xFF,0xFF,0xFF,0xFF,0xFF,0xFF,0xFF,0xFF,0xFF,0xFF,0xFE,0xFF,0xFA,0x3F,0x00,0x02,0x00,0x00,
    0x00,0x00,0x00,0x00,0x00,0x00,0x00,0x00,0x00,0x00,0x00,0x00,0x00,0x00,0x00,0x00,0x00,0x02,0x00,0xA9,0xFF,0xFC,0xFF,0xFF,0xFF,0xFF,0xFF,0xFF,0xFF,0xFF,0xFF,0xFF,
    0xFF,0xFF,0xFF,0xFF,0xFF,0xFF,0xFF,0xFF,0xFF,0xFF,0xFF,0xFF,0xFF,0xFF,0xFF,0xFF,0xFF,0xFF,0xFF,0xFF,0xFF,0xFF,0xFF,0xFF,0xFF,0xFF,0xFF,0xFF,0xFF,0xFF,0xFF,0xFF,
    0xFF,0xFF,0xFF,0xFF,0xFF,0xFF,0xFF,0xFF,0xFF,0xFF,0xFF,0xFF,0xFF,0xFF,0xFF,0xFF,0xFE,0xFF,0xFA,0x3F,0x00,0x02,0x00,0x00,0x00,0x00,0x00,0x00,0x00,0x00,0x00,0x00,
    0x00,0x00,0x00,0x00,0x00,0x00,0x00,0x00,0x00,0x03,0x00,0xAA,0xFF,0xFC,0xFF,0xFF,0xFF,0xFF,0xFF,0xFF,0xFF,0xFF,0xFF,0xFF,0xFF,0xFF,0xFF,0xFF,0xFF,0xFF,0xFF,0xFF,
    0xFF,0xFF,0xFF,0xFF,0xFF,0xFF,0xFF,0xFF,0xFF,0xFF,0xFF,0xFF,0xFF,0xFF,0xFF,0xFF,0xFF,0xFF,0xFF,0xFF,0xFF,0xFF,0xFF,0xFF,0xFF,0xFF,0xFF,0xFF,0xFF,0xFF,0xFF,0xFF,
    0xFF,0xFF,0xFF,0xFF,0xFF,0xFF,0xFF,0xFF,0xFE,0xFF,0xFB,0x40,0x00,0x02,0x00,0x00,0x00,0x00,0x00,0x00,0x00,0x00,0x00,0x00,0x00,0x00,0x00,0x00,0x00,0x00,0x00,0x00,
    0x00,0x03,0x00,0xA7,0xFF,0xFC,0xFF,0xFF,0xFF,0xFF,0xFF,0xFF,0xFF,0xFF,0xFF,0xFF,0xFF,0xFF,0xFF,0xFF,0xFF,0xFF,0xFF,0xFF,0xFF,0xFF,0xFF,0xFF,0xFF,0xFF,0xFF,0xFF,
    0xFF,0xFF,0xFF,0xFF,0xFF,0xFF,0xFF,0xFF,0xFF,0xFF,0xFF,0xFF,0xFF,0xFF,0xFF,0xFF,0xFF,0xFF,0xFF,0xFF,0xFF,0xFF,0xFF,0xFF,0xFF,0xFF,0xFF,0xFF,0xFF,0xFF,0xFF,0xFF,
    0xFE,0xFF,0xFA,0x3F,0x00,0x02,0x00,0x00,0x00,0x00,0x00,0x00,0x00,0x00,0x00,0x00,0x00,0x00,0x00,0x00,0x00,0x00,0x00,0x00,0x00,0x03,0x00,0xA5,0xFF,0xFC,0xFF,0xFF,
    0xFF,0xFF,0xFF,0xFF,0xFF,0xFF,0xFF,0xFF,0xFF,0xFF,0xFF,0xFF,0xFF,0xFF,0xFF,0xFF,0xFF,0xFF,0xFF,0xFF,0xFF,0xFF,0xFF,0xFF,0xFF,0xFF,0xFF,0xFF,0xFF,0xFF,0xFF,0xFF,
    0xFF,0xFF,0xFF,0xFF,0xFF,0xFF,0xFF,0xFF,0xFF,0xFF,0xFF,0xFF,0xFF,0xFF,0xFF,0xFF,0xFF,0xFF,0xFF,0xFF,0xFF,0xFF,0xFF,0xFF,0xFE,0xFF,0xFA,0x3F,0x00,0x02,0x00,0x00,
    0x00,0x00,0x00,0x00,0x00,0x00,0x00,0x00,0x00,0x00,0x00,0x00,0x00,0x00,0x00,0x00,0x00,0x03,0x00,0xA3,0xFF,0xFC,0xFF,0xFF,0xFF,0xFF,0xFF,0xFF,0xFF,0xFF,0xFF,0xFF,
    0xFF,0xFF,0xFF,0xFF,0xFF,0xFF,0xFF,0xFF,0xFF,0xFF,0xFF,0xFF,0xFF,0xFF,0xFF,0xFF,0xFF,0xFF,0xFF,0xFF,0xFF,0xFF,0xFF,0xFF,0xFF,0xFF,0xFF,0xFF,0xFF,0xFF,0xFF,0xFF,
    0xFF,0xFF,0xFF,0xFF,0xFF,0xFF,0xFF,0xFF,0xFF,0xFF,0xFF,0xFF,0xFF,0xFF,0xFF,0xFF,0xFE,0xFF,0xF9,0x3D,0x00,0x02,0x00,0x00,0x00,0x00,0x00,0x00,0x00,0x00,0x00,0x00,
    0x00,0x00,0x00,0x00,0x00,0x00,0x00,0x00,0x00,0x03,0x00,0xA1,0xFF,0xFC,0xFF,0xFF,0xFF,0xFF,0xFF,0xFF,0xFF,0xFF,0xFF,0xFF,0xFF,0xFF,0xFF,0xFF,0xFF,0xFF,0xFF,0xFF,
    0xFF,0xFF,0xFF,0xFF,0xFF,0xFF,0xFF,0xFF,0xFF,0xFF,0xFF,0xFF,0xFF,0xFF,0xFF,0xFF,0xFF,0xFF,0xFF,0xFF,0xFF,0xFF,0xFF,0xFF,0xFF,0xFF,0xFF,0xFF,0xFF,0xFF,0xFF,0xFF,
    0xFF,0xFF,0xFF,0xFF,0xFF,0xFF,0xFF,0xFF,0xFE,0xFF,0xF8,0x3C,0x00,0x02,0x00,0x00,0x00,0x00,0x00,0x00,0x00,0x00,0x00,0x00,0x00,0x00,0x00,0x00,0x00,0x00,0x00,0x00,
    0x00,0x03,0x00,0xA0,0xFF,0xFC,0xFF,0xFF,0xFF,0xFF,0xFF,0xFF,0xFF,0xFF,0xFF,0xFF,0xFF,0xFF,0xFF,0xFF,0xFF,0xFF,0xFF,0xFF,0xFF,0xFF,0xFF,0xFF,0xFF,0xFF,0xFF,0xFF,
    0xFF,0xFF,0xFF,0xFF,0xFF,0xFF,0xFF,0xFF,0xFF,0xFF,0xFF,0xFF,0xFF,0xFF,0xFF,0xFF,0xFF,0xFF,0xFF,0xFF,0xFF,0xFF,0xFF,0xFF,0xFF,0xFF,0xFF,0xFF,0xFF,0xFF,0xFF,0xFF,
    0xFE,0xFF,0xF8,0x3D,0x00,0x02,0x00,0x00,0x00,0x00,0x00,0x00,0x00,0x00,0x00,0x00,0x00,0x00,0x00,0x00,0x00,0x00,0x00,0x00,0x00,0x03,0x00,0xA1,0xFF,0xFC,0xFF,0xFF,
    0xFF,0xFF,0xFF,0xFF,0xFF,0xFF,0xFF,0xFF,0xFF,0xFF,0xFF,0xFF,0xFF,0xFF,0xFF,0xFF,0xFF,0xFF,0xFF,0xFF,0xFF,0xFF,0xFF,0xFF,0xFF,0xFF,0xFF,0xFF,0xFF,0xFF,0xFF,0xFF,
    0xFF,0xFF,0xFF,0xFF,0xFF,0xFF,0xFF,0xFF,0xFF,0xFF,0xFF,0xFF,0xFF,0xFF,0xFF,0xFF,0xFF,0xFF,0xFF,0xFF,0xFF,0xFF,0xFF,0xFF,0xFE,0xFF,0xF9,0x3E,0x00,0x02,0x00,0x00,
    0x00,0x00,0x00,0x00,0x00,0x00,0x00,0x00,0x00,0x00,0x00,0x00,0x00,0x00,0x00,0x00,0x00,0x03,0x00,0xA1,0xFF,0xFC,0xFF,0xFF,0xFF,0xFF,0xFF,0xFF,0xFF,0xFF,0xFF,0xFF,
    0xFF,0xFF,0xFF,0xFF,0xFF,0xFF,0xFF,0xFF,0xFF,0xFF,0xFF,0xFF,0xFF,0xFF,0xFF,0xFF,0xFF,0xFF,0xFF,0xFF,0xFF,0xFF,0xFF,0xFF,0xFF,0xFF,0xFF,0xFF,0xFF,0xFF,0xFF,0xFF,
    0xFF,0xFF,0xFF,0xFF,0xFF,0xFF,0xFF,0xFF,0xFF,0xFF,0xFF,0xFF,0xFF,0xFF,0xFF,0xFF,0xFE,0xFF,0xF9,0x3E,0x00,0x02,0x00,0x00,0x00,0x00,0x00,0x00,0x00,0x00,0x00,0x00,
    0x00,0x00,0x00,0x00,0x00,0x00,0x00,0x00,0x00,0x03,0x00,0xA2,0xFF,0xFC,0xFF,0xFF,0xFF,0xFF,0xFF,0xFF,0xFF,0xFF,0xFF,0xFF,0xFF,0xFF,0xFF,0xFF,0xFF,0xFF,0xFF,0xFF,
    0xFF,0xFF,0xFF,0xFF,0xFF,0xFF,0xFF,0xFF,0xFF,0xFF,0xFF,0xFF,0xFF,0xFF,0xFF,0xFF,0xFF,0xFF,0xFF,0xFF,0xFF,0xFF,0xFF,0xFF,0xFF,0xFF,0xFF,0xFF,0xFF,0xFF,0xFF,0xFF,
    0xFF,0xFF,0xFF,0xFF,0xFF,0xFF,0xFF,0xFF,0xFE,0xFF,0xF9,0x3E,0x00,0x02,0x00,0x00,0x00,0x00,0x00,0x00,0x00,0x00,0x00,0x00,0x00,0x00,0x00,0x00,0x00,0x00,0x00,0x00,
    0x00,0x03,0x00,0xA1,0xFF,0xFC,0xFF,0xFF,0xFF,0xFF,0xFF,0xFF,0xFF,0xFF,0xFF,0xFF,0xFF,0xFF,0xFF,0xFF,0xFF,0xFF,0xFF,0xFF,0xFF,0xFF,0xFF,0xFF,0xFF,0xFF,0xFF,0xFF,
    0xFF,0xFF,0xFF,0xFF,0xFF,0xFF,0xFF,0xFF,0xFF,0xFF,0xFF,0xFF,0xFF,0xFF,0xFF,0xFF,0xFF,0xFF,0xFF,0xFF,0xFF,0xFF,0xFF,0xFF,0xFF,0xFF,0xFF,0xFF,0xFF,0xFF,0xFF,0xFF,
    0xFE,0xFF,0xF9,0x3E,0x00,0x02,0x00,0x00,0x00,0x00,0x00,0x00,0x00,0x00,0x00,0x00,0x00,0x00,0x00,0x00,0x00,0x00,0x00,0x00,0x00,0x03,0x00,0x9E,0xFF,0xFC,0xFF,0xFF,
    0xFF,0xFF,0xFF,0xFF,0xFF,0xFF,0xFF,0xFF,0xFF,0xFF,0xFF,0xFF,0xFF,0xFF,0xFF,0xFF,0xFF,0xFF,0xFF,0xFF,0xFF,0xFF,0xFF,0xFF,0xFF,0xFF,0xFF,0xFF,0xFF,0xFF,0xFF,0xFF,
    0xFF,0xFF,0xFF,0xFF,0xFF,0xFF,0xFF,0xFF,0xFF,0xFF,0xFF,0xFF,0xFF,0xFF,0xFF,0xFF,0xFF,0xFF,0xFF,0xFF,0xFF,0xFF,0xFF,0xFF,0xFE,0xFF,0xFA,0x3F,0x00,0x02,0x00,0x00,
    0x00,0x00,0x00,0x00,0x00,0x00,0x00,0x00,0x00,0x00,0x00,0x00,0x00,0x00,0x00,0x00,0x00,0x03,0x00,0x9E,0xFF,0xFC,0xFF,0xFF,0xFF,0xFF,0xFF,0xFF,0xFF,0xFF,0xFF,0xFF,
    0xFF,0xFF,0xFF,0xFF,0xFF,0xFF,0xFF,0xFF,0xFF,0xFF,0xFF,0xFF,0xFF,0xFF,0xFF,0xFF,0xFF,0xFF,0xFF,0xFF,0xFF,0xFF,0xFF,0xFF,0xFF,0xFF,0xFF,0xFF,0xFF,0xFF,0xFF,0xFF,
    0xFF,0xFF,0xFF,0xFF,0xFF,0xFF,0xFF,0xFF,0xFF,0xFF,0xFF,0xFF,0xFF,0xFF,0xFF,0xFF,0xFE,0xFF,0xFA,0x3F,0x00,0x02,0x00,0x00,0x00,0x00,0x00,0x00,0x00,0x00,0x00,0x00,
    0x00,0x00,0x00,0x00,0x00,0x00,0x00,0x00,0x00,0x03,0x00,0x9E,0xFF,0xFC,0xFF,0xFF,0xFF,0xFF,0xFF,0xFF,0xFF,0xFF,0xFF,0xFF,0xFF,0xFF,0xFF,0xFF,0xFF,0xFF,0xFF,0xFF,
    0xFF,0xFF,0xFF,0xFF,0xFF,0xFF,0xFF,0xFF,0xFF,0xFF,0xFF,0xFF,0xFF,0xFF,0xFF,0xFF,0xFF,0xFF,0xFF,0xFF,0xFF,0xFF,0xFF,0xFF,0xFF,0xFF,0xFF,0xFF,0xFF,0xFF,0xFF,0xFF,
    0xFF,0xFF,0xFF,0xFF,0xFF,0xFF,0xFF,0xFF,0xFE,0xFF,0xFA,0x3F,0x00,0x02,0x00,0x00,0x00,0x00,0x00,0x00,0x00,0x00,0x00,0x00,0x00,0x00,0x00,0x00,0x00,0x00,0x00,0x01,
    0x03,0x06,0x03,0xA2,0xFF,0xFC,0xFF,0xFF,0xFF,0xFF,0xFF,0xFF,0xFF,0xFF,0xFF,0xFF,0xFF,0xFF,0xFF,0xFF,0xFF,0xFF,0xFF,0xFF,0xFF,0xFF,0xFF,0xFF,0xFF,0xFF,0xFF,0xFF,
    0xFF,0xFF,0xFF,0xFF,0xFF,0xFF,0xFF,0xFF,0xFF,0xFF,0xFF,0xFF,0xFF,0xFF,0xFF,0xFF,0xFF,0xFF,0xFF,0xFF,0xFF,0xFF,0xFF,0xFF,0xFF,0xFF,0xFF,0xFF,0xFF,0xFF,0xFF,0xFF,
    0xFE,0xFF,0xFB,0x42,0x03,0x05,0x03,0x01,0x00,0x00,0x00,0x00,0x00,0x00,0x00,0x00,0x00,0x00,0x00,0x00,0x00,0x00,0x01,0x00,0x00,0x00,0x00,0x98,0xFF,0xFC,0xFF,0xFF,
    0xFF,0xFF,0xFF,0xFF,0xFF,0xFF,0xFF,0xFF,0xFF,0xFF,0xFF,0xFF,0xFF,0xFF,0xFF,0xFF,0xFF,0xFF,0xFF,0xFF,0xFF,0xFF,0xFF,0xFF,0xFF,0xFF,0xFF,0xFF,0xFF,0xFF,0xFF,0xFF,
    0xFF,0xFF,0xFF,0xFF,0xFF,0xFF,0xFF,0xFF,0xFF,0xFF,0xFF,0xFF,0xFF,0xFF,0xFF,0xFF,0xFF,0xFF,0xFF,0xFF,0xFF,0xFF,0xFF,0xFF,0xFE,0xFF,0xFA,0x36,0x00,0x00,0x00,0x00,
    0x01,0x00,0x00,0x00,0x00,0x00,0x00,0x00,0x00,0x00,0x00,0x00,0x00,0x02,0x00,0x09,0x4E,0x57,0x49,0xC0,0xFF,0xFD,0xFF,0xFF,0xFF,0xFF,0xFF,0xFF,0xFF,0xFF,0xFF,0xFF,
    0xFF,0xFF,0xFF,0xFF,0xFF,0xFF,0xFF,0xFF,0xFF,0xFF,0xFF,0xFF,0xFF,0xFF,0xFF,0xFF,0xFF,0xFF,0xFF,0xFF,0xFF,0xFF,0xFF,0xFF,0xFF,0xFF,0xFF,0xFF,0xFF,0xFF,0xFF,0xFF,
    0xFF,0xFF,0xFF,0xFF,0xFF,0xFF,0xFF,0xFF,0xFF,0xFF,0xFF,0xFF,0xFF,0xFF,0xFF,0xFF,0xFE,0xFF,0xFC,0x75,0x42,0x4C,0x42,0x04,0x00,0x01,0x00,0x00,0x00,0x00,0x00,0x00,
    0x00,0x00,0x00,0x00,0x01,0x00,0x09,0x8E,0xFF,0xFF,0xFF,0xFF,0xFF,0xFF,0xFF,0xFF,0xFF,0xFF,0xFF,0xFF,0xFF,0xFF,0xFF,0xFF,0xFF,0xFF,0xFF,0xFF,0xFF,0xFF,0xFF,0xFF,
    0xFF,0xFF,0xFF,0xFF,0xFF,0xFF,0xFF,0xFF,0xFF,0xFF,0xFF,0xFF,0xFF,0xFF,0xFF,0xFF,0xFF,0xFF,0xFF,0xFF,0xFF,0xFF,0xFF,0xFF,0xFF,0xFF,0xFF,0xFF,0xFF,0xFF,0xFF,0xFF,
    0xFF,0xFF,0xFF,0xFF,0xFF,0xFF,0xFF,0xFF,0xFF,0xFF,0xFF,0xFF,0xFF,0xFF,0xFF,0x93,0x0F,0x00,0x01,0x00,0x00,0x00,0x00,0x00,0x00,0x00,0x00,0x00,0x02,0x0D,0x83,0xFF,
    0xFC,0xFD,0xFE,0xFE,0xFF,0xFF,0xFF,0xFF,0xFF,0xFF,0xFF,0xFF,0xFF,0xFF,0xFF,0xFF,0xFF,0xFF,0xFF,0xFF,0xFF,0xFF,0xFF,0xFF,0xFF,0xFF,0xFF,0xFF,0xFF,0xFF,0xFF,0xFF,
    0xFF,0xFF,0xFF,0xFF,0xFF,0xFF,0xFF,0xFF,0xFF,0xFF,0xFF,0xFF,0xFF,0xFF,0xFF,0xFF,0xFF,0xFF,0xFF,0xFF,0xFF,0xFF,0xFF,0xFF,0xFF,0xFF,0xFF,0xFF,0xFF,0xFF,0xFF,0xFF,
    0xFF,0xFF,0xFF,0xFF,0xFF,0xFE,0xFD,0xFF,0x95,0x0F,0x01,0x00,0x00,0x00,0x00,0x00,0x00,0x00,0x00,0x02,0x00,0x8E,0xFB,0xFC,0xFE,0xFF,0xFF,0xFF,0xFF,0xFF,0xFF,0xFF,
    0xFF,0xFF,0xFF,0xFF,0xFF,0xFF,0xFF,0xFF,0xFF,0xFF,0xFF,0xFF,0xFF,0xFF,0xFF,0xFF,0xFF,0xFF,0xFF,0xFF,0xFF,0xFF,0xFF,0xFF,0xFF,0xFF,0xFF,0xFF,0xFF,0xFF,0xFF,0xFF,
    0xFF,0xFF,0xFF,0xFF,0xFF,0xFF,0xFF,0xFF,0xFF,0xFF,0xFF,0xFF,0xFF,0xFF,0xFF,0xFF,0xFF,0xFF,0xFF,0xFF,0xFF,0xFF,0xFF,0xFF,0xFF,0xFF,0xFF,0xFF,0xFE,0xFF,0xFE,0xFC,
    0xFF,0x6F,0x00,0x02,0x00,0x00,0x00,0x00,0x00,0x00,0x00,0x02,0x00,0xBB,0xFF,0xFA,0xFF,0xFF,0xFF,0xFF,0xFF,0xFF,0xFF,0xFF,0xFF,0xFF,0xFF,0xFF,0xFF,0xFF,0xFF,0xFF,
    0xFF,0xFF,0xFF,0xFF,0xFF,0xFF,0xFF,0xFF,0xFF,0xFF,0xFF,0xFF,0xFF,0xFF,0xFF,0xFF,0xFF,0xFF,0xFF,0xFF,0xFF,0xFF,0xFF,0xFF,0xFF,0xFF,0xFF,0xFF,0xFF,0xFF,0xFF,0xFF,
    0xFF,0xFF,0xFF,0xFF,0xFF,0xFF,0xFF,0xFF,0xFF,0xFF,0xFF,0xFF,0xFF,0xFF,0xFF,0xFF,0xFF,0xFF,0xFF,0xFF,0xFF,0xFF,0xFF,0xFB,0xFF,0x80,0x00,0x03,0x00,0x00,0x00,0x00,
    0x00,0x00,0x00,0x02,0x00,0x6F,0xF5,0xFF,0xFB,0xFD,0xFF,0xFF,0xFF,0xFF,0xFF,0xFF,0xFF,0xFF,0xFF,0xFF,0xFF,0xFF,0xFF,0xFF,0xFF,0xFF,0xFF,0xFF,0xFF,0xFF,0xFF,0xFF,
    0xFF,0xFF,0xFF,0xFF,0xFF,0xFF,0xFF,0xFF,0xFF,0xFF,0xFF,0xFF,0xFF,0xFF,0xFF,0xFF,0xFF,0xFF,0xFF,0xFF,0xFF,0xFF,0xFF,0xFF,0xFF,0xFF,0xFF,0xFF,0xFF,0xFF,0xFF,0xFF,
    0xFF,0xFF,0xFF,0xFF,0xFF,0xFF,0xFF,0xFF,0xFF,0xFF,0xFF,0xFF,0xFE,0xFD,0xFB,0xFF,0xE9,0x45,0x00,0x02,0x00,0x00,0x00,0x00,0x00,0x00,0x00,0x00,0x02,0x00,0x67,0xEF,
    0xFF,0xFF,0xFD,0xFE,0xFF,0xFF,0xFF,0xFF,0xFF,0xFF,0xFF,0xFF,0xFF,0xFF,0xFF,0xFF,0xFF,0xFF,0xFF,0xFF,0xFF,0xFF,0xFF,0xFF,0xFF,0xFF,0xFF,0xFF,0xFF,0xFF,0xFF,0xFF,
    0xFF,0xFF,0xFF,0xFF,0xFF,0xFF,0xFF,0xFF,0xFF,0xFF,0xFF,0xFF,0xFF,0xFF,0xFF,0xFF,0xFF,0xFF,0xFF,0xFF,0xFF,0xFF,0xFF,0xFF,0xFF,0xFF,0xFF,0xFF,0xFF,0xFF,0xFF,0xFF,
    0xFF,0xFF,0xFF,0xFD,0xFF,0xFF,0xFF,0xE5,0x56,0x00,0x02,0x00,0x00,0x00,0x00,0x00,0x00,0x00,0x00,0x00,0x00,0x02,0x00,0x3C,0xAC,0xD3,0xFF,0xFF,0xFF,0xFF,0xFF,0xFF,
    0xFF,0xFF,0xFF,0xFF,0xFF,0xFF,0xFF,0xFF,0xFF,0xFF,0xFF,0xFF,0xFF,0xFF,0xFF,0xFF,0xFF,0xFF,0xFF,0xFF,0xFF,0xFF,0xFF,0xFF,0xFF,0xFF,0xFF,0xFF,0xFF,0xFF,0xFF,0xFF,
    0xFF,0xFF,0xFF,0xFF,0xFF,0xFF,0xFF,0xFF,0xFF,0xFF,0xFF,0xFF,0xFF,0xFF,0xFF,0xFF,0xFF,0xFF,0xFF,0xFF,0xFF,0xFF,0xFF,0xFF,0xFF,0xFF,0xFF,0xFF,0xFB,0xCD,0xAC,0x28,
    0x00,0x02,0x00,0x00,0x00,0x00,0x00,0x00,0x00,0x00,0x00,0x00,0x00,0x00,0x01,0x00,0x00,0x14,0x74,0xE9,0xFF,0xFE,0xFF,0xFF,0xFF,0xFF,0xFF,0xFF,0xFF,0xFF,0xFF,0xFF,
    0xFF,0xFF,0xFF,0xFF,0xFF,0xFF,0xFF,0xFF,0xFF,0xFF,0xFF,0xFF,0xFF,0xFF,0xFF,0xFF,0xFF,0xFF,0xFF,0xFF,0xFF,0xFF,0xFF,0xFF,0xFF,0xFF,0xFF,0xFF,0xFF,0xFF,0xFF,0xFF,
    0xFF,0xFF,0xFF,0xFF,0xFF,0xFF,0xFF,0xFF,0xFF,0xFF,0xFF,0xFF,0xFF,0xFF,0xFF,0xFF,0xFF,0xFE,0xFF,0xC4,0x4E,0x08,0x00,0x00,0x01,0x00,0x00,0x00,0x00,0x00,0x00,0x00,
    0x00,0x00,0x00,0x00,0x00,0x00,0x00,0x02,0x01,0x01,0x00,0xA8,0xFF,0xFC,0xFF,0xFF,0xFF,0xFF,0xFF,0xFF,0xFF,0xFF,0xFF,0xFF,0xFF,0xFF,0xFF,0xFF,0xFF,0xFF,0xFF,0xFF,
    0xFF,0xFF,0xFF,0xFF,0xFF,0xFF,0xFF,0xFF,0xFF,0xFF,0xFF,0xFF,0xFF,0xFF,0xFF,0xFF,0xFF,0xFF,0xFF,0xFF,0xFF,0xFF,0xFF,0xFF,0xFF,0xFF,0xFF,0xFF,0xFF,0xFF,0xFF,0xFF,
    0xFF,0xFF,0xFF,0xFF,0xFF,0xFF,0xFF,0xFF,0xFE,0xFF,0xFE,0x43,0x00,0x01,0x00,0x01,0x00,0x00,0x00,0x00,0x00,0x00,0x00,0x00,0x00,0x00,0x00,0x00,0x00,0x00,0x00,0x00,
    0x00,0x04,0x02,0xA6,0xFF,0xFC,0xFF,0xFF,0xFF,0xFF,0xFF,0xFF,0xFF,0xFF,0xFF,0xFF,0xFF,0xFF,0xFF,0xFF,0xFF,0xFF,0xFF,0xFF,0xFF,0xFF,0xFF,0xFF,0xFF,0xFF,0xFF,0xFF,
    0xFF,0xFF,0xFF,0xFF,0xFF,0xFF,0xFF,0xFF,0xFF,0xFF,0xFF,0xFF,0xFF,0xFF,0xFF,0xFF,0xFF,0xFF,0xFF,0xFF,0xFF,0xFF,0xFF,0xFF,0xFF,0xFF,0xFF,0xFF,0xFF,0xFF,0xFF,0xFF,
    0xFE,0xFF,0xFE,0x48,0x03,0x04,0x00,0x00,0x00,0x00,0x00,0x00,0x00,0x00,0x00,0x00,0x00,0x00,0x00,0x00,0x00,0x00,0x00,0x00,0x00,0x03,0x00,0xA6,0xFF,0xFC,0xFF,0xFF,
    0xFF,0xFF,0xFF,0xFF,0xFF,0xFF,0xFF,0xFF,0xFF,0xFF,0xFF,0xFF,0xFF,0xFF,0xFF,0xFF,0xFF,0xFF,0xFF,0xFF,0xFF,0xFF,0xFF,0xFF,0xFF,0xFF,0xFF,0xFF,0xFF,0xFF,0xFF,0xFF,
    0xFF,0xFF,0xFF,0xFF,0xFF,0xFF,0xFF,0xFF,0xFF,0xFF,0xFF,0xFF,0xFF,0xFF,0xFF,0xFF,0xFF,0xFF,0xFF,0xFF,0xFF,0xFF,0xFF,0xFF,0xFE,0xFF,0xFF,0x49,0x00,0x03,0x00,0x00,
    0x00,0x00,0x00,0x00,0x00,0x00,0x00,0x00,0x00,0x00,0x00,0x00,0x00,0x00,0x00,0x00,0x00,0x03,0x00,0xA9,0xFF,0xFC,0xFF,0xFF,0xFF,0xFF,0xFF,0xFF,0xFF,0xFF,0xFF,0xFF,
    0xFF,0xFF,0xFF,0xFF,0xFF,0xFF,0xFF,0xFF,0xFF,0xFF,0xFF,0xFF,0xFF,0xFF,0xFF,0xFF,0xFF,0xFF,0xFF,0xFF,0xFF,0xFF,0xFF,0xFF,0xFF,0xFF,0xFF,0xFF,0xFF,0xFF,0xFF,0xFF,
    0xFF,0xFF,0xFF,0xFF,0xFF,0xFF,0xFF,0xFF,0xFF,0xFF,0xFF,0xFF,0xFF,0xFF,0xFF,0xFF,0xFF,0xFF,0xFF,0x4D,0x00,0x03,0x00,0x00,0x00,0x00,0x00,0x00,0x00,0x00,0x00,0x00,
    0x00,0x00,0x00,0x00,0x00,0x00,0x00,0x00,0x00,0x03,0x00,0xA9,0xFF,0xFC,0xFF,0xFF,0xFF,0xFF,0xFF,0xFF,0xFF,0xFF,0xFF,0xFF,0xFF,0xFF,0xFF,0xFF,0xFF,0xFF,0xFF,0xFF,
    0xFF,0xFF,0xFF,0xFF,0xFF,0xFF,0xFF,0xFF,0xFF,0xFF,0xFF,0xFF,0xFF,0xFF,0xFF,0xFF,0xFF,0xFF,0xFF,0xFF,0xFF,0xFF,0xFF,0xFF,0xFF,0xFF,0xFF,0xFF,0xFF,0xFF,0xFF,0xFF,
    0xFF,0xFF,0xFF,0xFF,0xFF,0xFF,0xFF,0xFF,0xFF,0xFE,0xFF,0x51,0x00,0x03,0x00,0x00,0x00,0x00,0x00,0x00,0x00,0x00,0x00,0x00,0x00,0x00,0x00,0x00,0x00,0x00,0x00,0x00,
    0x00,0x02,0x00,0xA7,0xFF,0xFC,0xFF,0xFF,0xFF,0xFF,0xFF,0xFF,0xFF,0xFF,0xFF,0xFF,0xFF,0xFF,0xFF,0xFF,0xFF,0xFF,0xFF,0xFF,0xFF,0xFF,0xFF,0xFF,0xFF,0xFF,0xFF,0xFF,
    0xFF,0xFF,0xFF,0xFF,0xFF,0xFF,0xFF,0xFF,0xFF,0xFF,0xFF,0xFF,0xFF,0xFF,0xFF,0xFF,0xFF,0xFF,0xFF,0xFF,0xFF,0xFF,0xFF,0xFF,0xFF,0xFF,0xFF,0xFF,0xFF,0xFF,0xFF,0xFF,
    0xFF,0xFE,0xFF,0x5B,0x00,0x03,0x00,0x00,0x00,0x00,0x00,0x00,0x00,0x00,0x00,0x00,0x00,0x00,0x00,0x00,0x00,0x00,0x00,0x00,0x00,0x02,0x02,0xAE,0xFF,0xFC,0xFF,0xFF,
    0xFF,0xFF,0xFF,0xFF,0xFF,0xFF,0xFF,0xFF,0xFF,0xFF,0xFF,0xFF,0xFF,0xFF,0xFF,0xFF,0xFF,0xFF,0xFF,0xFF,0xFF,0xFF,0xFF,0xFF,0xFF,0xFF,0xFF,0xFF,0xFF,0xFF,0xFF,0xFF,
    0xFF,0xFF,0xFF,0xFF,0xFF,0xFF,0xFF,0xFF,0xFF,0xFF,0xFF,0xFF,0xFF,0xFF,0xFF,0xFF,0xFF,0xFF,0xFF,0xFF,0xFF,0xFF,0xFF,0xFF,0xFF,0xFD,0xFF,0x6E,0x01,0x03,0x00,0x00,
    0x00,0x00,0x00,0x00,0x00,0x00,0x00,0x00,0x00,0x00,0x00,0x00,0x00,0x00,0x00,0x00,0x00,0x01,0x00,0xBA,0xFF,0xFC,0xFF,0xFF,0xFF,0xFF,0xFF,0xFF,0xFF,0xFF,0xFF,0xFF,
    0xFF,0xFF,0xFF,0xFF,0xFF,0xFF,0xFF,0xFF,0xFF,0xFF,0xFF,0xFF,0xFF,0xFF,0xFF,0xFF,0xFF,0xFF,0xFF,0xFF,0xFF,0xFF,0xFF,0xFF,0xFF,0xFF,0xFF,0xFF,0xFF,0xFF,0xFF,0xFF,
    0xFF,0xFF,0xFF,0xFF,0xFF,0xFF,0xFF,0xFF,0xFF,0xFF,0xFF,0xFF,0xFF,0xFF,0xFF,0xFF,0xFF,0xFC,0xFF,0x77,0x00,0x02,0x00,0x00,0x00,0x00,0x00,0x00,0x00,0x00,0x00,0x00,
    0x00,0x00,0x00,0x00,0x00,0x00,0x00,0x00,0x02,0x00,0x40,0xEB,0xFF,0xFE,0xFF,0xFF,0xFF,0xFF,0xFF,0xFF,0xFF,0xFF,0xFF,0xFF,0xFF,0xFF,0xFF,0xFF,0xFF,0xFF,0xFF,0xFF,
    0xFF,0xFF,0xFF,0xFF,0xFF,0xFF,0xFF,0xFF,0xFF,0xFF,0xFF,0xFF,0xFF,0xFF,0xFF,0xFF,0xFF,0xFF,0xFF,0xFF,0xFF,0xFF,0xFF,0xFF,0xFF,0xFF,0xFF,0xFF,0xFF,0xFF,0xFF,0xFF,
    0xFF,0xFF,0xFF,0xFF,0xFF,0xFF,0xFF,0xFF,0xFF,0xFD,0xFF,0xBD,0x1D,0x01,0x01,0x00,0x00,0x00,0x00,0x00,0x00,0x00,0x00,0x00,0x00,0x00,0x00,0x00,0x00,0x00,0x00,0x01,
    0x00,0x02,0xC9,0xFF,0xFD,0xFF,0xFF,0xFF,0xFF,0xFF,0xFF,0xFF,0xFF,0xFF,0xFF,0xFF,0xFF,0xFF,0xFF,0xFF,0xFF,0xFF,0xFF,0xFF,0xFF,0xFF,0xFF,0xFF,0xFF,0xFF,0xFF,0xFF,
    0xFF,0xFF,0xFF,0xFF,0xFF,0xFF,0xFF,0xFF,0xFF,0xFF,0xFF,0xFF,0xFF,0xFF,0xFF,0xFF,0xFF,0xFF,0xFF,0xFF,0xFF,0xFF,0xFF,0xFF,0xFF,0xFF,0xFF,0xFF,0xFF,0xFF,0xFF,0xFF,
    0xFF,0xFF,0xFD,0xFF,0x81,0x00,0x03,0x00,0x00,0x00,0x00,0x00,0x00,0x00,0x00,0x00,0x00,0x00,0x00,0x00,0x00,0x00,0x00,0x01,0x00,0x05,0xD4,0xFE,0xFD,0xFF,0xFF,0xFF,
    0xFF,0xFF,0xFF,0xFF,0xFF,0xFF,0xFF,0xFF,0xFF,0xFF,0xFF,0xFF,0xFF,0xFF,0xFF,0xFF,0xFF,0xFF,0xFF,0xFF,0xFF,0xFF,0xFF,0xFF,0xFF,0xFF,0xFF,0xFF,0xFF,0xFF,0xFF,0xFF,
    0xFF,0xFF,0xFF,0xFF,0xFF,0xFF,0xFF,0xFF,0xFF,0xFF,0xFF,0xFF,0xFF,0xFF,0xFF,0xFF,0xFF,0xFF,0xFF,0xFF,0xFF,0xFF,0xFF,0xFF,0xFF,0xFF,0xFC,0xFE,0x90,0x00,0x02,0x00,
    0x00,0x00,0x00,0x00,0x00,0x00,0x00,0x00,0x00,0x00,0x00,0x00,0x00,0x00,0x00,0x01,0x00,0x09,0xDC,0xFF,0xFD,0xFF,0xFF,0xFF,0xFF,0xFF,0xFF,0xFF,0xFF,0xFF,0xFF,0xFF,
    0xFF,0xFF,0xFF,0xFF,0xFF,0xFF,0xFF,0xFF,0xFF,0xFF,0xFF,0xFF,0xFF,0xFF,0xFF,0xFF,0xFF,0xFF,0xFF,0xFF,0xFF,0xFF,0xFF,0xFF,0xFF,0xFF,0xFF,0xFF,0xFF,0xFF,0xFF,0xFF,
    0xFF,0xFF,0xFF,0xFF,0xFF,0xFF,0xFF,0xFF,0xFF,0xFF,0xFF,0xFF,0xFF,0xFF,0xFF,0xFF,0xFF,0xFF,0xFC,0xFF,0x95,0x00,0x02,0x00,0x00,0x00,0x00,0x00,0x00,0x00,0x00,0x00,
    0x00,0x00,0x00,0x00,0x00,0x00,0x00,0x01,0x00,0x11,0xE5,0xFF,0xFE,0xFF,0xFF,0xFF,0xFF,0xFF,0xFF,0xFF,0xFF,0xFF,0xFF,0xFF,0xFF,0xFF,0xFF,0xFF,0xFF,0xFF,0xFF,0xFF,
    0xFF,0xFF,0xFF,0xFF,0xFF,0xFF,0xFF,0xFF,0xFF,0xFF,0xFF,0xFF,0xFF,0xFF,0xFF,0xFF,0xFF,0xFF,0xFF,0xFF,0xFF,0xFF,0xFF,0xFF,0xFF,0xFF,0xFF,0xFF,0xFF,0xFF,0xFF,0xFF,
    0xFF,0xFF,0xFF,0xFF,0xFF,0xFF,0xFF,0xFF,0xFF,0xFF,0xFC,0xFF,0xAB,0x00,0x00,0x00,0x00,0x00,0x00,0x00,0x00,0x00,0x00,0x00,0x00,0x00,0x00,0x00,0x00,0x00,0x00,0x02,
    0x00,0x1F,0xF1,0xFF,0xFE,0xFF,0xFF,0xFF,0xFF,0xFF,0xFF,0xFF,0xFF,0xFF,0xFF,0xFF,0xFF,0xFF,0xFF,0xFF,0xFF,0xFF,0xFF,0xFF,0xFF,0xFF,0xFF,0xFF,0xFF,0xFF,0xFF,0xFF,
    0xFF,0xFF,0xFF,0xFF,0xFF,0xFF,0xFF,0xFF,0xFF,0xFF,0xFF,0xFF,0xFF,0xFF,0xFF,0xFF,0xFF,0xFF,0xFF,0xFF,0xFF,0xFF,0xFF,0xFF,0xFF,0xFF,0xFF,0xFF,0xFF,0xFF,0xFF,0xFF,
    0xFF,0xFF,0xFD,0xFF,0xBF,0x04,0x00,0x01,0x00,0x00,0x00,0x00,0x00,0x00,0x00,0x00,0x00,0x00,0x00,0x00,0x00,0x00,0x00,0x02,0x00,0x28,0xF8,0xFF,0xFE,0xFF,0xFF,0xFF,
    0xFF,0xFF,0xFF,0xFF,0xFF,0xFF,0xFF,0xFF,0xFF,0xFF,0xFF,0xFF,0xFF,0xFF,0xFF,0xFF,0xFF,0xFF,0xFF,0xFF,0xFF,0xFF,0xFF,0xFF,0xFF,0xFF,0xFF,0xFF,0xFF,0xFF,0xFF,0xFF,
    0xFF,0xFF,0xFF,0xFF,0xFF,0xFF,0xFF,0xFF,0xFF,0xFF,0xFF,0xFF,0xFF,0xFF,0xFF,0xFF,0xFF,0xFF,0xFF,0xFF,0xFF,0xFF,0xFF,0xFF,0xFF,0xFF,0xFD,0xFF,0xC0,0x06,0x00,0x01,
    0x00,0x00,0x00,0x00,0x00,0x00,0x00,0x00,0x00,0x00,0x00,0x00,0x00,0x00,0x00,0x03,0x01,0x3A,0xFD,0xFF,0xFE,0xFF,0xFF,0xFF,0xFF,0xFF,0xFF,0xFF,0xFF,0xFF,0xFF,0xFF,
    0xFF,0xFF,0xFF,0xFF,0xFF,0xFF,0xFF,0xFF,0xFF,0xFF,0xFF,0xFF,0xFF,0xFF,0xFF,0xFF,0xFF,0xFF,0xFF,0xFF,0xFF,0xFF,0xFF,0xFF,0xFF,0xFF,0xFF,0xFF,0xFF,0xFF,0xFF,0xFF,
    0xFF,0xFF,0xFF,0xFF,0xFF,0xFF,0xFF,0xFF,0xFF,0xFF,0xFF,0xFF,0xFF,0xFF,0xFF,0xFF,0xFF,0xFF,0xFD,0xFF,0xC4,0x09,0x00,0x01,0x00,0x00,0x00,0x00,0x00,0x00,0x00,0x00,
    0x00,0x00,0x00,0x00,0x00,0x00,0x00,0x03,0x00,0x41,0xFF,0xFE,0xFF,0xFF,0xFF,0xFF,0xFF,0xFF,0xFF,0xFF,0xFF,0xFF,0xFF,0xFF,0xFF,0xFF,0xFF,0xFF,0xFF,0xFF,0xFF,0xFF,
    0xFF,0xFF,0xFF,0xFF,0xFF,0xFF,0xFF,0xFF,0xFF,0xFF,0xFF,0xFF,0xFF,0xFF,0xFF,0xFF,0xFF,0xFF,0xFF,0xFF,0xFF,0xFF,0xFF,0xFF,0xFF,0xFF,0xFF,0xFF,0xFF,0xFF,0xFF,0xFF,
    0xFF,0xFF,0xFF,0xFF,0xFF,0xFF,0xFF,0xFF,0xFF,0xFF,0xFD,0xFF,0xC8,0x03,0x00,0x01,0x00,0x00,0x00,0x00,0x00,0x00,0x00,0x00,0x00,0x00,0x00,0x00,0x00,0x00,0x01,0x01,
    0x0D,0x9E,0xFF,0xFD,0xFF,0xFF,0xFF,0xFF,0xFF,0xFF,0xFF,0xFF,0xFF,0xFF,0xFF,0xFF,0xFF,0xFF,0xFF,0xFF,0xFF,0xFF,0xFF,0xFF,0xFF,0xFF,0xFF,0xFF,0xFF,0xFF,0xFF,0xFF,
    0xFF,0xFF,0xFF,0xFF,0xFF,0xFF,0xFF,0xFF,0xFF,0xFF,0xFF,0xFF,0xFF,0xFF,0xFF,0xFF,0xFF,0xFF,0xFF,0xFF,0xFF,0xFF,0xFF,0xFF,0xFF,0xFF,0xFF,0xFF,0xFF,0xFF,0xFF,0xFF,
    0xFF,0xFF,0xFE,0xFE,0xF0,0x5E,0x00,0x01,0x00,0x00,0x00,0x00,0x00,0x00,0x00,0x00,0x00,0x00,0x00,0x00,0x00,0x00,0x03,0x00,0x42,0xFF,0xFE,0xFF,0xFF,0xFF,0xFF,0xFF,
    0xFF,0xFF,0xFF,0xFF,0xFF,0xFF,0xFF,0xFF,0xFF,0xFF,0xFF,0xFF,0xFF,0xFF,0xFF,0xFF,0xFF,0xFF,0xFF,0xFF,0xFF,0xFF,0xFF,0xFF,0xFF,0xFF,0xFF,0xFF,0xFF,0xFF,0xFF,0xFF,
    0xFF,0xFF,0xFF,0xFF,0xFF,0xFF,0xFF,0xFF,0xFF,0xFF,0xFF,0xFF,0xFF,0xFF,0xFF,0xFF,0xFF,0xFF,0xFF,0xFF,0xFF,0xFF,0xFF,0xFF,0xFF,0xFF,0xFF,0xFD,0xFF,0xC8,0x02,0x00,
    0x01,0x00,0x00,0x00,0x00,0x00,0x00,0x00,0x00,0x00,0x00,0x00,0x00,0x00,0x03,0x01,0x5A,0xFE,0xFD,0xFF,0xFF,0xFF,0xFF,0xFF,0xFF,0xFF,0xFF,0xFF,0xFF,0xFF,0xFF,0xFF,
    0xFF,0xFF,0xFF,0xFF,0xFF,0xFF,0xFF,0xFF,0xFF,0xFF,0xFF,0xFF,0xFF,0xFF,0xFF,0xFF,0xFF,0xFF,0xFF,0xFF,0xFF,0xFF,0xFF,0xFF,0xFF,0xFF,0xFF,0xFF,0xFF,0xFF,0xFF,0xFF,
    0xFF,0xFF,0xFF,0xFF,0xFF,0xFF,0xFF,0xFF,0xFF,0xFF,0xFF,0xFF,0xFF,0xFF,0xFF,0xFF,0xFF,0xFF,0xFF,0xFD,0xFE,0xD3,0x0A,0x00,0x01,0x00,0x00,0x00,0x00,0x00,0x00,0x00,
    0x00,0x00,0x00,0x00,0x00,0x00,0x03,0x00,0x71,0xFF,0xFC,0xFF,0xFF,0xFF,0xFF,0xFF,0xFF,0xFF,0xFF,0xFF,0xFF,0xFF,0xFF,0xFF,0xFF,0xFF,0xFF,0xFF,0xFF,0xFF,0xFF,0xFF,
    0xFF,0xFF,0xFF,0xFF,0xFF,0xFF,0xFF,0xFF,0xFF,0xFF,0xFF,0xFF,0xFF,0xFF,0xFF,0xFF,0xFF,0xFF,0xFF,0xFF,0xFF,0xFF,0xFF,0xFF,0xFF,0xFF,0xFF,0xFF,0xFF,0xFF,0xFF,0xFF,
    0xFF,0xFF,0xFF,0xFF,0xFF,0xFF,0xFF,0xFF,0xFF,0xFF,0xFF,0xFD,0xFF,0xD5,0x00,0x00,0x01,0x00,0x00,0x00,0x00,0x00,0x00,0x00,0x00,0x00,0x00,0x00,0x00,0x01,0x01,0x10,
    0xB8,0xFF,0xFD,0xFF,0xFF,0xFF,0xFF,0xFF,0xFF,0xFF,0xFF,0xFF,0xFF,0xFF,0xFF,0xFF,0xFF,0xFF,0xFF,0xFF,0xFF,0xFF,0xFF,0xFF,0xFF,0xFF,0xFF,0xFF,0xFF,0xFF,0xFF,0xFF,
    0xFF,0xFF,0xFF,0xFF,0xFF,0xFF,0xFF,0xFF,0xFF,0xFF,0xFF,0xFF,0xFF,0xFF,0xFF,0xFF,0xFF,0xFF,0xFF,0xFF,0xFF,0xFF,0xFF,0xFF,0xFF,0xFF,0xFF,0xFF,0xFF,0xFF,0xFF,0xFF,
    0xFF,0xFF,0xFF,0xFE,0xFE,0xEC,0x5A,0x04,0x01,0x00,0x00,0x00,0x00,0x00,0x00,0x00,0x00,0x00,0x00,0x00,0x00,0x03,0x00,0x54,0xFF,0xFE,0xFF,0xFF,0xFF,0xFF,0xFF,0xFF,
    0xFF,0xFF,0xFF,0xFF,0xFF,0xFF,0xFF,0xFF,0xFF,0xFF,0xFF,0xFF,0xFF,0xFF,0xFF,0xFF,0xFF,0xFF,0xFF,0xFF,0xFF,0xFF,0xFF,0xFF,0xFF,0xFF,0xFF,0xFF,0xFF,0xFF,0xFF,0xFF,
    0xFF,0xFF,0xFF,0xFF,0xFF,0xFF,0xFF,0xFF,0xFF,0xFF,0xFF,0xFF,0xFF,0xFF,0xFF,0xFF,0xFF,0xFF,0xFF,0xFF,0xFF,0xFF,0xFF,0xFF,0xFF,0xFF,0xFF,0xFF,0xFE,0xFF,0xEA,0x1A,
    0x00,0x01,0x00,0x00,0x00,0x00,0x00,0x00,0x00,0x00,0x00,0x00,0x00,0x03,0x00,0x60,0xFE,0xFD,0xFF,0xFF,0xFF,0xFF,0xFF,0xFF,0xFF,0xFF,0xFF,0xFF,0xFF,0xFF,0xFF,0xFF,
    0xFF,0xFF,0xFF,0xFF,0xFF,0xFF,0xFF,0xFF,0xFF,0xFF,0xFF,0xFF,0xFF,0xFF,0xFF,0xFF,0xFF,0xFF,0xFF,0xFF,0xFF,0xFF,0xFF,0xFF,0xFF,0xFF,0xFF,0xFF,0xFF,0xFF,0xFF,0xFF,
    0xFF,0xFF,0xFF,0xFF,0xFF,0xFF,0xFF,0xFF,0xFF,0xFF,0xFF,0xFF,0xFF,0xFF,0xFF,0xFF,0xFF,0xFF,0xFF,0xFF,0xFE,0xFE,0xE6,0x1D,0x00,0x01,0x00,0x00,0x00,0x00,0x00,0x00,
    0x00,0x00,0x00,0x00,0x00,0x03,0x00,0x60,0xFF,0xFD,0xFF,0xFF,0xFF,0xFF,0xFF,0xFF,0xFF,0xFF,0xFF,0xFF,0xFF,0xFF,0xFF,0xFF,0xFF,0xFF,0xFF,0xFF,0xFF,0xFF,0xFF,0xFF,
    0xFF,0xFF,0xFF,0xFF,0xFF,0xFF,0xFF,0xFF,0xFF,0xFF,0xFF,0xFF,0xFF,0xFF,0xFF,0xFF,0xFF,0xFF,0xFF,0xFF,0xFF,0xFF,0xFF,0xFF,0xFF,0xFF,0xFF,0xFF,0xFF,0xFF,0xFF,0xFF,
    0xFF,0xFF,0xFF,0xFF,0xFF,0xFF,0xFF,0xFF,0xFF,0xFF,0xFF,0xFF,0xFE,0xFF,0xE5,0x1B,0x00,0x01,0x00,0x00,0x00,0x00,0x00,0x00,0x00,0x00,0x00,0x00,0x00,0x03,0x00,0x62,
    0xFF,0xFD,0xFF,0xFF,0xFF,0xFF,0xFF,0xFF,0xFF,0xFF,0xFF,0xFF,0xFF,0xFF,0xFF,0xFF,0xFF,0xFF,0xFF,0xFF,0xFF,0xFF,0xFF,0xFF,0xFF,0xFF,0xFF,0xFF,0xFF,0xFF,0xFF,0xFF,
    0xFF,0xFF,0xFF,0xFF,0xFF,0xFF,0xFF,0xFF,0xFF,0xFF,0xFF,0xFF,0xFF,0xFF,0xFF,0xFF,0xFF,0xFF,0xFF,0xFF,0xFF,0xFF,0xFF,0xFF,0xFF,0xFF,0xFF,0xFF,0xFF,0xFF,0xFF,0xFF,
    0xFF,0xFF,0xFF,0xFF,0xFE,0xFF,0xE9,0x1E,0x00,0x02,0x00,0x00,0x00,0x00,0x00,0x00,0x00,0x00,0x00,0x00,0x00,0x03,0x00,0x62,0xFF,0xFD,0xFF,0xFF,0xFF,0xFF,0xFF,0xFF,
    0xFF,0xFF,0xFF,0xFF,0xFF,0xFF,0xFF,0xFF,0xFF,0xFF,0xFF,0xFF,0xFF,0xFF,0xFF,0xFF,0xFF,0xFF,0xFF,0xFF,0xFF,0xFF,0xFF,0xFF,0xFF,0xFF,0xFF,0xFF,0xFF,0xFF,0xFF,0xFF,
    0xFF,0xFF,0xFF,0xFF,0xFF,0xFF,0xFF,0xFF,0xFF,0xFF,0xFF,0xFF,0xFF,0xFF,0xFF,0xFF,0xFF,0xFF,0xFF,0xFF,0xFF,0xFF,0xFF,0xFF,0xFF,0xFF,0xFF,0xFF,0xFE,0xFF,0xEA,0x1F,
    0x00,0x02,0x00,0x00,0x00,0x00,0x00,0x00,0x00,0x00,0x00,0x00,0x00,0x03,0x00,0x62,0xFF,0xFD,0xFF,0xFF,0xFF,0xFF,0xFF,0xFF,0xFF,0xFF,0xFF,0xFF,0xFF,0xFF,0xFF,0xFF,
    0xFF,0xFF,0xFF,0xFF,0xFF,0xFF,0xFF,0xFF,0xFF,0xFF,0xFF,0xFF,0xFF,0xFF,0xFF,0xFF,0xFF,0xFF,0xFF,0xFF,0xFF,0xFF,0xFF,0xFF,0xFF,0xFF,0xFF,0xFF,0xFF,0xFF,0xFF,0xFF,
    0xFF,0xFF,0xFF,0xFF,0xFF,0xFF,0xFF,0xFF,0xFF,0xFF,0xFF,0xFF,0xFF,0xFF,0xFF,0xFF,0xFF,0xFF,0xFF,0xFF,0xFE,0xFF,0xEA,0x1F,0x00,0x02,0x00,0x00,0x00,0x00,0x00,0x00,
    0x00,0x00,0x00,0x00,0x00,0x03,0x00,0x63,0xFF,0xFD,0xFF,0xFF,0xFF,0xFF,0xFF,0xFF,0xFF,0xFF,0xFF,0xFF,0xFF,0xFF,0xFF,0xFF,0xFF,0xFF,0xFF,0xFF,0xFF,0xFF,0xFF,0xFF,
    0xFF,0xFF,0xFF,0xFF,0xFF,0xFF,0xFF,0xFF,0xFF,0xFF,0xFF,0xFF,0xFF,0xFF,0xFF,0xFF,0xFF,0xFF,0xFF,0xFF,0xFF,0xFF,0xFF,0xFF,0xFF,0xFF,0xFF,0xFF,0xFF,0xFF,0xFF,0xFF,
    0xFF,0xFF,0xFF,0xFF,0xFF,0xFF,0xFF,0xFF,0xFF,0xFF,0xFF,0xFF,0xFE,0xFF,0xEA,0x20,0x00,0x02,0x00,0x00,0x00,0x00,0x00,0x00,0x00,0x00,0x00,0x00,0x00,0x03,0x00,0x62,
    0xFF,0xFD,0xFF,0xFF,0xFF,0xFF,0xFF,0xFF,0xFF,0xFF,0xFF,0xFF,0xFF,0xFF,0xFF,0xFF,0xFF,0xFF,0xFF,0xFF,0xFF,0xFF,0xFF,0xFF,0xFF,0xFF,0xFF,0xFF,0xFF,0xFF,0xFF,0xFF,
    0xFF,0xFF,0xFF,0xFF,0xFF,0xFF,0xFF,0xFF,0xFF,0xFF,0xFF,0xFF,0xFF,0xFF,0xFF,0xFF,0xFF,0xFF,0xFF,0xFF,0xFF,0xFF,0xFF,0xFF,0xFF,0xFF,0xFF,0xFF,0xFF,0xFF,0xFF,0xFF,
    0xFF,0xFF,0xFF,0xFF,0xFE,0xFF,0xEA,0x20,0x00,0x02,0x00,0x00,0x00,0x00,0x00,0x00,0x00,0x00,0x00,0x00,0x00,0x03,0x00,0x61,0xFF,0xFD,0xFF,0xFF,0xFF,0xFF,0xFF,0xFF,
    0xFF,0xFF,0xFF,0xFF,0xFF,0xFF,0xFF,0xFF,0xFF,0xFF,0xFF,0xFF,0xFF,0xFF,0xFF,0xFF,0xFF,0xFF,0xFF,0xFF,0xFF,0xFF,0xFF,0xFF,0xFF,0xFF,0xFF,0xFF,0xFF,0xFF,0xFF,0xFF,
    0xFF,0xFF,0xFF,0xFF,0xFF,0xFF,0xFF,0xFF,0xFF,0xFF,0xFF,0xFF,0xFF,0xFF,0xFF,0xFF,0xFF,0xFF,0xFF,0xFF,0xFF,0xFF,0xFF,0xFF,0xFF,0xFF,0xFF,0xFF,0xFE,0xFF,0xEB,0x20,
    0x00,0x02,0x00,0x00,0x00,0x00,0x00,0x00,0x00,0x00,0x00,0x00,0x00,0x03,0x00,0x5F,0xFF,0xFD,0xFF,0xFF,0xFF,0xFF,0xFF,0xFF,0xFF,0xFF,0xFF,0xFF,0xFF,0xFF,0xFF,0xFF,
    0xFF,0xFF,0xFF,0xFF,0xFF,0xFF,0xFF,0xFF,0xFF,0xFF,0xFF,0xFF,0xFF,0xFF,0xFF,0xFF,0xFF,0xFF,0xFF,0xFF,0xFF,0xFF,0xFF,0xFF,0xFF,0xFF,0xFF,0xFF,0xFF,0xFF,0xFF,0xFF,
    0xFF,0xFF,0xFF,0xFF,0xFF,0xFF,0xFF,0xFF,0xFF,0xFF,0xFF,0xFF,0xFF,0xFF,0xFF,0xFF,0xFF,0xFF,0xFF,0xFF,0xFE,0xFF,0xEC,0x21,0x00,0x02,0x00,0x00,0x00,0x00,0x00,0x00,
    0x00,0x00,0x00,0x00,0x00,0x03,0x00,0x5F,0xFF,0xFD,0xFF,0xFF,0xFF,0xFF,0xFF,0xFF,0xFF,0xFF,0xFF,0xFF,0xFF,0xFF,0xFF,0xFF,0xFF,0xFF,0xFF,0xFF,0xFF,0xFF,0xFF,0xFF,
    0xFF,0xFF,0xFF,0xFF,0xFF,0xFF,0xFF,0xFF,0xFF,0xFF,0xFF,0xFF,0xFF,0xFF,0xFF,0xFF,0xFF,0xFF,0xFF,0xFF,0xFF,0xFF,0xFF,0xFF,0xFF,0xFF,0xFF,0xFF,0xFF,0xFF,0xFF,0xFF,
    0xFF,0xFF,0xFF,0xFF,0xFF,0xFF,0xFF,0xFF,0xFF,0xFF,0xFF,0xFF,0xFE,0xFF,0xED,0x22,0x00,0x02,0x00,0x00,0x00,0x00,0x00,0x00,0x00,0x00,0x00,0x00,0x00,0x03,0x00,0x5F,
    0xFF,0xFD,0xFF,0xFF,0xFF,0xFF,0xFF,0xFF,0xFF,0xFF,0xFF,0xFF,0xFF,0xFF,0xFF,0xFF,0xFF,0xFF,0xFF,0xFF,0xFF,0xFF,0xFF,0xFF,0xFF,0xFF,0xFF,0xFF,0xFF,0xFF,0xFF,0xFF,
    0xFF,0xFF,0xFF,0xFF,0xFF,0xFF,0xFF,0xFF,0xFF,0xFF,0xFF,0xFF,0xFF,0xFF,0xFF,0xFF,0xFF,0xFF,0xFF,0xFF,0xFF,0xFF,0xFF,0xFF,0xFF,0xFF,0xFF,0xFF,0xFF,0xFF,0xFF,0xFF,
    0xFF,0xFF,0xFF,0xFF,0xFE,0xFF,0xEE,0x23,0x00,0x02,0x00,0x00,0x00,0x00,0x00,0x00,0x00,0x00,0x00,0x00,0x00,0x03,0x00,0x5E,0xFF,0xFD,0xFF,0xFF,0xFF,0xFF,0xFF,0xFF,
    0xFF,0xFF,0xFF,0xFF,0xFF,0xFF,0xFF,0xFF,0xFF,0xFF,0xFF,0xFF,0xFF,0xFF,0xFF,0xFF,0xFF,0xFF,0xFF,0xFF,0xFF,0xFF,0xFF,0xFF,0xFF,0xFF,0xFF,0xFF,0xFF,0xFF,0xFF,0xFF,
    0xFF,0xFF,0xFF,0xFF,0xFF,0xFF,0xFF,0xFF,0xFF,0xFF,0xFF,0xFF,0xFF,0xFF,0xFF,0xFF,0xFF,0xFF,0xFF,0xFF,0xFF,0xFF,0xFF,0xFF,0xFF,0xFF,0xFF,0xFF,0xFE,0xFF,0xED,0x22,
    0x00,0x02,0x00,0x00,0x00,0x00,0x00,0x00,0x00,0x00,0x00,0x00,0x00,0x03,0x00,0x5C,0xFF,0xFE,0xFF,0xFF,0xFF,0xFF,0xFF,0xFF,0xFF,0xFF,0xFF,0xFF,0xFF,0xFF,0xFF,0xFF,
    0xFF,0xFF,0xFF,0xFF,0xFF,0xFF,0xFF,0xFF,0xFF,0xFF,0xFF,0xFF,0xFF,0xFF,0xFF,0xFF,0xFF,0xFF,0xFF,0xFF,0xFF,0xFF,0xFF,0xFF,0xFF,0xFF,0xFF,0xFF,0xFF,0xFF,0xFF,0xFF,
    0xFF,0xFF,0xFF,0xFF,0xFF,0xFF,0xFF,0xFF,0xFF,0xFF,0xFF,0xFF,0xFF,0xFF,0xFF,0xFF,0xFF,0xFF,0xFF,0xFF,0xFE,0xFF,0xEB,0x21,0x00,0x02,0x00,0x00,0x00,0x00,0x00,0x00,
    0x00,0x00,0x00,0x00,0x00,0x03,0x00,0x5B,0xFF,0xFE,0xFF,0xFF,0xFF,0xFF,0xFF,0xFF,0xFF,0xFF,0xFF,0xFF,0xFF,0xFF,0xFF,0xFF,0xFF,0xFF,0xFF,0xFF,0xFF,0xFF,0xFF,0xFF,
    0xFF,0xFF,0xFF,0xFF,0xFF,0xFF,0xFF,0xFF,0xFF,0xFF,0xFF,0xFF,0xFF,0xFF,0xFF,0xFF,0xFF,0xFF,0xFF,0xFF,0xFF,0xFF,0xFF,0xFF,0xFF,0xFF,0xFF,0xFF,0xFF,0xFF,0xFF,0xFF,
    0xFF,0xFF,0xFF,0xFF,0xFF,0xFF,0xFF,0xFF,0xFF,0xFF,0xFF,0xFF,0xFE,0xFF,0xEA,0x1F,0x00,0x02,0x00,0x00,0x00,0x00,0x00,0x00,0x00,0x00,0x00,0x00,0x00,0x03,0x00,0x5A,
    0xFF,0xFE,0xFF,0xFF,0xFF,0xFF,0xFF,0xFF,0xFF,0xFF,0xFF,0xFF,0xFF,0xFF,0xFF,0xFF,0xFF,0xFF,0xFF,0xFF,0xFF,0xFF,0xFF,0xFF,0xFF,0xFF,0xFF,0xFF,0xFF,0xFF,0xFF,0xFF,
    0xFF,0xFF,0xFF,0xFF,0xFF,0xFF,0xFF,0xFF,0xFF,0xFF,0xFF,0xFF,0xFF,0xFF,0xFF,0xFF,0xFF,0xFF,0xFF,0xFF,0xFF,0xFF,0xFF,0xFF,0xFF,0xFF,0xFF,0xFF,0xFF,0xFF,0xFF,0xFF,
    0xFF,0xFF,0xFF,0xFF,0xFE,0xFF,0xE9,0x1F,0x00,0x02,0x00,0x00,0x00,0x00,0x00,0x00,0x00,0x00,0x00,0x00,0x00,0x03,0x00,0x5B,0xFF,0xFE,0xFF,0xFF,0xFF,0xFF,0xFF,0xFF,
    0xFF,0xFF,0xFF,0xFF,0xFF,0xFF,0xFF,0xFF,0xFF,0xFF,0xFF,0xFF,0xFF,0xFF,0xFF,0xFF,0xFF,0xFF,0xFF,0xFF,0xFF,0xFF,0xFF,0xFF,0xFF,0xFF,0xFF,0xFF,0xFF,0xFF,0xFF,0xFF,
    0xFF,0xFF,0xFF,0xFF,0xFF,0xFF,0xFF,0xFF,0xFF,0xFF,0xFF,0xFF,0xFF,0xFF,0xFF,0xFF,0xFF,0xFF,0xFF,0xFF,0xFF,0xFF,0xFF,0xFF,0xFF,0xFF,0xFF,0xFF,0xFE,0xFF,0xE8,0x1D,
    0x00,0x02,0x00,0x00,0x00,0x00,0x00,0x00,0x00,0x00,0x00,0x00,0x00,0x03,0x00,0x5F,0xFF,0xFD,0xFF,0xFF,0xFF,0xFF,0xFF,0xFF,0xFF,0xFF,0xFF,0xFF,0xFF,0xFF,0xFF,0xFF,
    0xFF,0xFF,0xFF,0xFF,0xFF,0xFF,0xFF,0xFF,0xFF,0xFF,0xFF,0xFF,0xFF,0xFF,0xFF,0xFF,0xFF,0xFF,0xFF,0xFF,0xFF,0xFF,0xFF,0xFF,0xFF,0xFF,0xFF,0xFF,0xFF,0xFF,0xFF,0xFF,
    0xFF,0xFF,0xFF,0xFF,0xFF,0xFF,0xFF,0xFF,0xFF,0xFF,0xFF,0xFF,0xFF,0xFF,0xFF,0xFF,0xFF,0xFF,0xFF,0xFF,0xFE,0xFF,0xE7,0x1D,0x00,0x02,0x00,0x00,0x00,0x00,0x00,0x00,
    0x00,0x00,0x00,0x00,0x00,0x03,0x00,0x64,0xFE,0xFD,0xFF,0xFF,0xFF,0xFF,0xFF,0xFF,0xFF,0xFF,0xFF,0xFF,0xFF,0xFF,0xFF,0xFF,0xFF,0xFF,0xFF,0xFF,0xFF,0xFF,0xFF,0xFF,
    0xFF,0xFF,0xFF,0xFF,0xFF,0xFF,0xFF,0xFF,0xFF,0xFF,0xFF,0xFF,0xFF,0xFF,0xFF,0xFF,0xFF,0xFF,0xFF,0xFF,0xFF,0xFF,0xFF,0xFF,0xFF,0xFF,0xFF,0xFF,0xFF,0xFF,0xFF,0xFF,
    0xFF,0xFF,0xFF,0xFF,0xFF,0xFF,0xFF,0xFF,0xFF,0xFF,0xFF,0xFF,0xFE,0xFF,0xE8,0x1D,0x00,0x01,0x00,0x00,0x00,0x00,0x00,0x00,0x00,0x00,0x00,0x00,0x00,0x03,0x00,0x5B,
    0xFF,0xFE,0xFF,0xFF,0xFF,0xFF,0xFF,0xFF,0xFF,0xFF,0xFF,0xFF,0xFF,0xFF,0xFF,0xFF,0xFF,0xFF,0xFF,0xFF,0xFF,0xFF,0xFF,0xFF,0xFF,0xFF,0xFF,0xFF,0xFF,0xFF,0xFF,0xFF,
    0xFF,0xFF,0xFF,0xFF,0xFF,0xFF,0xFF,0xFF,0xFF,0xFF,0xFF,0xFF,0xFF,0xFF,0xFF,0xFF,0xFF,0xFF,0xFF,0xFF,0xFF,0xFF,0xFF,0xFF,0xFF,0xFF,0xFF,0xFF,0xFF,0xFF,0xFF,0xFF,
    0xFF,0xFF,0xFF,0xFF,0xFE,0xFF,0xDA,0x15,0x00,0x01,0x00,0x00,0x00,0x00,0x00,0x00,0x00,0x00,0x00,0x00,0x00,0x01,0x01,0x0F,0x7E,0xFF,0xFE,0xFF,0xFF,0xFF,0xFF,0xFF,
    0xFF,0xFF,0xFF,0xFF,0xFF,0xFF,0xFF,0xFF,0xFF,0xFF,0xFF,0xFF,0xFF,0xFF,0xFF,0xFF,0xFF,0xFF,0xFF,0xFF,0xFF,0xFF,0xFF,0xFF,0xFF,0xFF,0xFF,0xFF,0xFF,0xFF,0xFF,0xFF,
    0xFF,0xFF,0xFF,0xFF,0xFF,0xFF,0xFF,0xFF,0xFF,0xFF,0xFF,0xFF,0xFF,0xFF,0xFF,0xFF,0xFF,0xFF,0xFF,0xFF,0xFF,0xFF,0xFF,0xFF,0xFF,0xFF,0xFF,0xFD,0xFF,0xDB,0x31,0x01,
    0x01,0x00,0x00,0x00,0x00,0x00,0x00,0x00,0x00,0x00,0x00,0x00,0x00,0x00,0x02,0x00,0x2F,0xFC,0xFF,0xFE,0xFF,0xFF,0xFF,0xFF,0xFF,0xFF,0xFF,0xFF,0xFF,0xFF,0xFF,0xFF,
    0xFF,0xFF,0xFF,0xFF,0xFF,0xFF,0xFF,0xFF,0xFF,0xFF,0xFF,0xFF,0xFF,0xFF,0xFF,0xFF,0xFF,0xFF,0xFF,0xFF,0xFF,0xFF,0xFF,0xFF,0xFF,0xFF,0xFF,0xFF,0xFF,0xFF,0xFF,0xFF,
    0xFF,0xFF,0xFF,0xFF,0xFF,0xFF,0xFF,0xFF,0xFF,0xFF,0xFF,0xFF,0xFF,0xFF,0xFF,0xFF,0xFF,0xFF,0xFF,0xFD,0xFF,0xCB,0x00,0x00,0x01,0x00,0x00,0x00,0x00,0x00,0x00,0x00,
    0x00,0x00,0x00,0x00,0x00,0x00,0x02,0x01,0x3C,0xFD,0xFF,0xFE,0xFF,0xFF,0xFF,0xFF,0xFF,0xFF,0xFF,0xFF,0xFF,0xFF,0xFF,0xFF,0xFF,0xFF,0xFF,0xFF,0xFF,0xFF,0xFF,0xFF,
    0xFF,0xFF,0xFF,0xFF,0xFF,0xFF,0xFF,0xFF,0xFF,0xFF,0xFF,0xFF,0xFF,0xFF,0xFF,0xFF,0xFF,0xFF,0xFF,0xFF,0xFF,0xFF,0xFF,0xFF,0xFF,0xFF,0xFF,0xFF,0xFF,0xFF,0xFF,0xFF,
    0xFF,0xFF,0xFF,0xFF,0xFF,0xFF,0xFF,0xFF,0xFF,0xFF,0xFF,0xFD,0xFF,0xCE,0x07,0x00,0x01,0x00,0x00,0x00,0x00,0x00,0x00,0x00,0x00,0x00,0x00,0x00,0x00,0x00,0x02,0x00,
    0x3B,0xFE,0xFF,0xFE,0xFF,0xFF,0xFF,0xFF,0xFF,0xFF,0xFF,0xFF,0xFF,0xFF,0xFF,0xFF,0xFF,0xFF,0xFF,0xFF,0xFF,0xFF,0xFF,0xFF,0xFF,0xFF,0xFF,0xFF,0xFF,0xFF,0xFF,0xFF,
    0xFF,0xFF,0xFF,0xFF,0xFF,0xFF,0xFF,0xFF,0xFF,0xFF,0xFF,0xFF,0xFF,0xFF,0xFF,0xFF,0xFF,0xFF,0xFF,0xFF,0xFF,0xFF,0xFF,0xFF,0xFF,0xFF,0xFF,0xFF,0xFF,0xFF,0xFF,0xFF,
    0xFF,0xFF,0xFF,0xFD,0xFF,0xCA,0x04,0x00,0x01,0x00,0x00,0x00,0x00,0x00,0x00,0x00,0x00,0x00,0x00,0x00,0x00,0x00,0x02,0x00,0x36,0xFB,0xFF,0xFE,0xFF,0xFF,0xFF,0xFF,
    0xFF,0xFF,0xFF,0xFF,0xFF,0xFF,0xFF,0xFF,0xFF,0xFF,0xFF,0xFF,0xFF,0xFF,0xFF,0xFF,0xFF,0xFF,0xFF,0xFF,0xFF,0xFF,0xFF,0xFF,0xFF,0xFF,0xFF,0xFF,0xFF,0xFF,0xFF,0xFF,
    0xFF,0xFF,0xFF,0xFF,0xFF,0xFF,0xFF,0xFF,0xFF,0xFF,0xFF,0xFF,0xFF,0xFF,0xFF,0xFF,0xFF,0xFF,0xFF,0xFF,0xFF,0xFF,0xFF,0xFF,0xFF,0xFF,0xFF,0xFC,0xFF,0xBE,0x01,0x00,
    0x01,0x00,0x00,0x00,0x00,0x00,0x00,0x00,0x00,0x00,0x00,0x00,0x00,0x00,0x02,0x00,0x33,0xF8,0xFF,0xFE,0xFF,0xFF,0xFF,0xFF,0xFF,0xFF,0xFF,0xFF,0xFF,0xFF,0xFF,0xFF,
    0xFF,0xFF,0xFF,0xFF,0xFF,0xFF,0xFF,0xFF,0xFF,0xFF,0xFF,0xFF,0xFF,0xFF,0xFF,0xFF,0xFF,0xFF,0xFF,0xFF,0xFF,0xFF,0xFF,0xFF,0xFF,0xFF,0xFF,0xFF,0xFF,0xFF,0xFF,0xFF,
    0xFF,0xFF,0xFF,0xFF,0xFF,0xFF,0xFF,0xFF,0xFF,0xFF,0xFF,0xFF,0xFF,0xFF,0xFF,0xFF,0xFF,0xFF,0xFF,0xFC,0xFF,0xAE,0x00,0x01,0x00,0x00,0x00,0x00,0x00,0x00,0x00,0x00,
    0x00,0x00,0x00,0x00,0x00,0x00,0x02,0x00,0x30,0xF5,0xFF,0xFE,0xFF,0xFF,0xFF,0xFF,0xFF,0xFF,0xFF,0xFF,0xFF,0xFF,0xFF,0xFF,0xFF,0xFF,0xFF,0xFF,0xFF,0xFF,0xFF,0xFF,
    0xFF,0xFF,0xFF,0xFF,0xFF,0xFF,0xFF,0xFF,0xFF,0xFF,0xFF,0xFF,0xFF,0xFF,0xFF,0xFF,0xFF,0xFF,0xFF,0xFF,0xFF,0xFF,0xFF,0xFF,0xFF,0xFF,0xFF,0xFF,0xFF,0xFF,0xFF,0xFF,
    0xFF,0xFF,0xFF,0xFF,0xFF,0xFF,0xFF,0xFF,0xFF,0xFF,0xFF,0xFC,0xFF,0xA1,0x00,0x02,0x00,0x00,0x00,0x00,0x00,0x00,0x00,0x00,0x00,0x00,0x00,0x00,0x00,0x00,0x02,0x00,
    0x29,0xF6,0xFF,0xFE,0xFF,0xFF,0xFF,0xFF,0xFF,0xFF,0xFF,0xFF,0xFF,0xFF,0xFF,0xFF,0xFF,0xFF,0xFF,0xFF,0xFF,0xFF,0xFF,0xFF,0xFF,0xFF,0xFF,0xFF,0xFF,0xFF,0xFF,0xFF,
    0xFF,0xFF,0xFF,0xFF,0xFF,0xFF,0xFF,0xFF,0xFF,0xFF,0xFF,0xFF,0xFF,0xFF,0xFF,0xFF,0xFF,0xFF,0xFF,0xFF,0xFF,0xFF,0xFF,0xFF,0xFF,0xFF,0xFF,0xFF,0xFF,0xFF,0xFF,0xFF,
    0xFF,0xFF,0xFF,0xFC,0xFF,0xA9,0x00,0x02,0x00,0x00,0x00,0x00,0x00,0x00,0x00,0x00,0x00,0x00,0x00,0x00,0x00,0x00,0x01,0x00,0x12,0xC4,0xFF,0xFE,0xFF,0xFF,0xFF,0xFF,
    0xFF,0xFF,0xFF,0xFF,0xFF,0xFF,0xFF,0xFF,0xFF,0xFF,0xFF,0xFF,0xFF,0xFF,0xFF,0xFF,0xFF,0xFF,0xFF,0xFF,0xFF,0xFF,0xFF,0xFF,0xFF,0xFF,0xFF,0xFF,0xFF,0xFF,0xFF,0xFF,
    0xFF,0xFF,0xFF,0xFF,0xFF,0xFF,0xFF,0xFF,0xFF,0xFF,0xFF,0xFF,0xFF,0xFF,0xFF,0xFF,0xFF,0xFF,0xFF,0xFF,0xFF,0xFF,0xFF,0xFF,0xFF,0xFF,0xFF,0xFD,0xFA,0x81,0x00,0x02,
    0x00,0x00,0x00,0x00,0x00,0x00,0x00,0x00,0x00,0x00,0x00,0x00,0x00,0x00,0x00,0x01,0x00,0x25,0xF1,0xFF,0xFE,0xFF,0xFF,0xFF,0xFF,0xFF,0xFF,0xFF,0xFF,0xFF,0xFF,0xFF,
    0xFF,0xFF,0xFF,0xFF,0xFF,0xFF,0xFF,0xFF,0xFF,0xFF,0xFF,0xFF,0xFF,0xFF,0xFF,0xFF,0xFF,0xFF,0xFF,0xFF,0xFF,0xFF,0xFF,0xFF,0xFF,0xFF,0xFF,0xFF,0xFF,0xFF,0xFF,0xFF,
    0xFF,0xFF,0xFF,0xFF,0xFF,0xFF,0xFF,0xFF,0xFF,0xFF,0xFF,0xFF,0xFF,0xFF,0xFF,0xFF,0xFF,0xFF,0xFC,0xFF,0xA3,0x05,0x01,0x00,0x00,0x00,0x00,0x00,0x00,0x00,0x00,0x00,
    0x00,0x00,0x00,0x00,0x00,0x00,0x00,0x01,0x00,0x11,0xE7,0xFE,0xFE,0xFF,0xFF,0xFF,0xFF,0xFF,0xFF,0xFF,0xFF,0xFF,0xFF,0xFF,0xFF,0xFF,0xFF,0xFF,0xFF,0xFF,0xFF,0xFF,
    0xFF,0xFF,0xFF,0xFF,0xFF,0xFF,0xFF,0xFF,0xFF,0xFF,0xFF,0xFF,0xFF,0xFF,0xFF,0xFF,0xFF,0xFF,0xFF,0xFF,0xFF,0xFF,0xFF,0xFF,0xFF,0xFF,0xFF,0xFF,0xFF,0xFF,0xFF,0xFF,
    0xFF,0xFF,0xFF,0xFF,0xFF,0xFF,0xFF,0xFF,0xFF,0xFF,0xFC,0xFE,0x90,0x00,0x02,0x00,0x00,0x00,0x00,0x00,0x00,0x00,0x00,0x00,0x00,0x00,0x00,0x00,0x00,0x00,0x00,0x01,
    0x00,0x08,0xD1,0xFF,0xFD,0xFF,0xFF,0xFF,0xFF,0xFF,0xFF,0xFF,0xFF,0xFF,0xFF,0xFF,0xFF,0xFF,0xFF,0xFF,0xFF,0xFF,0xFF,0xFF,0xFF,0xFF,0xFF,0xFF,0xFF,0xFF,0xFF,0xFF,
    0xFF,0xFF,0xFF,0xFF,0xFF,0xFF,0xFF,0xFF,0xFF,0xFF,0xFF,0xFF,0xFF,0xFF,0xFF,0xFF,0xFF,0xFF,0xFF,0xFF,0xFF,0xFF,0xFF,0xFF,0xFF,0xFF,0xFF,0xFF,0xFF,0xFF,0xFF,0xFF,
    0xFF,0xFF,0xFC,0xFF,0x83,0x00,0x03,0x00,0x00,0x00,0x00,0x00,0x00,0x00,0x00,0x00,0x00,0x00,0x00,0x00,0x00,0x00,0x00,0x00,0x02,0x00,0x4C,0xF7,0xFD,0xFE,0xFF,0xFF,
    0xFF,0xFF,0xFF,0xFF,0xFF,0xFF,0xFF,0xFF,0xFF,0xFF,0xFF,0xFF,0xFF,0xFF,0xFF,0xFF,0xFF,0xFF,0xFF,0xFF,0xFF,0xFF,0xFF,0xFF,0xFF,0xFF,0xFF,0xFF,0xFF,0xFF,0xFF,0xFF,
    0xFF,0xFF,0xFF,0xFF,0xFF,0xFF,0xFF,0xFF,0xFF,0xFF,0xFF,0xFF,0xFF,0xFF,0xFF,0xFF,0xFF,0xFF,0xFF,0xFF,0xFF,0xFF,0xFF,0xFF,0xFF,0xFD,0xFF,0xD0,0x1F,0x00,0x01,0x00,
    0x00,0x00,0x00,0x00,0x00,0x00,0x00,0x00,0x00,0x00,0x00,0x00,0x00,0x00,0x00,0x00,0x00,0x02,0x00,0x97,0xFF,0xFB,0xFF,0xFF,0xFF,0xFF,0xFF,0xFF,0xFF,0xFF,0xFF,0xFF,
    0xFF,0xFF,0xFF,0xFF,0xFF,0xFF,0xFF,0xFF,0xFF,0xFF,0xFF,0xFF,0xFF,0xFF,0xFF,0xFF,0xFF,0xFF,0xFF,0xFF,0xFF,0xFF,0xFF,0xFF,0xFF,0xFF,0xFF,0xFF,0xFF,0xFF,0xFF,0xFF,
    0xFF,0xFF,0xFF,0xFF,0xFF,0xFF,0xFF,0xFF,0xFF,0xFF,0xFF,0xFF,0xFF,0xFF,0xFF,0xFF,0xFE,0xFD,0xF8,0x49,0x00,0x02,0x00,0x00,0x00,0x00,0x00,0x00,0x00,0x00,0x00,0x00,
    0x00,0x00,0x00,0x00,0x00,0x00,0x00,0x00,0x00,0x01,0x02,0x0C,0xBA,0xFF,0xFC,0xFE,0xFF,0xFF,0xFF,0xFF,0xFF,0xFF,0xFF,0xFF,0xFF,0xFF,0xFF,0xFF,0xFF,0xFF,0xFF,0xFF,
    0xFF,0xFF,0xFF,0xFF,0xFF,0xFF,0xFF,0xFF,0xFF,0xFF,0xFF,0xFF,0xFF,0xFF,0xFF,0xFF,0xFF,0xFF,0xFF,0xFF,0xFF,0xFF,0xFF,0xFF,0xFF,0xFF,0xFF,0xFF,0xFF,0xFF,0xFF,0xFF,
    0xFF,0xFF,0xFF,0xFF,0xFF,0xFF,0xFF,0xFD,0xFD,0xFF,0x7F,0x00,0x03,0x00,0x00,0x00,0x00,0x00,0x00,0x00,0x00,0x00,0x00,0x00,0x00,0x00,0x00,0x00,0x00,0x00,0x00,0x00,
    0x00,0x00,0x01,0x00,0x13,0xB6,0xFF,0xFF,0xFD,0xFE,0xFF,0xFF,0xFF,0xFF,0xFF,0xFF,0xFF,0xFF,0xFF,0xFF,0xFF,0xFF,0xFF,0xFF,0xFF,0xFF,0xFF,0xFF,0xFF,0xFF,0xFF,0xFF,
    0xFF,0xFF,0xFF,0xFF,0xFF,0xFF,0xFF,0xFF,0xFF,0xFF,0xFF,0xFF,0xFF,0xFF,0xFF,0xFF,0xFF,0xFF,0xFF,0xFF,0xFF,0xFF,0xFF,0xFF,0xFF,0xFF,0xFF,0xFF,0xFF,0xFE,0xFD,0xFF,
    0xFF,0x80,0x06,0x01,0x01,0x00,0x00,0x00,0x00,0x00,0x00,0x00,0x00,0x00,0x00,0x00,0x00,0x00,0x00,0x00,0x00,0x00,0x00,0x00,0x00,0x00,0x00,0x01,0x00,0x09,0x6F,0xEB,
    0xFF,0xFF,0xFE,0xFD,0xFE,0xFF,0xFF,0xFF,0xFF,0xFF,0xFF,0xFF,0xFF,0xFF,0xFF,0xFF,0xFF,0xFF,0xFF,0xFF,0xFF,0xFF,0xFF,0xFF,0xFF,0xFF,0xFF,0xFF,0xFF,0xFF,0xFF,0xFF,
    0xFF,0xFF,0xFF,0xFF,0xFF,0xFF,0xFF,0xFF,0xFF,0xFF,0xFF,0xFF,0xFF,0xFF,0xFF,0xFF,0xFF,0xFE,0xFD,0xFD,0xFE,0xFF,0xFF,0xD2,0x56,0x00,0x00,0x01,0x00,0x00,0x00,0x00,
    0x00,0x00,0x00,0x00,0x00,0x00,0x00,0x00,0x00,0x00,0x00,0x00,0x00,0x00,0x00,0x00,0x00,0x00,0x00,0x00,0x01,0x00,0x00,0x26,0x84,0xEA,0xFF,0xFF,0xFF,0xFF,0xFD,0xFD,
    0xFD,0xFD,0xFD,0xFE,0xFE,0xFF,0xFF,0xFF,0xFF,0xFF,0xFF,0xFF,0xFF,0xFF,0xFF,0xFF,0xFF,0xFF,0xFF,0xFF,0xFF,0xFF,0xFF,0xFF,0xFF,0xFF,0xFF,0xFF,0xFF,0xFF,0xFF,0xFF,
    0xFF,0xFE,0xFE,0xFD,0xFD,0xFD,0xFD,0xFD,0xFD,0xFF,0xFF,0xFF,0xFF,0xE9,0x77,0x1C,0x00,0x01,0x01,0x00,0x00,0x00,0x00,0x00,0x00,0x00,0x00,0x00,0x00,0x00,0x00,0x00,
    0x00,0x00,0x00,0x00,0x00,0x00,0x00,0x00,0x00,0x00,0x00,0x00,0x00,0x01,0x03,0x00,0x08,0x36,0x77,0xCB,0xE4,0xFF,0xFF,0xFF,0xFF,0xFF,0xFF,0xFF,0xFF,0xFE,0xFD,0xFD,
    0xFD,0xFD,0xFD,0xFD,0xFE,0xFE,0xFE,0xFE,0xFE,0xFE,0xFE,0xFE,0xFE,0xFE,0xFE,0xFE,0xFE,0xFE,0xFD,0xFD,0xFD,0xFD,0xFD,0xFD,0xFD,0xFF,0xFF,0xFF,0xFF,0xFF,0xFF,0xFF,
    0xFF,0xF4,0xDF,0xC3,0x68,0x37,0x09,0x02,0x03,0x00,0x00,0x00,0x00,0x00,0x00,0x00,0x00,0x00,0x00,0x00,0x00,0x00,0x00,0x00,0x00,0x00,0x00,0x00,0x00,0x00,0x00,0x00,
    0x00,0x00,0x00,0x00,0x00,0x00,0x00,0x03,0x0A,0x10,0x1A,0x2E,0x47,0x80,0x9F,0xA4,0xAA,0xAE,0xB1,0xB1,0xC7,0xFF,0xFF,0xFF,0xFF,0xFF,0xFF,0xFF,0xFF,0xFF,0xFF,0xFF,
    0xFF,0xFF,0xFF,0xFF,0xFF,0xFF,0xFF,0xFF,0xFF,0xFF,0xFF,0xFF,0xFF,0xFF,0xFF,0xFF,0xFF,0xF5,0xB5,0xAD,0xAC,0xA7,0xA4,0x9B,0x92,0x60,0x39,0x27,0x14,0x0D,0x09,0x02,
    0x00,0x00,0x00,0x00,0x00,0x00,0x00,0x00,0x00,0x00,0x00,0x00,0x00,0x00,0x00,0x00,0x00,0x00,0x00,0x00,0x00,0x00,0x00,0x00,0x00,0x00,0x00,0x00,0x00,0x00,0x00,0x00,
    0x03,0x0D,0x18,0x23,0x2E,0x33,0x3C,0x46,0x4E,0x56,0x5E,0x63,0x71,0xBA,0xCA,0xC8,0xC7,0xC8,0xCA,0xCA,0xCC,0xCD,0xCF,0xD0,0xD0,0xD2,0xD2,0xD2,0xD2,0xD1,0xD0,0xCE,
    0xCD,0xCC,0xCB,0xCB,0xCA,0xC9,0xC7,0xC4,0xC6,0xA2,0x5F,0x59,0x51,0x4A,0x42,0x39,0x30,0x2B,0x23,0x1A,0x11,0x08,0x02,0x00,0x00,0x00,0x00,0x00,0x00,0x00,0x00,0x00,
    0x00,0x00,0x00,0x00,0x00,0x00,0x00,0x00,0x00,0x00,0x00,0x00,0x00,0x00,0x00,0x00,0x00,0x00,0x00,0x00,0x00,0x00,0x00,0x00,0x01,0x05,0x0C,0x16,0x20,0x2B,0x36,0x3F,
    0x48,0x51,0x58,0x60,0x64,0x63,0x66,0x6B,0x70,0x74,0x76,0x79,0x7C,0x7E,0x7F,0x81,0x82,0x83,0x83,0x83,0x83,0x82,0x81,0x7F,0x7D,0x7A,0x78,0x74,0x71,0x6D,0x68,0x63,
    0x5E,0x5A,0x5A,0x56,0x4F,0x48,0x40,0x37,0x2E,0x23,0x16,0x0C,0x05,0x01,0x00,0x00,0x00,0x00,0x00,0x00,0x00,0x00,0x00,0x00,0x00,0x00,0x00,0x00,0x00,0x00,0x00,0x00,
    0x00,0x00,0x00,0x00,0x00,0x00,0x00,0x00,0x00,0x00,0x00,0x00,0x00,0x00,0x00,0x00,0x00,0x01,0x05,0x0B,0x13,0x1C,0x25,0x2F,0x39,0x41,0x49,0x50,0x56,0x5C,0x5F,0x64,
    0x68,0x6C,0x70,0x72,0x74,0x76,0x78,0x79,0x7A,0x7B,0x7B,0x7B,0x7B,0x7A,0x79,0x77,0x76,0x73,0x70,0x6D,0x69,0x66,0x62,0x5E,0x5A,0x53,0x4B,0x47,0x41,0x39,0x30,0x26,
    0x1D,0x13,0x0A,0x04,0x01,0x00,0x00,0x00,0x00,0x00,0x00,0x00,0x00,0x00,0x00,0x00,0x00,0x00,0x00,0x00,0x00,0x00,0x00,0x00,0x00,0x00,0x00,0x00,0x00,0x00,0x00,0x00,
    0x00,0x00,0x00,0x00,0x00,0x00,0x00,0x00,0x00,0x00,0x01,0x04,0x09,0x0F,0x17,0x20,0x29,0x32,0x39,0x41,0x47,0x4B,0x50,0x54,0x58,0x5C,0x60,0x62,0x64,0x66,0x67,0x69,
    0x6A,0x6B,0x6B,0x6B,0x6A,0x6A,0x69,0x67,0x65,0x63,0x61,0x5D,0x5A,0x56,0x52,0x4E,0x49,0x43,0x3D,0x38,0x31,0x29,0x21,0x19,0x11,0x09,0x03,0x00,0x00,0x00,0x00,0x00,
    0x00,0x00,0x00,0x00,0x00,0x00,0x00,0x00,0x00,0x00,0x00,0x00,0x00,0x00,0x00,0x00,0x00,0x00,0x00,0x00,0x00,0x00,0x00,0x00,0x00,0x00,0x00,0x00,0x00,0x00,0x00,0x00,
    0x00,0x00,0x00,0x00,0x02,0x05,0x0A,0x12,0x1A,0x22,0x29,0x30,0x36,0x3B,0x41,0x45,0x4A,0x4E,0x51,0x53,0x55,0x57,0x58,0x59,0x5A,0x5B,0x5B,0x5B,0x5A,0x5A,0x59,0x57,
    0x56,0x53,0x51,0x4D,0x4A,0x46,0x42,0x3D,0x37,0x31,0x2C,0x27,0x20,0x19,0x13,0x0C,0x06,0x02,0x00,0x00,0x00,0x00,0x00,0x00,0x00,0x00,0x00,0x00,0x00,0x00,0x00,0x00,
    0x00,0x00,0x00,0x00,0x00,0x00,0x00,0x00,0x00,0x00,0x00,0x00,0x00,0x00,0x00,0x00,0x00,0x00,0x00,0x00,0x00,0x00,0x00,0x00,0x00,0x00,0x00,0x00,0x00,0x01,0x03,0x07,
    0x0C,0x12,0x19,0x1F,0x25,0x2A,0x2F,0x35,0x39,0x3D,0x40,0x43,0x45,0x47,0x49,0x4A,0x4A,0x4B,0x4B,0x4B,0x4A,0x4A,0x49,0x47,0x45,0x43,0x40,0x3C,0x39,0x35,0x30,0x2B,
    0x26,0x21,0x1C,0x17,0x10,0x0B,0x06,0x03,0x01,0x00,0x00,0x00,0x00,0x00,0x00,0x00,0x00,0x00,0x00,0x00,0x00,0x00,0x00,0x00,0x00,0x00,0x00,0x00,0x00,0x00,0x00,0x00,
    0x00,0x00,0x00,0x00,0x00,0x00,0x00,0x00,0x00,0x00,0x00,0x00,0x00,0x00,0x00,0x00,0x00,0x00,0x00,0x00,0x00,0x00,0x00,0x01,0x03,0x06,0x0B,0x0F,0x15,0x1A,0x1E,0x23,
    0x27,0x2B,0x2D,0x30,0x32,0x34,0x36,0x36,0x37,0x37,0x37,0x37,0x36,0x35,0x35,0x33,0x31,0x2E,0x2C,0x29,0x25,0x21,0x1D,0x19,0x15,0x11,0x0D,0x08,0x05,0x02,0x01,0x00,
    0x00,0x00,0x00,0x00,0x00,0x00,0x00,0x00,0x00,0x00,0x00,0x00,0x00,0x00,0x00,0x00,0x00,0x00,0x00,0x00,0x00,0x00,0x00,0x00,0x00,0x00,0x00,0x00,0x00,0x00,0x00,0x00,
    0x00,0x00,0x00,0x00,0x00,0x00,0x00,0x00,0x00,0x00,0x00,0x00,0x00,0x00,0x00,0x00,0x00,0x01,0x02,0x04,0x07,0x0A,0x0E,0x12,0x15,0x18,0x1A,0x1D,0x1E,0x20,0x21,0x22,
    0x23,0x23,0x22,0x22,0x21,0x20,0x1F,0x1D,0x1C,0x19,0x17,0x14,0x11,0x0E,0x0B,0x08,0x06,0x04,0x03,0x01,0x01,0x00,0x00,0x00,0x00,0x00,0x00,0x00,0x00,0x00,0x00,0x00,
    0x00,0x00,0x00,0x00,0x00,0x00,0x00,0x00,0x00,0x00,0x00,0x00,0x00,0x00,0x00,0x00,0x00,0x00,0x00,0x00,0x00,0x00,0x00,0x00,0x00,0x00,0x00,0x00,0x00,0x00,0x00,0x00,
    0x00,0x00,0x00,0x00,0x00,0x00,0x00,0x00,0x00,0x00,0x00,0x00,0x01,0x02,0x03,0x06,0x07,0x0A,0x0B,0x0C,0x0D,0x0E,0x0F,0x10,0x10,0x10,0x10,0x0F,0x0F,0x0D,0x0C,0x0B,
    0x0A,0x09,0x07,0x06,0x04,0x02,0x02,0x01,0x00,0x00,0x00,0x00,0x00,0x00,0x00,0x00,0x00,0x00,0x00,0x00,0x00,0x00,0x00,0x00,0x00,0x00,0x00,0x00,0x00,0x00,0x00,0x00,
    0x00,0x00,0x00,0x00,0x00,0x00,0x00,0x00,0x00,0x00,0x00,0x00,0x00,0x00,0x00,0x00,0x00,0x00,0x00,0x00,0x00,0x00,0x00,0x00,0x00,0x00,0x00,0x00,0x00,0x00,0x00,0x00,
    0x00,0x00,0x00,0x00,0x00,0x00,0x00,0x00,0x01,0x01,0x01,0x02,0x02,0x03,0x03,0x03,0x03,0x03,0x03,0x03,0x02,0x02,0x02,0x01,0x01,0x01,0x01,0x00,0x00,0x00,0x00,0x00,
    0x00,0x00,0x00,0x00,0x00,0x00,0x00,0x00,0x00,0x00,0x00,0x00,0x00,0x00,0x00,0x00,0x00,0x00,0x00,0x00,0x00,0x00,0x00,0x00,0x00,0x00,0x00,0x00,0x00,0x00,0x00,0x00,
    0x00,0x00,0x00,0x00,0x00,0x00,0x00,0x00,0x00,0x00,0x00,0x00,0x00,0x00,0x00,0x00,0x00,0x00,0x00,0x00,0x00,0x00,0x00,0x00,0x00,0x00,0x00,0x00,0x00,0x00,0x00,0x00,
    0x00,0x00,0x00,0x00,0x00,0x00,0x00,0x00,0x00,0x00,0x00,0x00,0x00,0x00,0x00,0x00,0x00,0x00,0x00,0x00,0x00,0x00,0x00,0x00,0x00,0x00,0x00,0x00,0x00,0x00,0x00,0x00,
    0x00,0x00,0x00,0x00,0x00,0x00,0x00,0x00,0x00,0x00,0x00,0x00,0x00,0x00,0x00,0x00,0x00,0x00,0x00,0x00,0x00,0x00,0x00,0x00,0x00,0x00,0x00,0x00,0x00,0x00,0x00,0x00,
    0x00,0x00,0x00,0x00,0x00,0x00,0x00,0x00,0x00,0x00,0x00,0x00,0x00,0x00,0x00,0x00,0x00,0x00,0x00,0x00,0x00,0x00,0x00,0x00,0x00,0x00,0x00,0x00,0x00,0x00,0x00,0x00,
    0x00,0x00,0x00,0x00,0x00,0x00,0x00,0x00,0x00,0x00,0x00,0x00,0x00,0x00,0x00,0x00,0x00,0x00,0x00,0x00,0x00,0x00,0x00,0x00,0x00,0x00,0x00,0x00,0x00,0x00,0x00,0x00,
    0x00,0x00,0x00,0x00,0x00,0x00,0x00,0x00,0x00,0x00,0x00,0x00,0x00,0x00,0x00,0x00
};

const lv_image_dsc_t key_icon_car = {
    .header = {
        .magic = LV_IMAGE_HEADER_MAGIC,
        .cf = LV_COLOR_FORMAT_RGB565A8,
        .flags = 0,
        .w = 88,
        .h = 150,
        .stride = 176,
        .reserved_2 = 0,
    },
    .data_size = sizeof(key_icon_car_map),
    .data = key_icon_car_map,
    .reserved = NULL,
};
